lead_id,name,email,phone,company,industry,company_size,job_title,location,lead_source,campaign,product_interest,budget_range,website_visits,page_views,pricing_page_visits,demo_requested,email_opens,form_completions,content_downloads,previous_interactions,response_time_hours,num_calls,num_meetings,created_date,last_activity_date,status,sales_notes,converted
L00681,Manoj Reddy,manoj.reddy681@novaventures.com,+91-9480607829,Nova Ventures,Manufacturing,100.0,Marketing Manager,Delhi,Social,,Starter Plan,50k-1L,3.0,7.0,0.0,N,1.0,2.0,1.0,0.0,0.9,1.0,1.0,2026-04-08,2026-05-29,Converted,"Client signed the contract, deal won!",1
L01103,Sanjay Joshi,sanjay.joshi1103@summitlabs.com,+91-9342387880,Summit Labs,Retail,1000.0,Business Analyst,Mumbai,SEO,,Enterprise Plan,<10k,8.0,12.0,2.0,no,3.0,2.0,0.0,5.0,16.5,5.0,1.0,2024-05-06,2024-06-21,Converted,"Client signed the contract, deal won!",1
L00395,Sneha Rao,sneha.rao395@abcsoftware.com,+91-9273430888,ABC Software,Finance,10.0,IT Manager,Mumbai,Website,,Enterprise Plan,n/a,4.0,5.0,1.0,yes,0.0,2.0,1.0,1.0,0.7,2.0,1.0,2025-06-09,2025-07-01,Contacted,,
L00931,Kavya Iyer,,+91-9979278884,Alpha Technologies,Manufacturing,5.0,CEO,Chennai,organic search,,Enterprise Plan,NA,3.0,3.0,0.0,no,2.0,1.0,0.0,3.0,8.3,2.0,0.0,2024-05-25,2024-06-23,Lost,"Budget cut, deal lost.",0
L00498,Kavya Sharma,kavya.sharma498@novaglobal.com,+91-9137006328,Nova Global,Finance,25.0,Sales Manager,Ahmedabad,Paid Ads,CMP-243,Growth Plan,10k-50k,2.0,7.0,1.0,Yes,2.0,1.0,1.0,0.0,10.5,3.0,2.0,2024-02-20,2024-03-12,Converted,"Great call, moving to won.",1
L00463,Amit Rao,amit.rao463@novatechnolo.com,,Nova Technologies,Media,25.0,Founder,Ahmedabad,Referral,,Add-on Module,1L-5L,5.0,6.0,2.0,No,2.0,2.0,3.0,2.0,0.5,3.0,1.0,2025-04-12,2025-06-14,Converted,"Client signed the contract, deal won!",1
L00951,Karan Verma,karan.verma951@nimbusventur.com,+91-9254145147,Nimbus Ventures,SaaS,1000.0,Director,Remote,paid ads,CMP-768,Starter Plan,10k-50k,5.0,8.0,3.0,yes,3.0,1.0,3.0,5.0,7.9,3.0,1.0,2026-05-16,2026-06-20,Lost,"No response, closing as lost.",0
L00082,Rohan Gupta,rohan.gupta82@abcenterpris.com,+91-9195749814,ABC Enterprises,Education,500.0,VP Sales,Chennai,Organic,,Enterprise Plan,<10k,1.0,2.0,0.0,No,3.0,2.0,0.0,1.0,1.4,1.0,2.0,2024-09-27,2024-09-27,Converted,Deal closed successfully.,1
L00044,Arjun Joshi,arjun.joshi44@novaglobal.com,+91-9972512724,Nova Global,Retail,100.0,Procurement Head,Kolkata,FB/Insta,,Growth Plan,50k-1L,3.0,6.0,2.0,N,0.0,2.0,4.0,3.0,4.3,1.0,2.0,2025-10-17,2025-11-15,Converted,"Great call, moving to won.",1
L00129,Meera Mehta,meera.mehta129@summitsoftwa.com,+91-9902835563,Summit Software,SaaS,25.0,VP Sales,Hyderabad,organic search,,Enterprise Plan,10k-50k,5.0,6.0,2.0,No,5.0,1.0,2.0,4.0,30.9,1.0,0.0,2024-12-13,2025-01-16,Lost,"Lead went cold, marking lost.",0
L01171,Rohan Iyer,rohan.iyer1171@bluesystems.com,+91-9745020972,Blue Systems,Media,250.0,CEO,Jaipur,Website,,Starter Plan,10000-50000,6.0,8.0,1.0,no,2.0,1.0,2.0,1.0,4.2,2.0,2.0,2024-10-09,2024-11-12,Converted,Deal closed successfully.,1
L00744,Priya Singh,priya.singh744@xyztechnolog.com,+91-9156090940,XYZ Technologies,Finance,500.0,Marketing Manager,Delhi,Referal,,Growth Plan,<10k,4.0,7.0,0.0,No,1.0,1.0,1.0,3.0,26.3,1.0,0.0,2024-09-07,2024-12-22,Lost,"Budget cut, deal lost.",0
L00514,Arjun Rao,arjun.rao514@alphaindustr.com,+91-9925095465,Alpha Industries,Finance,50.0,IT Manager,Ahmedabad,Paid Ads,CMP-909,Enterprise Plan,<10k,4.0,13.0,1.0,Y,1.0,1.0,0.0,2.0,0.6,1.0,0.0,2026-03-15,2026-03-15,Converted,"Client signed the contract, deal won!",1
L00462,Pooja Singh,pooja.singh462@summitindust.com,+91-9724430172,Summit Industries,Logistics,-10.0,IT Manager,Mumbai,email campaign,CMP-915,Growth Plan,50k-1L,4.0,6.0,3.0,no,2.0,1.0,1.0,0.0,,4.0,0.0,2026-04-13,2026-06-06,Lost,"No response, closing as lost.",0
L01168,Anjali Kulkarni,anjali.kulkarni1168@primenetwork.com,+91-9835610762,Prime Networks,Healthcare,1000.0,Business Analyst,Mumbai,web site,,Add-on Module,<10k,7.0,11.0,1.0,No,2.0,2.0,1.0,0.0,,4.0,0.0,2025-12-12,2026-03-16,Qualified,Waiting on demo.,
L09014,Amit Reddy,AMIT.REDDY709@ABCLABS.COM,+91-9714021708,ABC Labs,SaaS,1000.0,Business Analyst,Delhi,Organic Search,,Starter Plan,10k-50k,3.0,6.0,1.0,,2.0,1.0,1.0,1.0,0.2,1.0,1.0,2024-04-09,2024-05-09,Lost,"No response, closing as lost.",0
L01051,Amit Kapoor,,+91-9887422455,Vertex Labs,Finance,10.0,VP Sales,Remote,referral,,Enterprise Plan,1L-5L,-3.0,-1.0,0.0,No,2.0,2.0,4.0,1.0,2.4,1.0,1.0,2025-09-19,2025-09-27,Converted,"Client signed the contract, deal won!",1
L00946,Vikram Rao,vikram.rao946@vertexventur.com,+91-9453163875,Vertex Ventures,Logistics,50.0,CEO,Delhi,Google Ads,CMP-377,Starter Plan,10k-50k,3.0,6.0,2.0,No,1.0,0.0,0.0,3.0,0.5,0.0,0.0,2024-08-12,2024-11-28,Converted,Deal closed successfully.,1
L01044,Sanjay Mehta,,,ABC Global,Manufacturing,5.0,VP Sales,Chennai,email campaign,CMP-376,Growth Plan,n/a,2.0,3.0,0.0,Y,2.0,2.0,1.0,3.0,9.1,0.0,0.0,2024-06-21,2024-07-15,Converted,"Client signed the contract, deal won!",1
L01140,Rahul Kapoor,rahul.kapoor1140@vertexlabs.com,+91-9959458132,Vertex Labs,Education,25.0,VP Sales,Hyderabad,organic search,,Enterprise Plan,1L-5L,3.0,7.0,0.0,No,2.0,1.0,1.0,2.0,23.6,1.0,0.0,2025-11-12,2025-10-13,Lost,"Lead went cold, marking lost.",0
L00210,Amit Gupta,amit.gupta210@blueglobal.com,,Blue Global,Finance,10.0,Business Analyst,Mumbai,email campaign,CMP-798,Starter Plan,1L-5L,4.0,6.0,1.0,No,3.0,1.0,0.0,0.0,,1.0,1.0,2024-03-31,2024-04-17,Lost,"Lead went cold, marking lost.",0
L00943,Rajesh Kulkarni,rajesh.kulkarni943@primeglobal.com,+91-9360622664,Prime Global,Logistics,500.0,Marketing Manager,Pune,Website,,Add-on Module,10k-50k,3.0,5.0,1.0,No,1.0,1.0,4.0,0.0,,0.0,1.0,2026-05-12,2026-08-03,Converted,Deal closed successfully.,1
L01119,Rahul Reddy,rahul.reddy1119@abcsolutions.com,+91-9287350671,ABC Solutions,SaaS,5.0,VP Sales,Remote,PPC,CMP-153,Enterprise Plan,1L-5L,6.0,9.0,2.0,No,2.0,1.0,0.0,1.0,29.4,1.0,1.0,2025-11-01,2026-01-14,New,Follow-up scheduled.,
L00779,Karan Reddy,,+91-9213789180,Orbit Labs,Media,100.0,CEO,Pune,FB/Insta,,Add-on Module,10k-50k,4.0,10.0,0.0,No,1.0,2.0,0.0,2.0,2.8,3.0,1.0,2025-11-17,2026-02-03,Converted,Deal closed successfully.,1
L00271,Pooja Reddy,pooja.reddy271@nimbusventur.com,+91-9684111972,Nimbus Ventures,Finance,50.0,IT Manager,Mumbai,referral,,Growth Plan,10000-50000,5.0,10.0,0.0,Yes,3.0,2.0,1.0,0.0,22.2,2.0,0.0,2025-03-21,2025-05-20,Converted,"Great call, moving to won.",1
L00619,Rajesh Iyer,rajesh.iyer619@abcsystems.com,+91-9644067307,ABC Systems,Logistics,500.0,Business Analyst,Mumbai,Paid Ads,CMP-391,Starter Plan,<10k,6.0,11.0,1.0,no,3.0,1.0,0.0,3.0,19.6,3.0,2.0,2024-06-11,2024-07-28,New,Sent pricing info.,
L00244,Rahul Gupta,,+91-9439649174,Vertex Systems,Media,50.0,Procurement Head,Kolkata,website,,Growth Plan,10k-50k,6.0,8.0,1.0,Yes,0.0,2.0,2.0,3.0,11.4,2.0,4.0,2024-05-06,2024-07-17,Converted,"Client signed the contract, deal won!",1
L00629,Anjali Singh,,+91-9307961170,XYZ Networks,Finance,25.0,Business Analyst,Remote,Ads,CMP-661,Growth Plan,10k-50k,2.0,6.0,1.0,No,1.0,1.0,1.0,2.0,,3.0,0.0,2024-11-04,2025-02-08,Lost,"Budget cut, deal lost.",0
L00340,Sanjay Kapoor,sanjay.kapoor340@vertexsoftwa.com,+91-9425525250,Vertex Software,SaaS,50.0,Marketing Manager,Hyderabad,Ads,CMP-964,Growth Plan,NA,5.0,6.0,1.0,No,2.0,0.0,1.0,3.0,0.8,2.0,1.0,2024-10-21,2024-12-27,Lost,"Lead went cold, marking lost.",0
L01067,Rahul Das,,+91-9963747558,Nova Labs,Media,50.0,CEO,Ahmedabad,Referral,,Growth Plan,10k-50k,2.0,2.0,0.0,yes,4.0,2.0,2.0,0.0,6.0,2.0,0.0,2025-01-21,2025-01-30,Contacted,Waiting on demo.,
L00709,Amit Reddy,amit.reddy709@abclabs.com,+91-9714021708,ABC Labs,SaaS,1000.0,Business Analyst,Delhi,Organic Search,,Starter Plan,10k-50k,3.0,6.0,1.0,,2.0,1.0,1.0,1.0,0.2,1.0,1.0,2024-04-06,2024-05-09,Lost,"No response, closing as lost.",0
L00877,Kavya Kapoor,kavya.kapoor877@xyzsolutions.com,+91-9302589233,XYZ Solutions,Logistics,500.0,Founder,Pune,paid ads,CMP-637,Starter Plan,10k-50k,3.0,7.0,2.0,,4.0,0.0,3.0,2.0,24.1,3.0,0.0,2026-07-16,2026-09-16,Converted,"Client signed the contract, deal won!",1
L00651,Sanjay Das,sanjay.das651@alphaenterpr.com,+91-9939621317,Alpha Enterprises,Real Estate,0.0,CEO,Ahmedabad,Referal,,Add-on Module,10000-50000,5.0,8.0,1.0,no,2.0,1.0,1.0,2.0,10.0,4.0,1.0,2025-03-06,2025-05-13,Converted,"Client signed the contract, deal won!",1
L00171,Sanjay Joshi,sanjay.joshi171@blueenterpri.com,+91-9839072626,Blue Enterprises,Media,100.0,Founder,Bangalore,SEO,,Add-on Module,10k-50k,2.0,6.0,0.0,Yes,2.0,0.0,0.0,2.0,5.4,1.0,2.0,2024-04-27,2024-05-11,Converted,"Great call, moving to won.",1
L00895,Amit Iyer,amit.iyer895@zenithsoftwa.com,+91-9224414612,Zenith Software,SaaS,100.0,CEO,Ahmedabad,SEO,,Growth Plan,<10k,4.0,7.0,1.0,No,2.0,1.0,1.0,1.0,4.1,2.0,0.0,2025-03-10,2025-05-26,Lost,"Lead went cold, marking lost.",0
L01148,Ritu Sharma,ritu.sharma1148@vertexlabs.com,,Vertex Labs,Media,25.0,VP Sales,Bangalore,organic search,,Enterprise Plan,<10k,6.0,8.0,3.0,Yes,2.0,1.0,0.0,0.0,11.2,1.0,1.0,2026-04-16,2026-08-04,New,,
L00425,Amit Kapoor,amit.kapoor425@summitenterp.com,+91-9612876968,Summit Enterprises,SaaS,250.0,Operations Manager,Remote,organic search,,Add-on Module,50k-1L,6.0,9.0,1.0,No,3.0,1.0,2.0,1.0,57.7,1.0,1.0,2024-08-22,2024-11-20,New,Follow-up scheduled.,
L00763,Amit Reddy,amit.reddy763@zenithsoftwa.com,+91-9515558447,Zenith Software,Finance,5.0,Director,Pune,Paid Ads,CMP-795,Starter Plan,50k-1L,3.0,5.0,0.0,Yes,3.0,1.0,1.0,2.0,5.4,1.0,0.0,2024-05-23,2024-06-12,Demo Scheduled,Follow-up scheduled.,
L00175,Rahul Iyer,rahul.iyer175@orbitenterpr.com,+91-9281400334,Orbit Enterprises,Finance,100.0,Business Analyst,Hyderabad,social media,,Enterprise Plan,50k-1L,7.0,11.0,1.0,No,0.0,2.0,2.0,0.0,,0.0,2.0,2026-03-21,2026-06-06,Lost,"Budget cut, deal lost.",0
L00814,Ritu Sharma,,+91-9410283669,Vertex Labs,Education,500.0,CEO,Bangalore,Paid Ads,CMP-764,Add-on Module,n/a,8.0,14.0,2.0,No,3.0,3.0,0.0,1.0,6.1,0.0,1.0,2026-07-06,2026-09-20,Proposal,Sent pricing info.,
L00410,Divya Gupta,divya.gupta410@alphasoftwar.com,+91-9830950790,Alpha Software,Finance,500.0,Procurement Head,Ahmedabad,Organic,,Enterprise Plan,10k-50k,3.0,5.0,1.0,Yes,1.0,1.0,1.0,3.0,,2.0,1.0,2025-11-07,2026-02-02,Converted,Deal closed successfully.,1
L00965,Ritu Singh,,+91-9392822770,ABC Global,Logistics,500.0,CEO,Jaipur,FB/Insta,,Add-on Module,<10k,5.0,8.0,2.0,Yes,2.0,1.0,0.0,1.0,14.4,0.0,0.0,2026-05-18,2026-07-19,Contacted,Waiting on demo.,
L01157,Meera Mehta,,+91-9443307215,XYZ Networks,Finance,100.0,Marketing Manager,Bangalore,email campaign,CMP-198,Starter Plan,n/a,8.0,9.0,3.0,No,1.0,1.0,0.0,0.0,23.7,1.0,1.0,2025-09-14,2025-11-24,Converted,"Client signed the contract, deal won!",1
L00523,Meera Rao,meera.rao523@xyzindustrie.com,+91-9153560396,XYZ Industries,SaaS,100.0,Operations Manager,Kolkata,Social Media,,Enterprise Plan,1L-5L,2.0,4.0,0.0,yes,0.0,1.0,1.0,1.0,8.5,5.0,0.0,2024-11-16,2024-11-17,Contacted,Waiting on demo.,
L00428,Sanjay Mehta,,,XYZ Technologies,Healthcare,1000.0,Business Analyst,Delhi,Organic Search,,Growth Plan,,-3.0,-1.0,0.0,No,1.0,2.0,0.0,3.0,10.8,2.0,1.0,2024-08-05,2024-09-19,Converted,"Client signed the contract, deal won!",1
L00436,Ritu Rao,ritu.rao436@alphaglobal.com,+91-9183826434,Alpha Global,Retail,250.0,Procurement Head,Delhi,Email,CMP-632,Growth Plan,10000-50000,3.0,5.0,1.0,No,4.0,2.0,0.0,4.0,0.5,2.0,0.0,2024-02-04,2024-03-15,Converted,"Great call, moving to won.",1
L00623,Neha Mehta,neha.mehta623@zenithtechno.com,+91-9465871169,Zenith Technologies,Logistics,50.0,Operations Manager,Chennai,PPC,CMP-285,Growth Plan,10k-50k,1.0,3.0,0.0,No,2.0,2.0,2.0,1.0,37.1,3.0,0.0,2025-03-09,2025-06-27,Lost,"Lead went cold, marking lost.",0
L00810,Priya Iyer,priya.iyer810@nimbusenterp.com,,Nimbus Enterprises,Real Estate,100.0,Director,Ahmedabad,organic search,,Enterprise Plan,10k-50k,5.0,8.0,1.0,yes,0.0,2.0,0.0,2.0,38.0,2.0,0.0,2024-06-15,2024-07-16,Lost,"Budget cut, deal lost.",0
L00425,Amit Kapoor,amit.kapoor425@summitenterp.com,+91-9612876968,Summit Enterprises,SaaS,250.0,Operations Manager,Remote,organic search,,Add-on Module,50k-1L,6.0,9.0,1.0,No,3.0,1.0,2.0,1.0,57.7,1.0,1.0,2024-08-22,2024-11-20,New,Follow-up scheduled.,
L01179,Rahul Das,rahul.das1179@alphasoftwar.com,+91-9504309160,Alpha Software,,50.0,Director,Bangalore,Organic Search,,Starter Plan,n/a,2.0,3.0,1.0,No,2.0,3.0,1.0,3.0,1.2,4.0,1.0,2024-06-30,2024-07-03,Proposal,,
L00761,Amit Verma,amit.verma761@brightlabs.com,+91-9374355713,Bright Labs,SaaS,250.0,Director,Bangalore,Organic,,Growth Plan,10k-50k,2.0,5.0,0.0,No,0.0,2.0,1.0,2.0,2.7,0.0,2.0,2024-09-18,2024-10-06,Converted,"Great call, moving to won.",1
L00746,Vikram Rao,,+91-9662327716,Nimbus Labs,,1000.0,VP Sales,Bangalore,Ads,CMP-833,Growth Plan,<10k,4.0,7.0,2.0,No,1.0,1.0,0.0,2.0,15.7,2.0,1.0,2024-01-23,2024-01-27,Converted,"Great call, moving to won.",1
L01150,Priya Kapoor,priya.kapoor1150@primeglobal.com,+91-9410183600,Prime Global,Real Estate,50.0,Business Analyst,Jaipur,Social,,Enterprise Plan,n/a,1.0,3.0,1.0,Y,2.0,2.0,0.0,1.0,5.2,3.0,0.0,2026-01-22,2026-03-12,Lost,"Budget cut, deal lost.",0
L00050,Sanjay Singh,sanjay.singh50@orbitventure.com,+91-9787598343,Orbit Ventures,Education,1000.0,Operations Manager,Jaipur,Organic,,Add-on Module,5L+,5.0,6.0,2.0,yes,0.0,1.0,0.0,1.0,19.7,0.0,0.0,2024-06-05,2024-06-22,Converted,Deal closed successfully.,1
L00571,Ritu Iyer,ritu.iyer571@brightsoluti.com,+91-9828385341,Bright Solutions,E-commerce,10.0,VP Sales,Ahmedabad,Social Media,,Growth Plan,10k-50k,1.0,2.0,0.0,No,4.0,0.0,0.0,6.0,0.5,3.0,1.0,2025-05-07,2025-06-08,Converted,"Client signed the contract, deal won!",1
L00297,Rajesh Patel,rajesh.patel297@abcindustrie.com,+91-9445496044,ABC Industries,Healthcare,500.0,Procurement Head,Delhi,referral,,Starter Plan,10k-50k,4.0,9.0,2.0,Yes,4.0,2.0,1.0,2.0,1.7,2.0,1.0,2026-07-10,2026-06-10,Converted,"Great call, moving to won.",1
L00576,Arjun Kulkarni,arjun.kulkarni576@primesolutio.com,+91-9587683756,Prime Solutions,Manufacturing,250.0,IT Manager,Mumbai,Email,CMP-378,Add-on Module,unknown,5.0,10.0,1.0,No,4.0,0.0,0.0,4.0,1.3,0.0,0.0,2026-03-07,2026-04-29,Lost,"Lead went cold, marking lost.",0
L00414,Sanjay Kapoor,sanjay.kapoor414@primesoftwar.com,+91-9870180477,Prime Software,Finance,1000.0,Sales Manager,Chennai,referral,,Enterprise Plan,10000-50000,4.0,6.0,1.0,Yes,2.0,2.0,4.0,2.0,8.2,1.0,1.0,2026-07-06,2026-09-17,Converted,Deal closed successfully.,1
L00995,Isha Singh,isha.singh995@nimbusnetwor.com,+91-9800759625,Nimbus Networks,Logistics,100.0,Founder,Delhi,WEBSITE,,Enterprise Plan,5L+,5.0,5.0,2.0,Yes,2.0,1.0,1.0,1.0,2.9,1.0,0.0,2024-10-28,2024-11-29,Converted,"Client signed the contract, deal won!",1
L00364,Rohan Joshi,rohan.joshi364@alphasoftwar.com,+91-9388174755,Alpha Software,Media,0.0,IT Manager,Chennai,social media,,Add-on Module,10k-50k,5.0,8.0,3.0,Yes,2.0,2.0,1.0,4.0,1.0,1.0,0.0,2025-09-20,2025-12-01,Converted,Deal closed successfully.,1
L00968,Manoj Singh,manoj.singh968@primeindustr.com,+91-9988647562,Prime Industries,Manufacturing,100.0,Sales Manager,Delhi,email campaign,CMP-467,Enterprise Plan,1L-5L,2.0,5.0,0.0,yes,1.0,1.0,1.0,3.0,,0.0,0.0,2024-05-03,2024-08-25,Proposal,Follow-up scheduled.,
L00079,Rahul Joshi,rahul.joshi79@summitnetwor.com,+91-9614328548,Summit Networks,Finance,5.0,Procurement Head,Pune,website,,Add-on Module,n/a,2.0,6.0,2.0,No,2.0,1.0,1.0,5.0,15.0,3.0,1.0,2024-01-30,2024-02-01,Proposal,Sent pricing info.,
L00064,Kavya Iyer,kavya.iyer64@primeventure.com,+91-9678850788,Prime Ventures,Finance,5.0,Director,Kolkata,FB/Insta,,Starter Plan,50k-1L,4.0,7.0,0.0,Yes,2.0,0.0,1.0,3.0,1.3,4.0,2.0,2025-07-01,2025-10-11,Converted,Deal closed successfully.,1
L00439,Sanjay Sharma,sanjay.sharma439@novasoftware.com,+91-9534648294,Nova Software,Education,25.0,CEO,Mumbai,Referral,,Add-on Module,10000-50000,6.0,8.0,1.0,No,1.0,1.0,0.0,1.0,2.3,1.0,1.0,2026-01-03,2026-05-01,Converted,"Client signed the contract, deal won!",1
L00561,Pooja Verma,pooja.verma561@abcnetworks.com,+91-9687353835,ABC Networks,,10.0,Sales Manager,Kolkata,web site,,Add-on Module,50k-1L,5.0,5.0,2.0,No,0.0,2.0,2.0,0.0,5.1,2.0,1.0,2025-09-24,2025-12-28,Lost,"Budget cut, deal lost.",0
L01178,Rajesh Rao,rajesh.rao1178@summitlabs.com,+91-9239499264,Summit Labs,Real Estate,100.0,Founder,Delhi,web site,,Starter Plan,10000-50000,4.0,6.0,1.0,N,1.0,1.0,2.0,1.0,,1.0,1.0,2024-02-08,2024-05-08,Converted,Deal closed successfully.,1
L00936,Suresh Gupta,suresh.gupta936@primenetwork.com,,Prime Networks,Finance,100.0,Marketing Manager,Chennai,Referral,,Enterprise Plan,10k-50k,3.0,7.0,0.0,No,0.0,2.0,2.0,3.0,0.7,1.0,0.0,2025-09-12,2025-10-06,Converted,"Great call, moving to won.",1
L00295,Karan Das,karan.das295@zenithnetwor.com,+91-9730115955,Zenith Networks,Healthcare,250.0,Sales Manager,Jaipur,Web,,Starter Plan,<10k,5.0,10.0,0.0,No,3.0,2.0,0.0,1.0,18.8,0.0,0.0,2025-04-22,2025-05-04,Lost,"Budget cut, deal lost.",0
L01159,Rahul Kulkarni,rahul.kulkarni1159@zenithglobal.com,+91-9343281011,Zenith Global,Logistics,25.0,Operations Manager,Jaipur,Paid Ads,CMP-410,Growth Plan,50k-1L,6.0,10.0,2.0,No,1.0,2.0,0.0,1.0,4.7,2.0,0.0,2026-01-18,2026-03-30,New,Sent pricing info.,
L00077,Ritu Mehta,ritu.mehta77@xyzenterpris.com,+91-9887891123,XYZ Enterprises,Healthcare,100.0,Procurement Head,Delhi,Social,,Growth Plan,10000-50000,3.0,9.0,1.0,No,2.0,0.0,2.0,2.0,5.0,1.0,1.0,2025-05-13,2025-05-17,Lost,"No response, closing as lost.",0
L00544,Neha Mehta,,+91-9410225787,Zenith Solutions,Education,500.0,Operations Manager,Remote,paid ads,CMP-486,Growth Plan,unknown,7.0,9.0,2.0,No,2.0,1.0,0.0,1.0,2.2,2.0,1.0,2025-06-08,2025-06-15,Contacted,,
L00520,Pooja Iyer,pooja.iyer520@alphaenterpr.com,+91-9759278299,Alpha Enterprises,Retail,100.0,Founder,Mumbai,referral,,Growth Plan,5L+,4.0,8.0,3.0,Yes,1.0,1.0,0.0,2.0,20.5,3.0,3.0,2024-06-04,2024-09-25,Converted,Deal closed successfully.,1
L09012,Karan Kapoor,KARAN.KAPOOR488@BLUETECHNOLO.COM,+91-9121263262,Blue Technologies,Finance,50.0,Sales Manager,Remote,Paid Ads,CMP-486,Add-on Module,<10k,7.0,14.0,3.0,No,1.0,1.0,2.0,2.0,13.9,2.0,2.0,2024-03-06,2024-05-04,Converted,Deal closed successfully.,1
L00866,Pooja Gupta,pooja.gupta866@xyznetworks.com,+91-9449104786,XYZ Networks,SaaS,100.0,VP Sales,Delhi,Paid Ads,CMP-394,Starter Plan,<10k,5.0,12.0,0.0,No,3.0,0.0,2.0,1.0,0.7,1.0,0.0,2024-01-28,2024-02-05,Converted,Deal closed successfully.,1
L00219,Karan Patel,karan.patel219@primetechnol.com,+91-9590143008,Prime Technologies,Retail,25.0,Marketing Manager,Ahmedabad,Referal,,Enterprise Plan,5L+,6.0,9.0,1.0,no,0.0,2.0,0.0,2.0,5.5,0.0,0.0,2024-02-06,2024-05-11,Lost,"Budget cut, deal lost.",0
L01122,Ritu Nair,ritu.nair1122@alphasolutio.com,+91-9772679540,Alpha Solutions,Logistics,250.0,Business Analyst,Ahmedabad,Organic Search,,Add-on Module,<10k,6.0,8.0,1.0,No,1.0,1.0,0.0,2.0,27.5,1.0,1.0,2026-07-22,2026-10-10,Lost,"Lead went cold, marking lost.",0
L00286,Divya Kulkarni,divya.kulkarni286@novaglobal.com,,Nova Global,Retail,50.0,Operations Manager,Ahmedabad,paid ads,CMP-240,Add-on Module,10k-50k,3.0,6.0,0.0,Yes,1.0,0.0,2.0,2.0,15.4,4.0,2.0,2024-11-21,2024-12-14,Converted,Deal closed successfully.,1
L00953,Anjali Patel,anjali.patel953@nimbusenterp.com,+91-9268888542,Nimbus Enterprises,Logistics,10.0,Founder,Jaipur,WEBSITE,,Growth Plan,10k-50k,6.0,8.0,3.0,N,0.0,0.0,2.0,2.0,2.6,5.0,0.0,2024-08-03,2024-09-15,Lost,"Lead went cold, marking lost.",0
L00718,Manoj Kulkarni,manoj.kulkarni718@brightenterp.com,+91-9480422438,Bright Enterprises,Logistics,10.0,Operations Manager,Hyderabad,Organic Search,,Starter Plan,<10k,6.0,8.0,1.0,no,4.0,1.0,5.0,2.0,0.6,0.0,0.0,2025-09-25,2025-10-21,Lost,"Lead went cold, marking lost.",0
L00465,Anjali Singh,anjali.singh465@zenithindust.com,+91-9806692661,Zenith Industries,Healthcare,25.0,Business Analyst,Hyderabad,Paid Ads,CMP-979,Starter Plan,<10k,5.0,9.0,0.0,Yes,3.0,3.0,1.0,0.0,0.7,1.0,3.0,2024-12-09,2025-04-07,Converted,"Great call, moving to won.",1
L00788,Vikram Reddy,vikram.reddy788@primesolutio.com,+91-9758653136,Prime Solutions,Healthcare,50.0,Operations Manager,Ahmedabad,Referral,,Enterprise Plan,5L+,6.0,7.0,2.0,No,3.0,1.0,0.0,2.0,,3.0,0.0,2024-10-05,2024-10-20,Converted,Deal closed successfully.,1
L00169,Pooja Kapoor,pooja.kapoor169@summitindust.com,+91-9774298984,Summit Industries,Manufacturing,10.0,IT Manager,Delhi,Social,,Growth Plan,50k-1L,7.0,7.0,1.0,Yes,3.0,2.0,1.0,2.0,6.5,0.0,0.0,2024-12-31,2025-01-04,Lost,"Budget cut, deal lost.",0
L00045,Rajesh Iyer,,+91-9587544562,Vertex Solutions,Media,5.0,IT Manager,Kolkata,Organic Search,,Add-on Module,10k-50k,4.0,5.0,1.0,No,1.0,2.0,2.0,2.0,3.6,0.0,0.0,2025-07-10,2025-09-22,Converted,Deal closed successfully.,1
L00804,Amit Sharma,amit.sharma804alphaglobal.com,+91-9311778471,Alpha Global,Education,50.0,CEO,Jaipur,web site,,Starter Plan,10k-50k,6.0,9.0,2.0,No,3.0,0.0,0.0,1.0,8.2,5.0,0.0,2024-05-17,2024-05-21,Converted,"Client signed the contract, deal won!",1
L00310,Arjun Singh,arjun.singh310@orbitventure.com,+91-9323958732,Orbit Ventures,Real Estate,100.0,Business Analyst,Pune,Organic,,Growth Plan,<10k,4.0,6.0,3.0,No,3.0,1.0,1.0,4.0,17.2,1.0,0.0,2024-02-21,2024-04-11,Converted,Deal closed successfully.,1
L01198,Meera Singh,,+91-9737390442,Blue Enterprises,Manufacturing,1000.0,Business Analyst,Jaipur,FB/Insta,,Growth Plan,1L-5L,2.0,4.0,1.0,No,3.0,2.0,1.0,5.0,6.1,2.0,0.0,2024-11-01,2024-12-11,Converted,"Great call, moving to won.",1
L00032,Rahul Singh,rahul.singh32@bluesoftware.com,+91-9178085418,Blue Software,Healthcare,1000.0,Founder,Delhi,Organic Search,,Starter Plan,<10k,3.0,5.0,2.0,Yes,6.0,2.0,1.0,5.0,12.8,0.0,0.0,2026-02-26,2026-05-23,Converted,Deal closed successfully.,1
L00891,Meera Mehta,meera.mehta891@summitindust.com,+91-9989982079,Summit Industries,E-commerce,250.0,IT Manager,Chennai,paid ads,CMP-332,Growth Plan,,2.0,2.0,1.0,No,4.0,0.0,1.0,3.0,13.7,0.0,0.0,2024-03-31,2024-04-30,Lost,"Lead went cold, marking lost.",0
L01086,Sanjay Verma,sanjay.verma1086@nimbussoluti.com,+91-9868425423,Nimbus Solutions,SaaS,5.0,Sales Manager,Chennai,website,,Starter Plan,10k-50k,7.0,11.0,1.0,No,3.0,2.0,2.0,2.0,1.6,2.0,0.0,2025-09-03,2025-11-30,Lost,"Budget cut, deal lost.",0
L00555,Neha Verma,neha.verma555@vertexsoluti.com,+91-9806995860,Vertex Solutions,E-commerce,10.0,Operations Manager,Jaipur,Organic Search,,Starter Plan,NA,4.0,6.0,0.0,yes,1.0,3.0,1.0,2.0,6.9,2.0,0.0,2026-07-20,2026-07-22,Lost,"No response, closing as lost.",0
L00124,Vikram Verma,vikram.verma124@xyzenterpris.com,+91-9950032769,XYZ Enterprises,Healthcare,500.0,Director,Mumbai,Ads,CMP-318,Add-on Module,10k-50k,0.0,4.0,0.0,No,1.0,2.0,0.0,0.0,1.1,2.0,1.0,2025-11-25,2026-01-28,Converted,Deal closed successfully.,1
L00087,Rahul Rao,rahul.rao87@vertexenterp.com,+91-9312640819,Vertex Enterprises,Retail,500.0,VP Sales,Bangalore,Email,CMP-299,Starter Plan,10k-50k,6.0,8.0,4.0,No,2.0,1.0,0.0,2.0,7.3,3.0,1.0,2024-10-19,2024-12-04,Converted,Deal closed successfully.,1
L00391,Amit Kulkarni,amit.kulkarni391@orbitenterpr.com,+91-9761813374,Orbit Enterprises,E-commerce,250.0,IT Manager,Bangalore,PPC,CMP-167,Add-on Module,50k-1L,2.0,5.0,0.0,Yes,1.0,1.0,2.0,2.0,4.6,1.0,1.0,2024-06-19,2024-06-21,Lost,"No response, closing as lost.",0
L00579,Karan Joshi,karan.joshi579@alphaglobal.com,+91-9689464455,Alpha Global,Manufacturing,25.0,Director,Kolkata,Organic,,Starter Plan,unknown,4.0,4.0,1.0,No,0.0,2.0,1.0,4.0,17.9,0.0,0.0,2026-01-30,2026-03-13,Lost,"No response, closing as lost.",0
L00562,Vikram Sharma,vikram.sharma562@summitventur.com,+91-9104675974,Summit Ventures,Media,25.0,CEO,Bangalore,social media,,Add-on Module,,5.0,6.0,2.0,No,2.0,2.0,1.0,0.0,20.0,2.0,1.0,2025-09-18,2025-09-24,Converted,Deal closed successfully.,1
L00102,Manoj Iyer,,+91-9889684370,XYZ Industries,Retail,1000.0,Sales Manager,Chennai,Organic,,Growth Plan,50k-1L,4.0,7.0,1.0,No,4.0,1.0,1.0,0.0,12.8,0.0,1.0,2026-03-31,2026-07-03,Converted,"Great call, moving to won.",1
L00424,Meera Singh,,+91-9784532270,Bright Systems,SaaS,5.0,Sales Manager,Chennai,web site,,Growth Plan,10k-50k,4.0,6.0,2.0,Yes,6.0,1.0,0.0,3.0,4.3,1.0,0.0,2024-02-03,2024-04-17,Converted,"Client signed the contract, deal won!",1
L00345,Divya Kulkarni,divya.kulkarni345@orbitglobal.com,+91-9868530224,Orbit Global,Media,250.0,Director,Mumbai,Email Campaign,CMP-551,Growth Plan,1L-5L,8.0,10.0,3.0,No,1.0,1.0,1.0,3.0,6.1,0.0,1.0,2025-12-29,2026-02-01,Converted,"Client signed the contract, deal won!",1
L00452,Ritu Nair,ritu.nair452@orbittechnol.com,+91-9981879689,Orbit Technologies,,5.0,Business Analyst,Hyderabad,Ads,CMP-635,Enterprise Plan,unknown,6.0,10.0,2.0,No,2.0,2.0,1.0,2.0,6.0,1.0,2.0,2024-03-19,2024-06-06,Lost,"Lead went cold, marking lost.",0
L00328,Ritu Kapoor,ritu.kapoor328@blueventures.com,+91-9686903075,Blue Ventures,Logistics,10.0,Director,Kolkata,FB/Insta,,Add-on Module,10k-50k,2.0,4.0,1.0,,3.0,1.0,1.0,1.0,8.8,0.0,1.0,2024-01-11,2024-03-27,Converted,Deal closed successfully.,1
L00733,Vikram Mehta,vikram.mehta733@brightindust.com,+91-9477531105,Bright Industries,Education,500.0,Sales Manager,Ahmedabad,Email,CMP-441,Add-on Module,10k-50k,4.0,11.0,0.0,No,3.0,1.0,2.0,0.0,5.4,1.0,1.0,2024-03-12,2024-04-30,Converted,"Great call, moving to won.",1
L01186,Anjali Kulkarni,anjali.kulkarni1186@orbitsolutio.com,+91-9197422076,Orbit Solutions,Retail,250.0,IT Manager,Remote,Ads,CMP-301,Growth Plan,5L+,3.0,5.0,1.0,yes,2.0,0.0,1.0,3.0,1.3,3.0,1.0,2025-08-25,2025-11-23,Converted,"Great call, moving to won.",1
L00291,Manoj Kulkarni,manoj.kulkarni291@nimbusindust.com,+91-9364142280,Nimbus Industries,Education,250.0,Founder,Jaipur,referral,,Enterprise Plan,50k-1L,5.0,10.0,1.0,No,2.0,1.0,2.0,1.0,41.4,0.0,1.0,2025-06-04,2025-07-17,Converted,Deal closed successfully.,1
L00630,Neha Sharma,neha.sharma630@alphasolutio.com,+91-9433952520,Alpha Solutions,SaaS,50.0,VP Sales,Ahmedabad,referral,,Enterprise Plan,<10k,3.0,9.0,0.0,,3.0,2.0,0.0,1.0,12.7,3.0,0.0,2026-07-15,2026-08-18,Lost,"Budget cut, deal lost.",0
L00938,Suresh Nair,suresh.nair938@xyzsystems.com,+91-9679561690,XYZ Systems,Healthcare,5.0,Procurement Head,Chennai,FB/Insta,,Starter Plan,50k-1L,1.0,3.0,0.0,Yes,5.0,0.0,1.0,1.0,26.7,1.0,0.0,2025-08-11,2025-12-05,Lost,"No response, closing as lost.",0
L00114,Manoj Patel,manoj.patel114@nimbusenterp.com,+91-9271086194,Nimbus Enterprises,Education,100.0,VP Sales,Delhi,Referral,,Add-on Module,<10k,5.0,7.0,1.0,No,5.0,1.0,1.0,2.0,,1.0,1.0,2026-06-05,2026-06-10,Lost,"No response, closing as lost.",0
L00550,Arjun Verma,arjun.verma550@alphasoftwar.com,+91-9368157826,Alpha Software,Real Estate,50.0,Marketing Manager,Pune,referral,,Starter Plan,<10k,2.0,5.0,0.0,,2.0,1.0,2.0,2.0,9.6,0.0,1.0,2025-10-07,2025-11-28,Converted,"Client signed the contract, deal won!",1
L00559,Neha Verma,neha.verma559@bluelabs.com,+91-9615917441,Blue Labs,Healthcare,5.0,Business Analyst,Mumbai,Organic Search,,Add-on Module,50k-1L,-3.0,-2.0,0.0,Yes,2.0,1.0,1.0,3.0,5.4,0.0,0.0,2026-07-21,2026-09-05,Converted,"Client signed the contract, deal won!",1
L00631,Amit Mehta,amit.mehta631@summitsystem.com,+91-9973401857,Summit Systems,Manufacturing,100.0,Founder,Ahmedabad,referral,,Add-on Module,10k-50k,9.0,10.0,3.0,No,2.0,2.0,0.0,2.0,10.2,2.0,0.0,2026-03-15,2026-05-03,Converted,"Client signed the contract, deal won!",1
L01093,Suresh Kapoor,suresh.kapoor1093@blueindustri.com,+91-9378694728,Blue Industries,Finance,500.0,Procurement Head,Hyderabad,Email,CMP-513,Add-on Module,NA,5.0,9.0,2.0,Yes,0.0,1.0,1.0,3.0,1.6,0.0,0.0,2025-04-02,2025-04-20,Converted,"Great call, moving to won.",1
L01149,Pooja Patel,pooja.patel1149@abcsoftware.com,+91-9596241508,ABC Software,E-commerce,50.0,Operations Manager,Remote,Organic Search,,Growth Plan,50k-1L,6.0,10.0,1.0,yes,2.0,0.0,0.0,0.0,6.5,3.0,0.0,2025-01-09,2025-03-16,Converted,"Great call, moving to won.",1
L00917,Anjali Kulkarni,anjali.kulkarni917@primetechnol.com,+91-9468103557,Prime Technologies,E-commerce,500.0,Founder,Delhi,website,,Starter Plan,<10k,5.0,9.0,2.0,No,0.0,1.0,0.0,2.0,2.8,1.0,0.0,2025-07-23,2025-08-30,Lost,"Lead went cold, marking lost.",0
L00156,Kavya Singh,kavya.singh156@orbitindustr.com,+91-9848977512,Orbit Industries,Retail,25.0,Sales Manager,Chennai,paid ads,CMP-549,Add-on Module,10k-50k,2.0,7.0,1.0,No,0.0,0.0,0.0,0.0,0.8,2.0,1.0,2024-01-25,2024-04-20,Lost,"No response, closing as lost.",0
L00983,Arjun Nair,arjun.nair983@brightindust.com,+91-9672635121,Bright Industries,Retail,100.0,Sales Manager,Mumbai,referral,,Growth Plan,unknown,7.0,9.0,1.0,No,2.0,2.0,1.0,3.0,13.7,1.0,1.0,2025-09-26,2025-12-17,Lost,"Lead went cold, marking lost.",0
L00232,Ritu Patel,ritu.patel232@brightventur.com,+91-9899737212,Bright Ventures,,500.0,Business Analyst,Chennai,Google Ads,CMP-519,Enterprise Plan,10k-50k,6.0,8.0,2.0,No,4.0,3.0,1.0,1.0,5.1,0.0,0.0,2024-09-16,2024-11-24,Converted,"Client signed the contract, deal won!",1
L09015,Rohan Nair,ROHAN.NAIR673@VERTEXENTERP.COM,+91-9217340152,Vertex Enterprises,Media,100.0,Founder,Chennai,Organic Search,,Starter Plan,50k-1L,4.0,7.0,3.0,No,3.0,1.0,1.0,1.0,,6.0,0.0,2025-03-11,2025-06-24,Converted,"Great call, moving to won.",1
L00882,Rajesh Rao,,+91-9166508137,Nimbus Ventures,,500.0,Director,Hyderabad,Organic,,Growth Plan,50k-1L,-3.0,0.0,0.0,No,1.0,2.0,1.0,2.0,21.8,3.0,2.0,2024-02-29,2024-05-05,Converted,"Great call, moving to won.",1
L00052,Anjali Kapoor,anjali.kapoor52@brightenterp.com,+91-9135571256,Bright Enterprises,Finance,1000.0,CEO,Remote,FB/Insta,,Enterprise Plan,,5.0,9.0,2.0,Yes,3.0,1.0,1.0,0.0,19.8,0.0,0.0,2026-01-25,2026-03-21,Converted,Deal closed successfully.,1
L00071,Sneha Patel,sneha.patel71@summitsoluti.com,+91-9211408597,Summit Solutions,Retail,1000.0,Director,Bangalore,SEO,,Growth Plan,50k-1L,5.0,5.0,2.0,No,1.0,2.0,1.0,2.0,8.9,3.0,0.0,2024-02-28,2024-03-21,Converted,"Great call, moving to won.",1
L00241,Divya Iyer,divya.iyer241@summitsoftwa.com,+91-9596251613,Summit Software,E-commerce,250.0,Sales Manager,Ahmedabad,Organic Search,,Starter Plan,50k-1L,1.0,7.0,1.0,,1.0,1.0,1.0,3.0,14.1,2.0,0.0,2024-01-04,2024-01-24,New,Waiting on demo.,
L00024,Divya Singh,divya.singh24@summittechno.com,+91-9770975084,Summit Technologies,Retail,25.0,CEO,Delhi,Email,CMP-462,Add-on Module,1L-5L,4.0,6.0,2.0,Yes,1.0,2.0,1.0,1.0,4.4,1.0,1.0,2025-06-14,2025-08-23,Converted,Deal closed successfully.,1
L00614,Amit Nair,amit.nair614@brighttechno.com,+91-9628755735,Bright Technologies,Real Estate,5.0,Sales Manager,Ahmedabad,Referral,,Starter Plan,1L-5L,1.0,3.0,1.0,Yes,2.0,1.0,0.0,3.0,2.5,3.0,2.0,2024-09-11,2025-01-05,Converted,Deal closed successfully.,1
L00585,Divya Das,,+91-9783241174,Nova Systems,Healthcare,50.0,Marketing Manager,Mumbai,referral,,Enterprise Plan,NA,6.0,9.0,1.0,Yes,1.0,3.0,2.0,1.0,12.2,1.0,0.0,2024-05-29,2024-08-27,New,Waiting on demo.,
L00406,Divya Kulkarni,divya.kulkarni406@bluenetworks.com,+91-9101177756,Blue Networks,Logistics,1000.0,Procurement Head,Kolkata,Social Media,,Growth Plan,10000-50000,5.0,9.0,0.0,No,2.0,1.0,2.0,3.0,,1.0,0.0,2024-07-31,2024-09-24,Lost,"Budget cut, deal lost.",0
L00108,Sneha Sharma,sneha.sharma108@primesolutio.com,+91-9778179469,Prime Solutions,E-commerce,100.0,Marketing Manager,Ahmedabad,Organic,,Growth Plan,<10k,3.0,7.0,3.0,Yes,4.0,1.0,0.0,2.0,53.6,1.0,0.0,2024-07-31,2024-08-04,Demo Scheduled,Follow-up scheduled.,
L00059,Sanjay Kulkarni,sanjay.kulkarni59@xyzsolutions.com,+91-9570139328,XYZ Solutions,Education,0.0,Procurement Head,Pune,Referal,,Growth Plan,50k-1L,3.0,4.0,0.0,No,1.0,1.0,1.0,2.0,76.1,0.0,0.0,2026-02-19,2026-03-10,Lost,"Budget cut, deal lost.",0
L00677,,rajesh.sharma677@bluesystems.com,+91-9789179179,Blue Systems,E-commerce,100.0,Marketing Manager,Ahmedabad,Email,CMP-696,Growth Plan,50k-1L,3.0,5.0,0.0,No,4.0,1.0,0.0,3.0,18.0,1.0,2.0,2025-11-20,2026-01-07,Qualified,Waiting on demo.,
L00954,Sanjay Reddy,sanjay.reddy954@orbitsystems.com,+91-9911914914,Orbit Systems,Logistics,50.0,VP Sales,Jaipur,FB/Insta,,Growth Plan,50k-1L,6.0,7.0,1.0,No,1.0,0.0,1.0,0.0,5.5,2.0,0.0,2026-02-20,2026-03-22,Lost,"Budget cut, deal lost.",0
L00981,Divya Verma,divya.verma981@zenithnetwor.com,+91-9896205393,Zenith Networks,Manufacturing,10.0,Sales Manager,Kolkata,paid ads,CMP-103,Starter Plan,<10k,4.0,7.0,2.0,No,4.0,2.0,3.0,0.0,7.9,1.0,1.0,2025-01-19,2025-05-14,Converted,"Great call, moving to won.",1
L01111,Suresh Rao,,+91-9559469490,Nova Global,E-commerce,100.0,Founder,Jaipur,email campaign,CMP-660,Add-on Module,<10k,6.0,12.0,1.0,yes,2.0,1.0,0.0,0.0,8.5,0.0,2.0,2025-05-29,2025-06-27,Converted,Deal closed successfully.,1
L00221,Rohan Patel,rohan.patel221@novaindustri.com,+91-9195190960,Nova Industries,SaaS,100.0,Business Analyst,Pune,PPC,CMP-919,Enterprise Plan,10k-50k,6.0,7.0,1.0,No,3.0,0.0,1.0,3.0,,1.0,0.0,2025-05-18,2025-06-08,Contacted,Waiting on demo.,
L00732,Sneha Kulkarni,sneha.kulkarni732@novaventures.com,+91-9864124514,Nova Ventures,Healthcare,250.0,CEO,Pune,email campaign,CMP-343,Growth Plan,n/a,5.0,7.0,3.0,yes,2.0,1.0,2.0,2.0,2.7,3.0,1.0,2025-04-30,2025-08-13,Converted,Deal closed successfully.,1
L00824,Isha Nair,isha.nair824brightindust.com,+91-9814133813,Bright Industries,Real Estate,25.0,VP Sales,Mumbai,SEO,,Add-on Module,50k-1L,3.0,6.0,1.0,Yes,1.0,3.0,1.0,2.0,15.6,0.0,1.0,2025-11-15,2025-12-23,Demo Scheduled,Waiting on demo.,
L00911,Pooja Reddy,pooja.reddy911@orbitenterpr.com,+91-9232649183,Orbit Enterprises,E-commerce,250.0,Business Analyst,Mumbai,SEO,,Growth Plan,10k-50k,6.0,8.0,1.0,Yes,4.0,2.0,1.0,1.0,4.0,3.0,1.0,2024-11-12,2025-02-22,Converted,"Client signed the contract, deal won!",1
L00722,Divya Singh,divya.singh722@xyzsystems.com,+91-9743177218,XYZ Systems,Education,250.0,CEO,Kolkata,email campaign,CMP-795,Growth Plan,10k-50k,4.0,6.0,0.0,No,2.0,0.0,0.0,0.0,8.6,2.0,2.0,2025-03-25,2025-05-07,Converted,"Client signed the contract, deal won!",1
L00696,Amit Iyer,,+91-9458762528,Zenith Global,Retail,1000.0,Marketing Manager,Mumbai,Organic Search,,Growth Plan,50k-1L,1.0,3.0,0.0,Yes,0.0,1.0,1.0,0.0,9.6,1.0,0.0,2024-02-22,2024-06-11,Proposal,Sent pricing info.,
L00969,Suresh Reddy,suresh.reddy969@zenithlabs.com,+91-9175772133,Zenith Labs,Media,25.0,Operations Manager,Ahmedabad,Referral,,Starter Plan,10k-50k,4.0,6.0,1.0,No,1.0,2.0,2.0,4.0,11.5,0.0,0.0,2025-10-26,2025-11-01,Lost,"Lead went cold, marking lost.",0
L00625,Rohan Kulkarni,rohan.kulkarni625@brightlabs.com,+91-9939490560,Bright Labs,SaaS,100.0,IT Manager,Bangalore,website,,Add-on Module,10k-50k,1.0,3.0,0.0,N,0.0,2.0,2.0,2.0,12.4,4.0,2.0,2025-09-01,2025-10-13,Converted,"Client signed the contract, deal won!",1
L00368,Manoj Sharma,manoj.sharma368@abcsoftware.com,+91-9478417793,ABC Software,Manufacturing,50.0,Marketing Manager,Bangalore,organic search,,Enterprise Plan,10k-50k,3.0,6.0,2.0,No,3.0,0.0,3.0,1.0,1.8,0.0,0.0,2026-04-26,2026-08-14,Converted,"Great call, moving to won.",1
L00978,Priya Kapoor,priya.kapoor978@novaventures.com,+91-9786848557,Nova Ventures,Healthcare,100.0,Director,Pune,referral,,Add-on Module,10k-50k,4.0,8.0,0.0,,1.0,2.0,1.0,2.0,2.3,1.0,0.0,2024-09-13,2024-11-20,New,Waiting on demo.,
L00537,Kavya Sharma,kavya.sharma537@novatechnolo.com,+91-9732842628,Nova Technologies,Retail,25.0,Director,Pune,web site,,Enterprise Plan,10k-50k,3.0,9.0,2.0,No,3.0,2.0,0.0,1.0,5.4,3.0,1.0,2026-06-01,2026-07-20,Lost,"Budget cut, deal lost.",0
L00193,Sneha Gupta,sneha.gupta193@orbitventure.com,,Orbit Ventures,Education,250.0,Operations Manager,Delhi,Email Campaign,CMP-813,Growth Plan,NA,2.0,5.0,1.0,Yes,2.0,1.0,1.0,1.0,5.3,0.0,2.0,2025-08-15,2025-12-06,Converted,"Great call, moving to won.",1
L00055,Vikram Patel,vikram.patel55@nimbussoftwa.com,+91-9161758771,Nimbus Software,Manufacturing,250.0,Founder,Delhi,Google Ads,CMP-859,Growth Plan,<10k,2.0,8.0,0.0,No,5.0,0.0,0.0,1.0,1.0,0.0,1.0,2024-10-15,2024-12-25,Lost,"Lead went cold, marking lost.",0
L00536,Manoj Mehta,manoj.mehta536@abcnetworks.com,+91-9316306040,ABC Networks,Retail,10.0,CEO,Mumbai,Social Media,,Add-on Module,5L+,6.0,8.0,3.0,No,2.0,2.0,2.0,4.0,12.5,2.0,1.0,2025-12-17,2026-04-15,Contacted,Sent pricing info.,
L00662,Kavya Verma,kavya.verma662@summitsystem.com,+91-9497894610,Summit Systems,Real Estate,25.0,CEO,Kolkata,Social,,Growth Plan,1L-5L,3.0,5.0,2.0,Yes,2.0,1.0,2.0,2.0,0.9,1.0,0.0,2026-02-05,2026-05-17,Converted,"Client signed the contract, deal won!",1
L00057,Rohan Sharma,rohan.sharma57@summitindust.com,+91-9458541549,Summit Industries,E-commerce,10.0,Sales Manager,Mumbai,PPC,CMP-311,Add-on Module,10k-50k,5.0,10.0,1.0,Yes,4.0,3.0,2.0,2.0,,1.0,0.0,2024-04-09,2024-04-13,Lost,"No response, closing as lost.",0
L00110,Rajesh Nair,rajesh.nair110@alphalabs.com,+91-9652203291,Alpha Labs,Media,50.0,Operations Manager,Bangalore,email campaign,CMP-804,Add-on Module,50k-1L,3.0,4.0,2.0,No,1.0,1.0,0.0,1.0,7.0,0.0,2.0,2024-04-03,2024-05-08,New,Sent pricing info.,
L00299,Rahul Gupta,rahul.gupta299@nimbusventur.com,,Nimbus Ventures,,1000.0,Procurement Head,Mumbai,email campaign,CMP-621,Add-on Module,50k-1L,0.0,3.0,0.0,No,4.0,3.0,0.0,1.0,15.7,0.0,1.0,2024-11-11,2025-01-28,Converted,"Great call, moving to won.",1
L00290,Sneha Iyer,sneha.iyer290@xyzsystems.com,+91-9209627486,XYZ Systems,Education,25.0,Procurement Head,Delhi,Web,,Starter Plan,10k-50k,4.0,7.0,1.0,No,2.0,2.0,2.0,0.0,21.1,2.0,1.0,2024-10-31,2025-02-26,Lost,"No response, closing as lost.",0
L00567,Manoj Sharma,manoj.sharma567@alphasolutio.com,+91-9524655854,Alpha Solutions,SaaS,5.0,Director,Pune,SEO,,Starter Plan,50k-1L,1.0,5.0,0.0,No,6.0,0.0,1.0,1.0,2.0,3.0,2.0,2024-11-24,2025-02-26,Converted,"Great call, moving to won.",1
L01141,Priya Iyer,priya.iyer1141@orbitsoftwar.com,+91-9838139238,Orbit Software,Finance,25.0,Founder,Ahmedabad,Organic,,Enterprise Plan,10k-50k,5.0,6.0,2.0,No,1.0,2.0,0.0,2.0,31.7,1.0,0.0,2025-12-06,2026-02-26,Demo Scheduled,,
L00480,Manoj Singh,manoj.singh480@nimbusglobal.com,+91-9667897361,Nimbus Global,Finance,1000.0,CEO,Chennai,web site,,Add-on Module,10k-50k,11.0,13.0,4.0,N,0.0,2.0,1.0,1.0,14.5,0.0,0.0,2026-06-01,2026-07-27,Converted,"Client signed the contract, deal won!",1
L00353,Rahul Nair,rahul.nair353@blueglobal.com,,Blue Global,Healthcare,25.0,VP Sales,Jaipur,Email Campaign,CMP-446,Enterprise Plan,unknown,6.0,9.0,3.0,No,2.0,2.0,3.0,1.0,8.3,2.0,0.0,2025-06-23,2025-05-24,Lost,"Budget cut, deal lost.",0
L00886,Arjun Nair,arjun.nair886@xyzventures.com,+91-9993952482,XYZ Ventures,Media,250.0,CEO,Delhi,Website,,Enterprise Plan,<10k,3.0,9.0,1.0,No,2.0,1.0,1.0,1.0,25.2,1.0,0.0,2025-03-22,2025-06-19,Converted,"Client signed the contract, deal won!",1
L00334,Rohan Joshi,rohan.joshi334@xyzenterpris.com,+91-9192721345,XYZ Enterprises,Finance,5.0,Operations Manager,Ahmedabad,social media,,Enterprise Plan,10000-50000,5.0,6.0,2.0,No,5.0,0.0,1.0,1.0,0.9,2.0,0.0,2026-06-02,2026-09-26,Converted,Deal closed successfully.,1
L00667,Anjali Sharma,anjali.sharma667@novasystems.com,+91-9169866132,Nova Systems,Healthcare,10.0,IT Manager,Jaipur,Social Media,,Add-on Module,10k-50k,5.0,10.0,0.0,No,1.0,1.0,1.0,4.0,,2.0,2.0,2026-07-29,2026-09-06,Qualified,Sent pricing info.,
L00553,Rajesh Patel,rajesh.patel553@orbittechnol.com,+91-9178882190,Orbit Technologies,SaaS,25.0,CEO,Kolkata,website,,Add-on Module,10k-50k,6.0,7.0,1.0,,1.0,2.0,0.0,1.0,4.0,0.0,0.0,2026-05-28,2026-08-24,Lost,"Lead went cold, marking lost.",0
L00771,Vikram Gupta,vikram.gupta771@orbitindustr.com,+91-9402856141,Orbit Industries,Finance,500.0,Director,Pune,Organic Search,,Growth Plan,<10k,6.0,9.0,1.0,No,1.0,2.0,2.0,4.0,,1.0,0.0,2024-11-14,2024-12-02,Converted,"Client signed the contract, deal won!",1
L00622,Sanjay Sharma,sanjay.sharma622@nimbusnetwor.com,+91-9144206219,Nimbus Networks,Logistics,5.0,VP Sales,Pune,Website,,Starter Plan,10000-50000,5.0,14.0,1.0,no,1.0,2.0,1.0,1.0,26.1,1.0,1.0,2026-03-10,2026-04-05,Lost,"Budget cut, deal lost.",0
L00837,Divya Singh,divya.singh837@vertexsoftwa.com,+91-9550136822,Vertex Software,Education,25.0,Procurement Head,Remote,WEBSITE,,Starter Plan,50k-1L,2.0,4.0,1.0,Yes,2.0,2.0,3.0,4.0,16.5,1.0,0.0,2024-07-23,2024-09-12,Lost,"No response, closing as lost.",0
L00454,Sneha Verma,sneha.verma454@brightlabs.com,+91-9934775461,Bright Labs,Manufacturing,1000.0,Sales Manager,Jaipur,Social,,Add-on Module,<10k,1.0,3.0,0.0,Yes,1.0,1.0,1.0,4.0,16.9,2.0,0.0,2025-07-26,2025-09-04,Converted,"Great call, moving to won.",1
L00507,Divya Sharma,divya.sharma507@vertexsystem.com,+91-9742624783,Vertex Systems,Education,5.0,IT Manager,Delhi,Email Campaign,CMP-902,Starter Plan,10k-50k,4.0,6.0,1.0,yes,4.0,3.0,1.0,1.0,21.7,4.0,0.0,2024-06-04,2024-07-31,Lost,"No response, closing as lost.",0
L00412,Priya Nair,priya.nair412@abcindustrie.com,+91-9936650288,ABC Industries,Logistics,250.0,VP Sales,Mumbai,Referal,,Enterprise Plan,1L-5L,5.0,6.0,0.0,No,1.0,1.0,0.0,3.0,12.2,1.0,0.0,2025-08-27,2025-09-10,Contacted,,
L00539,Arjun Das,arjun.das539@novasoftware.com,+91-9845114333,Nova Software,Education,25.0,Sales Manager,Delhi,PPC,CMP-988,Starter Plan,unknown,4.0,5.0,0.0,No,1.0,2.0,0.0,2.0,6.7,0.0,1.0,2024-07-02,2024-07-10,Converted,"Great call, moving to won.",1
L01088,Sanjay Gupta,sanjay.gupta1088@alphatechnol.com,+91-9162031893,Alpha Technologies,SaaS,100.0,Procurement Head,Delhi,referral,,Growth Plan,<10k,1.0,2.0,0.0,No,4.0,1.0,2.0,2.0,25.3,3.0,0.0,2024-04-26,2024-07-27,Lost,"Lead went cold, marking lost.",0
L00859,Meera Das,meera.das859@xyzlabs.com,,XYZ Labs,Media,10.0,Sales Manager,Kolkata,email campaign,CMP-107,Growth Plan,10k-50k,6.0,10.0,3.0,No,2.0,2.0,0.0,1.0,33.7,0.0,0.0,2026-04-09,2026-04-19,Lost,"No response, closing as lost.",0
L00591,Rahul Patel,rahul.patel591@summittechno.com,+91-9146618302,Summit Technologies,Education,50.0,Sales Manager,Bangalore,Referal,,Starter Plan,10k-50k,13.0,20.0,3.0,No,2.0,2.0,2.0,1.0,2.5,0.0,1.0,2025-04-10,2025-06-29,Converted,Deal closed successfully.,1
L00199,Sneha Joshi,sneha.joshi199@orbitventure.com,+91-9787584950,Orbit Ventures,,100.0,Founder,Chennai,referral,,Growth Plan,<10k,2.0,8.0,0.0,No,1.0,2.0,1.0,1.0,23.6,1.0,0.0,2025-11-21,2026-01-28,Demo Scheduled,Sent pricing info.,
L01184,Vikram Verma,vikram.verma1184@xyzsoftware.com,,XYZ Software,Retail,250.0,IT Manager,Delhi,SEO,,Add-on Module,<10k,1.0,3.0,0.0,Yes,2.0,1.0,0.0,4.0,6.7,1.0,0.0,2026-07-02,2026-07-22,Converted,"Great call, moving to won.",1
L00278,Divya Kulkarni,divya.kulkarni278@alphanetwork.com,+91-9155517744,Alpha Networks,E-commerce,50.0,Procurement Head,Jaipur,Referal,,Enterprise Plan,10k-50k,6.0,10.0,2.0,Yes,4.0,1.0,0.0,2.0,,0.0,0.0,2026-01-25,2026-05-18,New,,
L00197,Arjun Kapoor,arjun.kapoor197@summitsoluti.com,+91-9159974169,Summit Solutions,SaaS,100.0,Marketing Manager,Kolkata,social media,,Growth Plan,1L-5L,7.0,9.0,1.0,Yes,1.0,1.0,0.0,2.0,12.1,2.0,0.0,2024-01-09,2024-03-29,Lost,"Lead went cold, marking lost.",0
L00487,Ritu Joshi,ritu.joshi487@nimbusenterp.com,+91-9166958044,Nimbus Enterprises,Healthcare,5.0,Marketing Manager,Mumbai,email campaign,CMP-981,Growth Plan,50k-1L,3.0,3.0,2.0,No,1.0,2.0,2.0,4.0,0.2,4.0,1.0,2024-03-17,2024-06-24,Converted,"Client signed the contract, deal won!",1
L00343,Anjali Iyer,anjali.iyer343@primeindustr.com,+91-9300064005,Prime Industries,Healthcare,5.0,CEO,Remote,Google Ads,CMP-145,Starter Plan,1L-5L,5.0,7.0,3.0,Yes,3.0,2.0,2.0,0.0,1.6,1.0,0.0,2026-07-12,2026-09-24,Converted,"Client signed the contract, deal won!",1
L00211,Kavya Reddy,kavya.reddy211@alphasolutio.com,+91-9805818116,Alpha Solutions,Logistics,10.0,Marketing Manager,Ahmedabad,organic search,,Enterprise Plan,<10k,9.0,13.0,2.0,Yes,2.0,2.0,1.0,3.0,3.9,1.0,1.0,2025-11-28,2025-12-31,Converted,"Client signed the contract, deal won!",1
L00309,Rohan Mehta,rohan.mehta309@xyzsolutions.com,+91-9251682500,XYZ Solutions,Retail,5.0,IT Manager,Kolkata,referral,,Add-on Module,<10k,5.0,6.0,1.0,No,5.0,2.0,1.0,4.0,16.2,2.0,1.0,2026-06-09,2026-09-06,Lost,"Lead went cold, marking lost.",0
L00775,Rahul Verma,rahul.verma775@brightsoftwa.com,+91-9763680758,Bright Software,E-commerce,50.0,Operations Manager,Remote,Referal,,Growth Plan,10k-50k,5.0,8.0,2.0,N,2.0,2.0,0.0,2.0,13.5,0.0,0.0,2024-09-21,2024-09-23,Converted,"Great call, moving to won.",1
L00443,Sanjay Reddy,,+91-9483842432,Bright Industries,Logistics,500.0,Sales Manager,Jaipur,Referral,,Starter Plan,50k-1L,2.0,5.0,0.0,No,4.0,1.0,1.0,2.0,0.4,2.0,0.0,2025-08-23,2025-10-20,Converted,Deal closed successfully.,1
L01165,Vikram Gupta,,+91-9220613734,Summit Industries,Manufacturing,250.0,Director,Mumbai,Email,CMP-821,Add-on Module,<10k,3.0,6.0,0.0,Yes,3.0,1.0,0.0,0.0,,0.0,3.0,2024-11-11,2024-11-20,Converted,Deal closed successfully.,1
L01144,Rohan Iyer,rohan.iyer1144@xyznetworks.com,+91-9911584622,XYZ Networks,SaaS,25.0,Operations Manager,Kolkata,Email,CMP-650,Add-on Module,50k-1L,4.0,8.0,0.0,yes,0.0,1.0,2.0,1.0,24.8,0.0,1.0,2026-04-14,2026-08-02,Converted,Deal closed successfully.,1
L00260,Sneha Das,sneha.das260@bluesolution.com,+91-9967792491,Blue Solutions,Retail,50.0,Founder,Delhi,social media,,Add-on Module,10k-50k,3.0,7.0,2.0,No,1.0,0.0,1.0,5.0,13.0,0.0,0.0,2025-07-10,2025-08-26,Lost,"Lead went cold, marking lost.",0
L00478,Anjali Nair,anjali.nair478@novaventures.com,+91-9630981156,Nova Ventures,,100.0,Procurement Head,Remote,Referral,,Growth Plan,NA,5.0,10.0,1.0,No,3.0,2.0,0.0,7.0,4.4,3.0,2.0,2024-11-30,2025-01-08,Converted,"Great call, moving to won.",1
L00313,Divya Reddy,divya.reddy313@summitventur.com,,Summit Ventures,Healthcare,250.0,Operations Manager,Chennai,paid ads,CMP-557,Add-on Module,NA,3.0,6.0,1.0,No,5.0,1.0,1.0,4.0,12.4,2.0,2.0,2024-02-20,2024-06-05,Lost,"Budget cut, deal lost.",0
L00248,Anjali Verma,anjali.verma248@blueindustri.com,+91-9884687877,Blue Industries,Manufacturing,100.0,VP Sales,Delhi,PPC,CMP-529,Add-on Module,10k-50k,6.0,10.0,1.0,N,0.0,1.0,1.0,1.0,10.7,1.0,0.0,2024-02-04,2024-05-02,Converted,"Client signed the contract, deal won!",1
L01033,Vikram Gupta,vikram.gupta1033@xyzindustrie.com,+91-9290850502,XYZ Industries,Manufacturing,5.0,Sales Manager,Bangalore,Social,,Enterprise Plan,NA,3.0,6.0,0.0,Y,1.0,1.0,4.0,4.0,8.0,3.0,1.0,2025-01-11,2025-04-24,Contacted,Waiting on demo.,
L00011,Neha Kapoor,neha.kapoor11@vertexsoluti.com,+91-9384592736,Vertex Solutions,Education,25.0,IT Manager,Kolkata,Referral,,Add-on Module,10k-50k,5.0,6.0,1.0,No,3.0,1.0,1.0,0.0,3.1,1.0,1.0,2025-01-29,2025-04-08,Lost,"Budget cut, deal lost.",0
L00148,Meera Patel,meera.patel148@summittechno.com,+91-9364914104,Summit Technologies,Manufacturing,50.0,CEO,Pune,Social Media,,Growth Plan,unknown,4.0,5.0,4.0,No,0.0,1.0,0.0,0.0,7.7,2.0,1.0,2024-10-13,2024-11-10,Converted,Deal closed successfully.,1
L00994,Sneha Kulkarni,sneha.kulkarni994@orbitventure.com,+91-9510912170,Orbit Ventures,Real Estate,250.0,Marketing Manager,Kolkata,Social Media,,Starter Plan,50k-1L,3.0,6.0,1.0,No,5.0,1.0,1.0,1.0,31.8,1.0,1.0,2026-04-10,2026-06-04,Lost,"Lead went cold, marking lost.",0
L00999,Sanjay Das,,+91-9726186836,Prime Ventures,Finance,1000.0,Business Analyst,Kolkata,Organic,,Add-on Module,10k-50k,3.0,6.0,1.0,Yes,1.0,3.0,1.0,2.0,16.5,0.0,0.0,2025-11-05,2026-02-26,Converted,Deal closed successfully.,1
L00486,Vikram Gupta,vikram.gupta486@summitsoftwa.com,+91-9515404744,Summit Software,E-commerce,5.0,CEO,Delhi,Email,CMP-178,Growth Plan,10k-50k,7.0,12.0,2.0,No,1.0,1.0,1.0,3.0,38.6,2.0,1.0,2025-04-10,2025-05-10,Converted,"Great call, moving to won.",1
L00426,Divya Rao,divya.rao426@orbitenterpr.com,+91-9353157347,Orbit Enterprises,Real Estate,10.0,IT Manager,Mumbai,Paid Ads,CMP-298,Starter Plan,50k-1L,4.0,4.0,2.0,No,0.0,1.0,1.0,4.0,11.1,2.0,0.0,2024-01-06,2024-01-29,Lost,"No response, closing as lost.",0
L00332,Isha Verma,isha.verma332@brighttechno.com,+91-9419914641,Bright Technologies,Logistics,0.0,Sales Manager,Bangalore,email campaign,CMP-659,Enterprise Plan,5L+,10.0,12.0,4.0,No,0.0,1.0,2.0,1.0,11.7,1.0,0.0,2025-06-28,2025-08-27,Lost,"Lead went cold, marking lost.",0
L00276,Kavya Nair,kavya.nair276@orbitsystems.com,+91-9945839551,Orbit Systems,SaaS,500.0,Director,Mumbai,Social,,Add-on Module,1L-5L,4.0,6.0,0.0,Yes,2.0,0.0,1.0,4.0,10.0,1.0,0.0,2026-03-11,2026-03-11,Lost,"Lead went cold, marking lost.",0
L00753,Rohan Patel,rohan.patel753@vertextechno.com,+91-9992443615,Vertex Technologies,,50.0,Sales Manager,Ahmedabad,Website,,Enterprise Plan,50k-1L,4.0,6.0,1.0,Yes,0.0,2.0,3.0,2.0,2.5,1.0,1.0,2025-07-11,2025-10-25,Converted,"Great call, moving to won.",1
L01136,Rajesh Singh,rajesh.singh1136@bluesystems.com,+91-9814562101,Blue Systems,Logistics,10.0,IT Manager,Ahmedabad,Email,CMP-334,Add-on Module,50k-1L,3.0,4.0,1.0,No,4.0,1.0,1.0,2.0,3.0,0.0,0.0,2025-06-10,2025-09-09,Lost,"Budget cut, deal lost.",0
L00728,Pooja Kapoor,pooja.kapoor728@brightsoftwa.com,+91-9957173099,Bright Software,Logistics,250.0,CEO,Pune,Organic,,Add-on Module,<10k,4.0,7.0,1.0,Yes,0.0,2.0,0.0,1.0,14.5,0.0,1.0,2024-12-21,2025-04-17,Converted,"Great call, moving to won.",1
L00421,Meera Iyer,meera.iyer421@brightsoluti.com,+91-9956152732,Bright Solutions,Media,50.0,Director,Hyderabad,Email Campaign,CMP-196,Growth Plan,10k-50k,1.0,3.0,0.0,No,0.0,2.0,0.0,2.0,10.2,2.0,0.0,2024-12-04,2024-12-23,Lost,"No response, closing as lost.",0
L01071,Divya Nair,divya.nair1071@novasolution.com,+91-9397349840,Nova Solutions,SaaS,500.0,VP Sales,Ahmedabad,organic search,,Growth Plan,10k-50k,9.0,14.0,4.0,No,2.0,2.0,0.0,3.0,4.4,2.0,0.0,2024-06-01,2024-06-26,Converted,Deal closed successfully.,1
L00468,Anjali Mehta,anjali.mehta468@primetechnol.com,+91-9822843075,Prime Technologies,,50.0,Marketing Manager,Delhi,Organic,,Enterprise Plan,n/a,3.0,6.0,1.0,No,1.0,2.0,1.0,3.0,34.1,0.0,1.0,2026-04-26,2026-05-28,Demo Scheduled,Follow-up scheduled.,
L00372,Rohan Kapoor,rohan.kapoor372@orbitnetwork.com,+91-9398189322,Orbit Networks,Retail,5.0,Founder,Mumbai,referral,,Enterprise Plan,1L-5L,2.0,3.0,1.0,no,0.0,2.0,1.0,6.0,6.1,1.0,0.0,2025-06-09,2025-09-01,Lost,"Budget cut, deal lost.",0
L00209,Rohan Das,rohan.das209@brighttechno.com,+91-9678192928,Bright Technologies,SaaS,1000.0,Business Analyst,Kolkata,Email Campaign,CMP-140,Enterprise Plan,<10k,5.0,7.0,1.0,no,1.0,0.0,1.0,2.0,3.6,1.0,0.0,2026-03-19,2026-05-06,Lost,"Lead went cold, marking lost.",0
L00813,Suresh Verma,suresh.verma813@xyznetworks.com,+91-9524731714,XYZ Networks,Media,500.0,Business Analyst,Bangalore,Social Media,,Add-on Module,10000-50000,-3.0,2.0,0.0,yes,1.0,2.0,0.0,2.0,10.2,1.0,0.0,2024-10-14,2024-12-18,Lost,"Lead went cold, marking lost.",0
L00708,Priya Kulkarni,priya.kulkarni708@abcsolutions.com,+91-9761708948,ABC Solutions,Real Estate,5.0,Founder,Jaipur,website,,Growth Plan,10k-50k,5.0,6.0,2.0,No,2.0,0.0,0.0,4.0,4.0,2.0,1.0,2024-07-23,2024-10-01,Contacted,Follow-up scheduled.,
L00136,Sneha Reddy,sneha.reddy136@nimbusventur.com,+91-9871516460,Nimbus Ventures,Retail,5.0,Marketing Manager,Bangalore,social media,,Add-on Module,10k-50k,5.0,10.0,0.0,No,2.0,2.0,3.0,5.0,3.7,0.0,1.0,2025-01-01,2025-01-06,Lost,"Lead went cold, marking lost.",0
L00366,Isha Nair,isha.nair366@alphaindustr.com,,Alpha Industries,E-commerce,1000.0,Operations Manager,Kolkata,PPC,CMP-782,Starter Plan,50k-1L,7.0,10.0,2.0,Yes,3.0,0.0,0.0,4.0,16.7,1.0,1.0,2025-05-05,2025-08-23,Converted,"Great call, moving to won.",1
L01000,Sanjay Rao,sanjay.rao1000@zenithsystem.com,+91-9796627638,Zenith Systems,SaaS,25.0,Procurement Head,Hyderabad,Email,CMP-900,Growth Plan,50k-1L,12.0,14.0,1.0,No,1.0,0.0,4.0,1.0,15.3,2.0,2.0,2024-04-26,2024-05-31,Lost,"Budget cut, deal lost.",0
L00962,Sneha Kulkarni,sneha.kulkarni962@novalabs.com,+91-9221981371,Nova Labs,Real Estate,50.0,Procurement Head,Hyderabad,organic search,,Add-on Module,10k-50k,5.0,5.0,0.0,No,4.0,2.0,2.0,3.0,,2.0,1.0,2026-05-31,2026-06-24,Converted,"Client signed the contract, deal won!",1
L00356,Meera Mehta,meera.mehta356@abctechnolog.com,+91-9238992476,ABC Technologies,Education,100.0,Marketing Manager,Pune,Email Campaign,CMP-272,Starter Plan,NA,6.0,11.0,2.0,Yes,2.0,3.0,0.0,7.0,13.6,4.0,1.0,2026-07-25,2026-10-15,Converted,Deal closed successfully.,1
L00627,Isha Das,isha.das627@blueenterpri.com,+91-9851425983,Blue Enterprises,Retail,10.0,Director,Hyderabad,SEO,,Starter Plan,10k-50k,1.0,3.0,0.0,No,1.0,1.0,0.0,3.0,1.3,4.0,1.0,2024-02-03,2024-05-25,Converted,Deal closed successfully.,1
L00789,Karan Sharma,karan.sharma789@abcsystems.com,+91-9904536188,ABC Systems,Logistics,5.0,Marketing Manager,Kolkata,Referal,,Add-on Module,n/a,3.0,5.0,1.0,No,1.0,1.0,1.0,1.0,10.4,0.0,0.0,2025-10-23,2026-02-16,Lost,"Budget cut, deal lost.",0
L00159,Divya Gupta,divya.gupta159@abctechnolog.com,+91-9238689715,ABC Technologies,Finance,-10.0,IT Manager,Chennai,Google Ads,CMP-773,Starter Plan,unknown,1.0,4.0,0.0,No,3.0,1.0,0.0,0.0,5.8,0.0,3.0,2025-04-25,2025-06-09,Converted,Deal closed successfully.,1
L00141,Karan Nair,karan.nair141@summitnetwor.com,+91-9500189472,Summit Networks,Retail,10.0,Procurement Head,Ahmedabad,website,,Enterprise Plan,50k-1L,2.0,6.0,1.0,No,1.0,2.0,1.0,0.0,0.0,2.0,0.0,2025-08-10,2025-08-15,Lost,"No response, closing as lost.",0
L00580,Sanjay Mehta,sanjay.mehta580@zenithindust.com,+91-9196625285,Zenith Industries,Manufacturing,500.0,Founder,Remote,website,,Growth Plan,<10k,7.0,10.0,2.0,No,0.0,0.0,0.0,5.0,,1.0,1.0,2025-04-28,2025-05-15,Converted,"Great call, moving to won.",1
L00466,Arjun Mehta,arjun.mehta466@xyzlabs.com,+91-9738601676,XYZ Labs,Finance,50.0,Business Analyst,Bangalore,Organic,,Enterprise Plan,50k-1L,3.0,4.0,3.0,Y,3.0,3.0,0.0,1.0,1.5,1.0,4.0,2024-08-05,2024-11-19,Converted,"Client signed the contract, deal won!",1
L00255,Isha Nair,isha.nair255@xyzglobal.com,+91-9831652069,XYZ Global,E-commerce,5.0,IT Manager,Pune,SEO,,Starter Plan,50k-1L,4.0,6.0,0.0,Yes,1.0,1.0,1.0,0.0,6.0,2.0,1.0,2024-09-15,2024-10-06,Converted,Deal closed successfully.,1
L00680,Amit Gupta,amit.gupta680@alphalabs.com,+91-9465013425,Alpha Labs,Education,250.0,CEO,Bangalore,Referral,,Add-on Module,10k-50k,2.0,4.0,0.0,no,3.0,1.0,1.0,1.0,10.0,3.0,0.0,2025-12-14,2026-03-13,Lost,"Budget cut, deal lost.",0
L01084,Anjali Iyer,anjali.iyer1084@xyztechnolog.com,+91-9562194366,XYZ Technologies,Healthcare,100.0,IT Manager,Bangalore,Referal,,Growth Plan,10000-50000,5.0,10.0,1.0,No,2.0,0.0,2.0,0.0,22.4,1.0,0.0,2025-11-28,2025-12-07,Proposal,,
L00833,Amit Rao,amit.rao833@vertexsystem.com,+91-9169324984,Vertex Systems,Retail,1000.0,Marketing Manager,Pune,Organic,,Growth Plan,50k-1L,2.0,6.0,1.0,yes,3.0,2.0,1.0,1.0,5.2,0.0,0.0,2024-08-07,2024-11-26,Converted,"Great call, moving to won.",1
L00298,Amit Kapoor,amit.kapoor298@nimbusglobal.com,+91-9121967577,Nimbus Global,SaaS,25.0,CEO,Kolkata,website,,Enterprise Plan,<10k,3.0,4.0,2.0,No,1.0,1.0,0.0,3.0,3.5,2.0,2.0,2026-04-11,2026-05-10,Converted,"Great call, moving to won.",1
L00066,Amit Patel,amit.patel66@novaindustri.com,+91-9527460806,Nova Industries,SaaS,25.0,Sales Manager,Chennai,Organic,,Starter Plan,NA,5.0,8.0,3.0,Yes,4.0,2.0,2.0,3.0,11.6,0.0,2.0,2025-01-10,2025-01-22,New,,
L00778,Arjun Patel,arjun.patel778@zenithsystem.com,+91-9967410117,Zenith Systems,SaaS,100.0,IT Manager,Delhi,referral,,Growth Plan,1L-5L,4.0,5.0,1.0,No,1.0,1.0,0.0,5.0,21.4,5.0,0.0,2025-03-10,2025-05-31,Lost,"Lead went cold, marking lost.",0
L00842,Sneha Reddy,sneha.reddy842@abcsolutions.com,,ABC Solutions,SaaS,50.0,IT Manager,Mumbai,organic search,,Starter Plan,10k-50k,5.0,10.0,2.0,Y,1.0,2.0,0.0,3.0,0.5,3.0,1.0,2024-02-02,2024-04-28,Converted,"Client signed the contract, deal won!",1
L00865,Amit Nair,amit.nair865@brightenterp.com,+91-9380001629,Bright Enterprises,Real Estate,1000.0,IT Manager,Pune,Organic Search,,Starter Plan,NA,5.0,8.0,2.0,No,4.0,0.0,4.0,1.0,,1.0,1.0,2024-02-03,2024-02-21,Converted,"Client signed the contract, deal won!",1
L00479,Karan Das,karan.das479@brighttechno.com,+91-9171012391,Bright Technologies,Retail,10.0,Sales Manager,Mumbai,website,,Enterprise Plan,50k-1L,5.0,7.0,4.0,Yes,4.0,0.0,1.0,3.0,11.6,0.0,0.0,2024-07-10,2024-09-24,Converted,"Great call, moving to won.",1
L00677,,rajesh.sharma677@bluesystems.com,+91-9789179179,Blue Systems,E-commerce,100.0,Marketing Manager,Ahmedabad,Email,CMP-696,Growth Plan,50k-1L,3.0,5.0,0.0,No,4.0,1.0,0.0,3.0,18.0,1.0,2.0,2025-11-20,2026-01-07,Qualified,Waiting on demo.,
L00097,Rahul Gupta,rahul.gupta97@primetechnol.com,+91-9630903471,Prime Technologies,Manufacturing,10.0,CEO,Mumbai,Social Media,,Add-on Module,50k-1L,9.0,13.0,2.0,no,2.0,1.0,1.0,2.0,24.1,0.0,0.0,2024-01-29,2024-03-29,Proposal,Sent pricing info.,
L00185,Neha Nair,neha.nair185@summitventur.com,+91-9223798705,Summit Ventures,E-commerce,500.0,Procurement Head,Remote,email campaign,CMP-234,Enterprise Plan,50k-1L,1.0,3.0,0.0,No,3.0,3.0,2.0,0.0,6.2,2.0,1.0,2026-01-03,2026-01-28,Converted,Deal closed successfully.,1
L00287,Meera Nair,meera.nair287@xyzglobal.com,+91-9696104640,XYZ Global,Healthcare,10.0,Marketing Manager,Remote,WEBSITE,,Add-on Module,1L-5L,6.0,7.0,2.0,Yes,2.0,0.0,1.0,1.0,22.2,0.0,1.0,2024-04-28,2024-05-26,Converted,Deal closed successfully.,1
L00234,Arjun Iyer,arjun.iyer234@vertexindust.com,+91-9618960942,Vertex Industries,Real Estate,500.0,Founder,Remote,web site,,Add-on Module,<10k,5.0,10.0,1.0,Yes,3.0,1.0,0.0,0.0,5.0,2.0,0.0,2025-07-21,2025-11-10,Converted,"Client signed the contract, deal won!",1
L00164,Meera Patel,meera.patel164@vertexnetwor.com,+91-9453175164,Vertex Networks,Healthcare,100.0,Business Analyst,Ahmedabad,FB/Insta,,Growth Plan,5L+,8.0,11.0,2.0,Y,1.0,2.0,2.0,1.0,5.5,4.0,0.0,2026-06-18,2026-08-25,Converted,"Client signed the contract, deal won!",1
L01147,Arjun Kulkarni,arjun.kulkarni1147@nimbusventur.com,+91-9468734587,Nimbus Ventures,Healthcare,250.0,IT Manager,Mumbai,referral,,Growth Plan,unknown,1.0,5.0,0.0,Y,3.0,1.0,2.0,1.0,,0.0,1.0,2025-08-05,2025-11-20,Converted,Deal closed successfully.,1
L00381,Rahul Kapoor,rahul.kapoor381@vertexnetwor.com,+91-9556463196,Vertex Networks,E-commerce,25.0,VP Sales,Pune,FB/Insta,,Add-on Module,10k-50k,3.0,7.0,0.0,Yes,3.0,1.0,0.0,2.0,10.6,2.0,0.0,2024-08-16,2024-09-03,Proposal,Sent pricing info.,
L00222,Pooja Singh,pooja.singh222@brightenterp.com,+91-9639245052,Bright Enterprises,SaaS,-10.0,Operations Manager,Remote,website,,Add-on Module,<10k,4.0,7.0,0.0,No,1.0,2.0,2.0,3.0,9.6,5.0,0.0,2024-03-26,2024-07-14,Lost,"Budget cut, deal lost.",0
L01016,Priya Mehta,priya.mehta1016@brightglobal.com,+91-9447683330,Bright Global,Manufacturing,5.0,Director,Bangalore,website,,Add-on Module,5L+,2.0,3.0,1.0,No,2.0,1.0,1.0,2.0,5.1,1.0,0.0,2025-02-27,2025-05-24,Lost,"Lead went cold, marking lost.",0
L00157,Suresh Iyer,suresh.iyer157@alphaglobal.com,+91-9362143637,Alpha Global,Manufacturing,250.0,Procurement Head,Chennai,FB/Insta,,Add-on Module,1L-5L,5.0,9.0,2.0,No,4.0,1.0,1.0,2.0,12.7,5.0,1.0,2024-11-25,2024-12-05,Converted,"Client signed the contract, deal won!",1
L00740,Sanjay Gupta,sanjay.gupta740@zenithsystem.com,+91-9569619150,Zenith Systems,Real Estate,1000.0,Sales Manager,Mumbai,SEO,,Starter Plan,10k-50k,6.0,8.0,2.0,Yes,1.0,1.0,1.0,0.0,5.6,1.0,2.0,2026-07-19,2026-06-19,Converted,"Client signed the contract, deal won!",1
L01011,Amit Iyer,amit.iyer1011@novasystems.com,+91-9657813602,Nova Systems,Retail,25.0,Marketing Manager,Bangalore,social media,,Add-on Module,1L-5L,6.0,8.0,0.0,No,4.0,2.0,0.0,1.0,11.0,0.0,3.0,2024-02-10,2024-02-16,Converted,Deal closed successfully.,1
L01107,Karan Singh,karan.singh1107@orbittechnol.com,+91-9434493475,Orbit Technologies,Logistics,500.0,Founder,Kolkata,SEO,,Enterprise Plan,50k-1L,4.0,8.0,0.0,,4.0,1.0,0.0,3.0,15.4,1.0,2.0,2026-07-29,2026-08-01,Converted,"Great call, moving to won.",1
L00266,Divya Iyer,divya.iyer266@brightlabs.com,+91-9258422228,Bright Labs,Education,50.0,Business Analyst,Jaipur,Referal,,Growth Plan,50k-1L,9.0,14.0,3.0,Yes,1.0,0.0,0.0,2.0,15.3,2.0,3.0,2025-09-27,2025-10-09,Converted,Deal closed successfully.,1
L00200,Arjun Sharma,arjun.sharma200@summitsystem.com,+91-9920672345,Summit Systems,Healthcare,25.0,Founder,Jaipur,Referral,,Growth Plan,1L-5L,1.0,1.0,0.0,No,0.0,2.0,2.0,1.0,4.9,1.0,0.0,2025-04-08,2025-05-11,Lost,"No response, closing as lost.",0
L00245,Vikram Joshi,vikram.joshi245@summitindust.com,+91-9554805847,Summit Industries,Media,25.0,Sales Manager,Bangalore,FB/Insta,,Starter Plan,10k-50k,1.0,1.0,1.0,Y,6.0,1.0,1.0,3.0,8.5,3.0,0.0,2025-10-10,2025-11-27,Lost,"Lead went cold, marking lost.",0
L01020,Isha Das,isha.das1020@abctechnolog.com,+91-9946680148,ABC Technologies,Media,10.0,Sales Manager,Pune,Email Campaign,CMP-443,Add-on Module,10k-50k,5.0,12.0,0.0,Yes,2.0,1.0,2.0,3.0,34.4,3.0,0.0,2024-10-09,2025-01-12,Converted,"Client signed the contract, deal won!",1
L00530,Kavya Patel,kavya.patel530@xyztechnolog.com,+91-9732548234,XYZ Technologies,Manufacturing,250.0,VP Sales,Kolkata,Organic Search,,Add-on Module,<10k,1.0,3.0,0.0,Yes,4.0,2.0,1.0,4.0,,3.0,0.0,2025-01-05,2025-05-02,Converted,"Client signed the contract, deal won!",1
L00919,Neha Gupta,neha.gupta919@bluenetworks.com,+91-9594492431,Blue Networks,Media,5.0,Founder,Mumbai,Organic Search,,Starter Plan,1L-5L,4.0,5.0,2.0,Yes,4.0,2.0,0.0,1.0,5.9,0.0,0.0,2026-06-08,2026-06-30,Converted,Deal closed successfully.,1
L00347,Isha Mehta,isha.mehta347@bluesystems.com,+91-9572052528,Blue Systems,Healthcare,10.0,VP Sales,Remote,FB/Insta,,Growth Plan,50k-1L,4.0,8.0,2.0,No,1.0,2.0,0.0,1.0,5.2,0.0,0.0,2025-11-23,2026-01-19,Lost,"Lead went cold, marking lost.",0
L00416,Rajesh Joshi,rajesh.joshi416@brightnetwor.com,+91-9304666542,Bright Networks,Retail,5.0,Sales Manager,Ahmedabad,organic search,,Starter Plan,<10k,3.0,4.0,0.0,yes,2.0,2.0,2.0,1.0,4.0,2.0,0.0,2025-01-13,2025-02-17,Lost,"Lead went cold, marking lost.",0
L00383,Priya Rao,priya.rao383@bluesolution.com,+91-9971313059,Blue Solutions,Finance,50.0,Marketing Manager,Jaipur,organic search,,Starter Plan,<10k,1.0,2.0,1.0,yes,2.0,1.0,2.0,2.0,2.0,2.0,2.0,2025-09-03,2025-12-31,Converted,Deal closed successfully.,1
L00679,Meera Patel,meera.patel679@alphaglobal.com,+91-9675859949,Alpha Global,Real Estate,250.0,Director,Jaipur,Organic,,Enterprise Plan,<10k,3.0,10.0,0.0,No,0.0,3.0,0.0,0.0,0.9,0.0,1.0,2026-04-19,2026-07-31,Converted,"Client signed the contract, deal won!",1
L01003,Kavya Joshi,,+91-9811100745,ABC Global,Media,25.0,Business Analyst,Bangalore,social media,,Add-on Module,NA,3.0,8.0,1.0,No,1.0,1.0,3.0,2.0,,0.0,3.0,2025-11-11,2026-02-06,Lost,"Lead went cold, marking lost.",0
L00362,Anjali Rao,anjali.rao362@novasystems.com,+91-9789283292,Nova Systems,E-commerce,500.0,Procurement Head,Kolkata,Social,,Enterprise Plan,<10k,4.0,7.0,4.0,No,1.0,0.0,0.0,0.0,1.5,1.0,0.0,2025-03-05,2025-05-16,Converted,"Great call, moving to won.",1
L00491,Suresh Gupta,suresh.gupta491@abclabs.com,+91-9613995289,ABC Labs,,250.0,VP Sales,Jaipur,Email,CMP-419,Starter Plan,50k-1L,4.0,5.0,1.0,No,2.0,0.0,3.0,2.0,1.9,0.0,1.0,2024-07-30,2024-08-08,Converted,"Great call, moving to won.",1
L01195,Priya Rao,,+91-9346570606,Nova Global,Manufacturing,250.0,Business Analyst,Delhi,email campaign,CMP-403,Starter Plan,1L-5L,4.0,7.0,2.0,No,1.0,1.0,1.0,0.0,6.3,2.0,0.0,2024-10-11,2024-12-23,Converted,"Great call, moving to won.",1
L00912,Neha Reddy,,+91-9650428058,Blue Labs,Education,0.0,CEO,Bangalore,Web,,Enterprise Plan,1L-5L,3.0,6.0,1.0,N,4.0,2.0,0.0,1.0,11.9,1.0,0.0,2025-12-30,2026-04-03,Lost,"Budget cut, deal lost.",0
L00423,,,+91-9714878611,Prime Software,E-commerce,50.0,Procurement Head,Remote,Referal,,Growth Plan,<10k,2.0,4.0,0.0,No,3.0,1.0,1.0,5.0,5.0,0.0,3.0,2025-05-11,2025-07-19,Demo Scheduled,,
L00671,Rajesh Nair,rajesh.nair671@novatechnolo.com,+91-9798519121,Nova Technologies,Media,50.0,CEO,Pune,website,,Enterprise Plan,10k-50k,4.0,4.0,1.0,No,2.0,3.0,0.0,4.0,7.4,2.0,1.0,2026-05-20,2026-08-29,Converted,"Great call, moving to won.",1
L00932,Divya Iyer,divya.iyer932@zenithsystem.com,+91-9973562877,Zenith Systems,Real Estate,1000.0,Operations Manager,Delhi,email campaign,CMP-705,Growth Plan,50k-1L,6.0,10.0,1.0,Yes,1.0,1.0,1.0,6.0,,2.0,0.0,2024-02-26,2024-04-11,Converted,"Client signed the contract, deal won!",1
L00971,Pooja Verma,pooja.verma971@primenetwork.com,+91-9892520417,Prime Networks,Logistics,1000.0,VP Sales,Bangalore,email campaign,CMP-281,Enterprise Plan,1L-5L,6.0,8.0,0.0,No,1.0,0.0,0.0,1.0,21.7,2.0,0.0,2024-05-09,2024-06-09,Demo Scheduled,Sent pricing info.,
L01034,Sneha Verma,sneha.verma1034@novasystems.com,+91-9324752014,Nova Systems,Finance,100.0,Founder,Pune,email campaign,CMP-441,Starter Plan,50k-1L,3.0,6.0,1.0,No,2.0,1.0,0.0,4.0,21.0,1.0,1.0,2026-07-31,2026-11-02,Converted,"Great call, moving to won.",1
L01070,Rahul Nair,rahul.nair1070@bluenetworks.com,+91-9735975365,Blue Networks,E-commerce,500.0,Marketing Manager,Chennai,Organic,,Add-on Module,10k-50k,4.0,4.0,2.0,No,1.0,0.0,1.0,3.0,21.5,1.0,2.0,2026-06-19,2026-07-13,Converted,"Great call, moving to won.",1
L01192,Manoj Mehta,manoj.mehta1192xyzindustrie.com,+91-9729829356,XYZ Industries,Retail,10.0,VP Sales,Delhi,website,,Add-on Module,10k-50k,4.0,9.0,2.0,Yes,2.0,0.0,0.0,2.0,12.0,2.0,3.0,2024-01-02,2024-02-03,Demo Scheduled,,
L00554,Rohan Joshi,,,Nova Labs,Finance,50.0,Business Analyst,Jaipur,Google Ads,CMP-740,Enterprise Plan,10k-50k,4.0,7.0,1.0,No,0.0,1.0,0.0,1.0,9.1,0.0,1.0,2024-05-30,2024-05-31,Converted,Deal closed successfully.,1
L00893,Suresh Gupta,suresh.gupta893@vertexventur.com,,Vertex Ventures,E-commerce,500.0,Business Analyst,Kolkata,Paid Ads,CMP-975,Add-on Module,10k-50k,5.0,8.0,0.0,Yes,3.0,1.0,4.0,0.0,1.3,2.0,0.0,2025-11-27,2025-12-20,Converted,"Great call, moving to won.",1
L00179,Isha Iyer,isha.iyer179@bluelabs.com,+91-9763611665,Blue Labs,Media,1000.0,VP Sales,Kolkata,FB/Insta,,Growth Plan,1L-5L,3.0,3.0,1.0,No,1.0,0.0,1.0,1.0,10.4,0.0,0.0,2025-02-08,2025-04-29,Lost,"Budget cut, deal lost.",0
L00716,Sneha Mehta,sneha.mehta716@xyzventures.com,+91-9167003872,XYZ Ventures,E-commerce,100.0,Business Analyst,Kolkata,website,,Starter Plan,5L+,7.0,9.0,0.0,No,1.0,1.0,0.0,1.0,7.1,0.0,4.0,2024-06-06,2024-08-27,Contacted,,
L00935,Manoj Singh,manoj.singh935@novasolution.com,+91-9219768449,Nova Solutions,Retail,25.0,IT Manager,Remote,email campaign,CMP-152,Growth Plan,10k-50k,4.0,5.0,2.0,No,0.0,1.0,2.0,0.0,8.5,2.0,3.0,2024-10-08,2024-11-21,Converted,"Client signed the contract, deal won!",1
L00533,Divya Das,divya.das533@summitventur.com,+91-9701854699,Summit Ventures,E-commerce,1000.0,Marketing Manager,Mumbai,paid ads,CMP-109,Starter Plan,50k-1L,2.0,6.0,0.0,yes,0.0,1.0,0.0,2.0,0.9,1.0,0.0,2024-05-18,2024-07-24,Converted,"Client signed the contract, deal won!",1
L00359,Manoj Kulkarni,manoj.kulkarni359@novasoftware.com,+91-9787346685,Nova Software,Finance,500.0,VP Sales,Pune,Ads,CMP-197,Growth Plan,50k-1L,5.0,8.0,2.0,No,2.0,1.0,1.0,0.0,25.2,1.0,2.0,2025-07-18,2025-11-06,Lost,"Budget cut, deal lost.",0
L00902,Rajesh Das,rajesh.das902@alphaglobal.com,+91-9753836627,Alpha Global,Logistics,25.0,CEO,Ahmedabad,PPC,CMP-969,Add-on Module,50k-1L,4.0,6.0,1.0,Yes,4.0,0.0,1.0,1.0,4.4,1.0,1.0,2025-11-07,2026-02-08,Qualified,Follow-up scheduled.,
L00089,Ritu Verma,ritu.verma89@orbitenterpr.com,+91-9848237025,Orbit Enterprises,E-commerce,250.0,Operations Manager,Mumbai,Social Media,,Growth Plan,1L-5L,6.0,10.0,3.0,No,2.0,1.0,1.0,4.0,5.4,1.0,1.0,2024-04-01,2024-07-07,Proposal,Follow-up scheduled.,
L00674,Rohan Rao,rohan.rao674@orbitindustr.com,+91-9847538389,Orbit Industries,Media,100.0,Sales Manager,Hyderabad,email campaign,CMP-252,Growth Plan,NA,7.0,10.0,0.0,No,3.0,1.0,0.0,1.0,,2.0,2.0,2024-11-13,2025-01-10,Converted,Deal closed successfully.,1
L00329,Vikram Das,vikram.das329@abcglobal.com,+91-9854057246,ABC Global,Manufacturing,25.0,Sales Manager,Jaipur,email campaign,CMP-198,Add-on Module,50k-1L,5.0,6.0,1.0,Yes,1.0,1.0,1.0,3.0,11.7,0.0,2.0,2025-02-15,2025-05-29,Converted,"Client signed the contract, deal won!",1
L01145,Sneha Nair,sneha.nair1145@zenithsystem.com,+91-9979508635,Zenith Systems,Real Estate,500.0,Procurement Head,Hyderabad,WEBSITE,,Starter Plan,<10k,2.0,5.0,0.0,No,5.0,2.0,0.0,5.0,12.0,0.0,0.0,2026-06-01,2026-07-16,Lost,"Budget cut, deal lost.",0
L01104,Arjun Joshi,arjun.joshi1104@novasolution.com,+91-9637137171,Nova Solutions,Retail,25.0,IT Manager,Hyderabad,SEO,,Add-on Module,<10k,3.0,4.0,1.0,no,2.0,3.0,0.0,3.0,0.3,1.0,3.0,2024-02-26,2024-04-02,Lost,"No response, closing as lost.",0
L00666,Manoj Joshi,manoj.joshi666@brightglobal.com,+91-9212066395,Bright Global,Healthcare,250.0,Sales Manager,Jaipur,WEBSITE,,Add-on Module,1L-5L,4.0,8.0,0.0,No,2.0,1.0,0.0,2.0,13.3,0.0,2.0,2025-02-11,2025-03-11,Lost,"Budget cut, deal lost.",0
L00618,Divya Patel,divya.patel618@primeventure.com,+91-9940098094,Prime Ventures,Real Estate,100.0,Founder,Mumbai,Social,,Growth Plan,10k-50k,3.0,11.0,2.0,No,3.0,2.0,0.0,1.0,23.5,3.0,0.0,2024-07-24,2024-10-02,Lost,"Lead went cold, marking lost.",0
L01183,Vikram Das,vikram.das1183orbitglobal.com,+91-9349303870,Orbit Global,Real Estate,1000.0,Sales Manager,Remote,WEBSITE,,Growth Plan,10k-50k,1.0,6.0,0.0,Y,2.0,2.0,0.0,1.0,7.4,3.0,0.0,2025-09-18,2025-09-22,Converted,"Client signed the contract, deal won!",1
L00333,Pooja Nair,pooja.nair333@primeenterpr.com,+91-9254541844,Prime Enterprises,Media,25.0,Marketing Manager,Hyderabad,Social,,Growth Plan,10000-50000,5.0,5.0,0.0,No,2.0,0.0,0.0,1.0,46.5,2.0,2.0,2026-04-26,2026-06-15,Lost,"Budget cut, deal lost.",0
L00267,Rohan Gupta,rohan.gupta267@novalabs.com,,Nova Labs,Healthcare,10.0,Business Analyst,Jaipur,Organic,,Enterprise Plan,50k-1L,7.0,7.0,2.0,No,0.0,1.0,1.0,0.0,,3.0,1.0,2026-01-24,2026-03-28,Lost,"No response, closing as lost.",0
L00060,Divya Verma,divya.verma60@xyznetworks.com,+91-9454149199,XYZ Networks,Education,10.0,Procurement Head,Jaipur,SEO,,Add-on Module,50k-1L,7.0,10.0,1.0,Yes,0.0,1.0,2.0,2.0,3.6,4.0,3.0,2026-02-12,2026-03-21,Lost,"No response, closing as lost.",0
L00307,Pooja Reddy,pooja.reddy307@xyzsolutions.com,+91-9803855889,XYZ Solutions,Real Estate,1000.0,IT Manager,Hyderabad,Web,,Starter Plan,1L-5L,3.0,5.0,2.0,No,1.0,1.0,1.0,1.0,7.2,3.0,1.0,2025-04-07,2025-03-08,Converted,"Great call, moving to won.",1
L00786,Sneha Verma,sneha.verma786@zenithglobal.com,+91-9212081358,Zenith Global,Manufacturing,25.0,Marketing Manager,Ahmedabad,Referral,,Enterprise Plan,50k-1L,2.0,4.0,2.0,No,1.0,1.0,1.0,1.0,7.9,0.0,1.0,2024-11-21,2024-11-30,Converted,Deal closed successfully.,1
L00712,Arjun Singh,arjun.singh712@vertexsystem.com,+91-9359488800,Vertex Systems,Healthcare,1000.0,Procurement Head,Chennai,Email,CMP-865,Starter Plan,10k-50k,2.0,4.0,0.0,No,2.0,1.0,2.0,1.0,5.1,1.0,1.0,2026-02-16,2026-06-02,Converted,"Client signed the contract, deal won!",1
L01031,Vikram Joshi,vikram.joshi1031@abcindustrie.com,+91-9986355568,ABC Industries,Media,50.0,Founder,Pune,Social,,Growth Plan,10k-50k,6.0,8.0,2.0,No,6.0,2.0,3.0,2.0,10.7,0.0,0.0,2024-01-17,2024-05-01,Converted,Deal closed successfully.,1
L00635,Rohan Rao,rohan.rao635@alphaventure.com,+91-9685652725,Alpha Ventures,Manufacturing,100.0,Sales Manager,Kolkata,Email Campaign,CMP-732,Growth Plan,<10k,2.0,5.0,1.0,No,1.0,2.0,1.0,1.0,28.1,0.0,2.0,2025-05-05,2025-05-31,Converted,Deal closed successfully.,1
L00494,Anjali Reddy,,+91-9398179475,Zenith Solutions,SaaS,50.0,IT Manager,Jaipur,website,,Enterprise Plan,NA,3.0,7.0,1.0,Yes,4.0,1.0,1.0,5.0,24.0,1.0,1.0,2024-10-07,2025-01-13,Converted,"Great call, moving to won.",1
L00809,Meera Iyer,,+91-9918333042,Nova Software,Logistics,1000.0,Director,Jaipur,Referral,,Add-on Module,50k-1L,1.0,8.0,1.0,No,0.0,0.0,0.0,2.0,15.3,0.0,1.0,2024-03-23,2024-04-14,Converted,"Great call, moving to won.",1
L00948,Divya Reddy,divya.reddy948@novaindustri.com,+91-9258443428,Nova Industries,Media,50.0,Founder,Mumbai,Organic,,Growth Plan,1L-5L,8.0,12.0,5.0,no,4.0,0.0,1.0,0.0,,1.0,0.0,2025-10-15,2026-01-19,Lost,"Budget cut, deal lost.",0
L00304,Divya Verma,divya.verma304@blueenterpri.com,+91-9511921191,Blue Enterprises,Logistics,100.0,VP Sales,Jaipur,Organic Search,,Starter Plan,1L-5L,5.0,7.0,1.0,No,3.0,1.0,0.0,1.0,4.9,1.0,0.0,2024-05-18,2024-06-03,Lost,"Lead went cold, marking lost.",0
L00711,Rahul Das,rahul.das711@alphalabs.com,,Alpha Labs,Education,1000.0,Marketing Manager,Ahmedabad,Website,,Enterprise Plan,10k-50k,2.0,7.0,0.0,Yes,4.0,2.0,3.0,0.0,12.7,1.0,0.0,2025-08-10,2025-09-06,Converted,"Great call, moving to won.",1
L00382,Rahul Kapoor,rahul.kapoor382@vertexglobal.com,+91-9932888314,Vertex Global,Finance,100.0,Sales Manager,Bangalore,Google Ads,CMP-721,Starter Plan,<10k,3.0,7.0,0.0,No,2.0,0.0,2.0,2.0,3.9,1.0,0.0,2024-01-12,2024-04-30,Lost,"Budget cut, deal lost.",0
L00598,Neha Kulkarni,neha.kulkarni598@zenithenterp.com,+91-9590637919,Zenith Enterprises,Retail,1000.0,IT Manager,Delhi,Web,,Enterprise Plan,1L-5L,1.0,3.0,0.0,Yes,1.0,1.0,2.0,2.0,3.7,4.0,1.0,2025-05-01,2025-06-01,Qualified,Waiting on demo.,
L00084,Isha Nair,isha.nair84@xyzsystems.com,,XYZ Systems,Finance,500.0,Director,Delhi,Referal,,Add-on Module,10000-50000,1.0,3.0,0.0,Yes,3.0,0.0,1.0,3.0,,0.0,0.0,2024-12-18,2025-01-25,Converted,Deal closed successfully.,1
L00130,Sneha Kulkarni,sneha.kulkarni130@abctechnolog.com,+91-9775043203,ABC Technologies,Manufacturing,100.0,CEO,Mumbai,Email,CMP-840,Starter Plan,<10k,3.0,7.0,0.0,yes,1.0,0.0,1.0,0.0,15.6,2.0,1.0,2024-04-01,2024-07-25,Converted,"Great call, moving to won.",1
L00673,Rohan Nair,rohan.nair673@vertexenterp.com,+91-9217340152,Vertex Enterprises,Media,100.0,Founder,Chennai,Organic Search,,Starter Plan,50k-1L,4.0,7.0,3.0,No,3.0,1.0,1.0,1.0,,6.0,0.0,2025-03-09,2025-06-24,Converted,"Great call, moving to won.",1
L01010,Neha Joshi,neha.joshi1010@summitsoftwa.com,+91-9120293124,Summit Software,Healthcare,500.0,IT Manager,Bangalore,referral,,Add-on Module,<10k,1.0,4.0,0.0,No,3.0,1.0,1.0,0.0,2.3,3.0,1.0,2024-11-01,2024-12-19,Converted,"Great call, moving to won.",1
L00980,Isha Iyer,isha.iyer980@bluesolution.com,+91-9980725162,Blue Solutions,Healthcare,100.0,Marketing Manager,Chennai,Email Campaign,CMP-657,Enterprise Plan,10k-50k,3.0,6.0,0.0,No,2.0,0.0,1.0,1.0,24.7,0.0,0.0,2024-06-19,2024-08-25,Converted,Deal closed successfully.,1
L00815,Sneha Iyer,sneha.iyer815@vertextechno.com,+91-9542738028,Vertex Technologies,SaaS,1000.0,VP Sales,Kolkata,website,,Growth Plan,n/a,7.0,10.0,1.0,yes,0.0,1.0,2.0,1.0,1.6,0.0,0.0,2025-09-25,2025-11-12,Converted,"Client signed the contract, deal won!",1
L00261,Meera Kapoor,meera.kapoor261@blueindustri.com,+91-9905946729,Blue Industries,E-commerce,500.0,VP Sales,Ahmedabad,Social Media,,Add-on Module,10k-50k,4.0,6.0,4.0,Yes,0.0,1.0,1.0,0.0,,1.0,2.0,2025-02-03,2025-03-13,Converted,"Great call, moving to won.",1
L00772,Ritu Kulkarni,,+91-9647125943,ABC Systems,Finance,5.0,Founder,Delhi,Email Campaign,CMP-926,Growth Plan,10000-50000,2.0,6.0,2.0,No,1.0,1.0,1.0,6.0,19.0,0.0,2.0,2026-05-17,2026-07-16,Lost,"Lead went cold, marking lost.",0
L00590,Divya Iyer,divya.iyer590@orbitsolutio.com,+91-9373752177,Orbit Solutions,Logistics,500.0,VP Sales,Mumbai,WEBSITE,,Enterprise Plan,50k-1L,5.0,6.0,1.0,Yes,2.0,2.0,0.0,3.0,10.1,1.0,0.0,2025-05-23,2025-07-23,Converted,"Great call, moving to won.",1
L01137,Suresh Mehta,suresh.mehta1137@bluesolution.com,+91-9176906189,Blue Solutions,Real Estate,0.0,Operations Manager,Hyderabad,Organic,,Add-on Module,1L-5L,8.0,11.0,3.0,No,2.0,1.0,0.0,5.0,,2.0,1.0,2024-10-07,2024-11-07,Converted,"Great call, moving to won.",1
L00755,Meera Sharma,meera.sharma755@summittechno.com,+91-9176045668,Summit Technologies,Media,100.0,Business Analyst,Ahmedabad,Website,,Add-on Module,10k-50k,3.0,9.0,1.0,No,1.0,1.0,0.0,2.0,0.0,2.0,2.0,2026-02-19,2026-03-04,Lost,"No response, closing as lost.",0
L00139,Neha Sharma,neha.sharma139@vertexventur.com,+91-9347825765,Vertex Ventures,Healthcare,100.0,CEO,Chennai,SEO,,Enterprise Plan,unknown,3.0,7.0,2.0,Yes,0.0,1.0,1.0,0.0,1.8,0.0,1.0,2025-02-09,2025-03-09,Converted,"Great call, moving to won.",1
L00293,Suresh Gupta,suresh.gupta293@summittechno.com,+91-9319100244,Summit Technologies,E-commerce,100.0,Director,Ahmedabad,Paid Ads,CMP-901,Enterprise Plan,50k-1L,2.0,3.0,0.0,Yes,0.0,0.0,3.0,3.0,6.3,4.0,0.0,2025-02-22,2025-05-04,Converted,"Client signed the contract, deal won!",1
L01006,Sanjay Iyer,sanjay.iyer1006@summitlabs.com,+91-9270698944,Summit Labs,Manufacturing,500.0,Marketing Manager,Hyderabad,email campaign,CMP-255,Enterprise Plan,50k-1L,5.0,8.0,0.0,No,2.0,1.0,1.0,2.0,57.5,0.0,3.0,2024-09-09,2024-10-23,Lost,"Budget cut, deal lost.",0
L00142,Rahul Patel,,+91-9748378757,Orbit Networks,Finance,500.0,Procurement Head,Mumbai,paid ads,CMP-489,Growth Plan,50k-1L,2.0,6.0,1.0,Yes,0.0,3.0,2.0,2.0,32.4,0.0,0.0,2026-05-07,2026-08-30,Lost,"No response, closing as lost.",0
L00592,Rohan Kapoor,rohan.kapoor592vertexenterp.com,+91-9700003180,Vertex Enterprises,Education,50.0,VP Sales,Bangalore,Ads,CMP-215,Starter Plan,50k-1L,3.0,8.0,2.0,Yes,0.0,1.0,0.0,2.0,28.3,1.0,3.0,2024-03-29,2024-07-15,Converted,"Great call, moving to won.",1
L00448,Karan Das,karan.das448@novaventures.com,+91-9111488873,Nova Ventures,Logistics,250.0,Operations Manager,Mumbai,PPC,CMP-738,Starter Plan,<10k,7.0,12.0,3.0,Yes,2.0,1.0,1.0,3.0,3.8,1.0,0.0,2024-11-13,2025-03-07,Converted,Deal closed successfully.,1
L00873,Priya Mehta,,,Blue Enterprises,Real Estate,1000.0,Marketing Manager,Bangalore,email campaign,CMP-897,Growth Plan,<10k,2.0,3.0,1.0,yes,2.0,0.0,1.0,3.0,14.7,1.0,0.0,2026-05-06,2026-08-29,Lost,"No response, closing as lost.",0
L00140,Rohan Joshi,rohan.joshi140@novasystems.com,+91-9993783397,Nova Systems,Real Estate,50.0,CEO,Mumbai,Social Media,,Growth Plan,50k-1L,6.0,7.0,0.0,Yes,3.0,1.0,2.0,2.0,1.5,1.0,0.0,2025-08-27,2025-11-17,Converted,Deal closed successfully.,1
L00760,Arjun Mehta,arjun.mehta760@summitnetwor.com,+91-9322403652,Summit Networks,Education,250.0,Business Analyst,Mumbai,Email Campaign,CMP-156,Growth Plan,10000-50000,3.0,7.0,0.0,No,2.0,1.0,1.0,3.0,4.0,1.0,0.0,2025-02-18,2025-05-31,Converted,Deal closed successfully.,1
L00913,Rajesh Sharma,rajesh.sharma913@primetechnol.com,+91-9843516922,Prime Technologies,Manufacturing,10.0,Sales Manager,Ahmedabad,Referral,,Enterprise Plan,<10k,6.0,7.0,3.0,Yes,5.0,2.0,0.0,0.0,3.1,0.0,1.0,2026-03-14,2026-03-14,Converted,"Great call, moving to won.",1
L00225,Sanjay Reddy,sanjay.reddy225@orbitventure.com,+91-9933122292,Orbit Ventures,Healthcare,50.0,Sales Manager,Bangalore,Ads,CMP-419,Add-on Module,10k-50k,4.0,7.0,1.0,No,1.0,0.0,1.0,2.0,0.8,1.0,1.0,2025-02-25,2025-05-23,New,Follow-up scheduled.,
L00782,Karan Nair,karan.nair782@vertexsoluti.com,+91-9968747921,Vertex Solutions,Healthcare,1000.0,Director,Ahmedabad,WEBSITE,,Growth Plan,50k-1L,2.0,6.0,0.0,No,4.0,0.0,2.0,1.0,8.9,1.0,0.0,2025-01-19,2025-03-07,Lost,"Budget cut, deal lost.",0
L00275,Anjali Kulkarni,anjali.kulkarni275@primesolutio.com,+91-9874234201,Prime Solutions,Retail,25.0,Operations Manager,Remote,Referral,,Growth Plan,10k-50k,3.0,8.0,1.0,No,0.0,1.0,0.0,4.0,1.3,3.0,3.0,2024-12-30,2025-01-16,Lost,"Lead went cold, marking lost.",0
L00324,Sanjay Nair,sanjay.nair324@zenithglobal.com,+91-9429553511,Zenith Global,Manufacturing,250.0,CEO,Remote,Referal,,Starter Plan,10k-50k,6.0,8.0,2.0,Yes,1.0,0.0,1.0,6.0,13.7,0.0,0.0,2025-10-30,2025-11-12,Converted,"Client signed the contract, deal won!",1
L00668,Meera Iyer,meera.iyer668@blueglobal.com,+91-9616994391,Blue Global,Retail,100.0,Procurement Head,Hyderabad,Email Campaign,CMP-505,Enterprise Plan,<10k,3.0,9.0,1.0,No,4.0,1.0,1.0,2.0,4.2,1.0,0.0,2024-06-04,2024-06-30,Lost,"No response, closing as lost.",0
L00378,Anjali Reddy,anjali.reddy378@xyzglobal.com,+91-9901301827,XYZ Global,Retail,5.0,Marketing Manager,Delhi,web site,,Enterprise Plan,<10k,3.0,6.0,2.0,No,2.0,1.0,2.0,2.0,0.2,1.0,0.0,2025-05-26,2025-06-01,Demo Scheduled,Sent pricing info.,
L00621,Rohan Rao,rohan.rao621@xyzglobal.com,+91-9681946808,XYZ Global,Logistics,500.0,Marketing Manager,Remote,Referral,,Enterprise Plan,10k-50k,4.0,8.0,1.0,No,2.0,1.0,1.0,3.0,4.6,2.0,0.0,2025-09-04,2025-09-08,Converted,"Great call, moving to won.",1
L00901,Anjali Kulkarni,anjali.kulkarni901@nimbussystem.com,+91-9191577462,Nimbus Systems,Finance,5.0,Founder,Ahmedabad,website,,Enterprise Plan,<10k,3.0,6.0,2.0,Yes,1.0,1.0,1.0,0.0,3.1,2.0,2.0,2025-09-20,2025-12-06,Qualified,,
L01076,Manoj Gupta,manoj.gupta1076@zenithsoluti.com,+91-9997794964,Zenith Solutions,Real Estate,50.0,Operations Manager,Ahmedabad,email campaign,CMP-417,Starter Plan,1L-5L,5.0,7.0,3.0,,1.0,1.0,1.0,1.0,2.2,1.0,1.0,2024-08-31,2024-09-24,Contacted,Waiting on demo.,
L00669,Anjali Kulkarni,anjali.kulkarni669@brightlabs.com,+91-9572043247,Bright Labs,Finance,1000.0,Marketing Manager,Remote,Social,,Add-on Module,50k-1L,0.0,3.0,0.0,No,2.0,0.0,1.0,3.0,,2.0,0.0,2026-06-20,2026-09-28,Lost,"Budget cut, deal lost.",0
L00723,Kavya Gupta,kavya.gupta723@nimbusventur.com,+91-9118230032,Nimbus Ventures,SaaS,10.0,Operations Manager,Hyderabad,Referral,,Enterprise Plan,NA,3.0,9.0,1.0,Yes,2.0,1.0,0.0,4.0,24.3,0.0,1.0,2024-06-21,2024-08-13,Converted,"Client signed the contract, deal won!",1
L00988,Priya Patel,,+91-9569881430,XYZ Networks,Media,50.0,Marketing Manager,Remote,Email Campaign,CMP-665,Add-on Module,10k-50k,3.0,10.0,1.0,Yes,0.0,1.0,0.0,3.0,8.7,1.0,0.0,2025-02-03,2025-03-19,Lost,"Budget cut, deal lost.",0
L00535,Neha Iyer,neha.iyer535@brightnetwor.com,+91-9371716572,Bright Networks,SaaS,250.0,Operations Manager,Hyderabad,Google Ads,CMP-991,Growth Plan,10k-50k,4.0,8.0,2.0,yes,4.0,0.0,1.0,2.0,8.0,1.0,0.0,2024-01-27,2024-02-07,Converted,"Great call, moving to won.",1
L01054,Meera Singh,meera.singh1054@alphaglobal.com,+91-9719656259,Alpha Global,SaaS,250.0,Founder,Jaipur,Social,,Enterprise Plan,50k-1L,11.0,14.0,4.0,No,2.0,1.0,2.0,1.0,,1.0,1.0,2025-11-09,2025-12-09,Converted,"Great call, moving to won.",1
L09010,Rohan Kulkarni,ROHAN.KULKARNI734@BRIGHTVENTUR.COM,+91-9883394298,Bright Ventures,Media,250.0,VP Sales,Chennai,Ads,CMP-701,Growth Plan,10k-50k,2.0,4.0,1.0,No,2.0,2.0,1.0,4.0,1.7,2.0,2.0,2025-05-12,2025-05-19,Converted,Deal closed successfully.,1
L00799,Amit Gupta,amit.gupta799@zenithtechno.com,,Zenith Technologies,Retail,100.0,Operations Manager,Chennai,SEO,,Add-on Module,50k-1L,3.0,8.0,2.0,Yes,1.0,0.0,0.0,1.0,10.1,0.0,0.0,2024-11-16,2025-01-25,Converted,Deal closed successfully.,1
L01053,Sneha Iyer,,+91-9597098832,Alpha Solutions,Finance,25.0,Business Analyst,Jaipur,Email,CMP-755,Add-on Module,1L-5L,3.0,6.0,2.0,No,2.0,0.0,1.0,2.0,9.5,2.0,0.0,2025-08-11,2025-11-30,Demo Scheduled,,
L00322,Sanjay Rao,sanjay.rao322@abcnetworks.com,+91-9675039155,ABC Networks,Education,50.0,CEO,Hyderabad,Email,CMP-206,Enterprise Plan,10k-50k,2.0,4.0,1.0,No,0.0,2.0,1.0,1.0,0.6,0.0,2.0,2025-07-10,2025-08-30,Lost,"Lead went cold, marking lost.",0
L00803,Neha Kulkarni,neha.kulkarni803@zenithsystem.com,+91-9204637082,Zenith Systems,Finance,1000.0,Sales Manager,Hyderabad,Email Campaign,CMP-333,Enterprise Plan,50k-1L,6.0,8.0,1.0,no,3.0,0.0,0.0,3.0,8.9,3.0,3.0,2024-11-13,2024-11-14,Converted,"Great call, moving to won.",1
L00737,Amit Iyer,amit.iyer737@primesoftwar.com,+91-9505110061,Prime Software,Healthcare,10.0,VP Sales,Ahmedabad,FB/Insta,,Add-on Module,<10k,4.0,7.0,0.0,Yes,0.0,1.0,1.0,0.0,23.4,3.0,0.0,2024-06-02,2024-08-18,Lost,"Budget cut, deal lost.",0
L00915,Rahul Das,rahul.das915@blueenterpri.com,+91-9430391976,Blue Enterprises,Media,5.0,Procurement Head,Remote,Ads,CMP-208,Starter Plan,n/a,1.0,3.0,0.0,No,3.0,1.0,2.0,5.0,7.9,2.0,0.0,2024-04-18,2024-04-28,Lost,"Lead went cold, marking lost.",0
L00351,Arjun Singh,arjun.singh351xyznetworks.com,+91-9711893537,XYZ Networks,Retail,100.0,Operations Manager,Mumbai,SEO,,Add-on Module,10k-50k,4.0,8.0,1.0,Yes,4.0,1.0,1.0,2.0,2.4,3.0,1.0,2026-06-21,2026-07-10,Converted,"Client signed the contract, deal won!",1
L00040,Priya Mehta,priya.mehta40@brightnetwor.com,+91-9957618221,Bright Networks,Manufacturing,500.0,Founder,Jaipur,Social Media,,Starter Plan,unknown,2.0,3.0,2.0,Yes,0.0,2.0,2.0,4.0,8.6,0.0,1.0,2024-06-09,2024-09-25,Demo Scheduled,Follow-up scheduled.,
L00031,Suresh Mehta,suresh.mehta31@nimbusnetwor.com,+91-9694640062,Nimbus Networks,Logistics,50.0,Procurement Head,Remote,Website,,Add-on Module,5L+,2.0,5.0,1.0,Yes,2.0,0.0,0.0,1.0,5.0,2.0,2.0,2026-01-20,2026-01-28,Converted,"Client signed the contract, deal won!",1
L00243,Priya Verma,priya.verma243@summitventur.com,+91-9752168226,Summit Ventures,Manufacturing,10.0,Founder,Chennai,Website,,Growth Plan,10k-50k,4.0,8.0,0.0,Yes,1.0,2.0,1.0,3.0,15.6,1.0,0.0,2025-06-11,2025-07-08,Converted,"Great call, moving to won.",1
L01036,Rahul Sharma,,+91-9864375455,Blue Technologies,Manufacturing,1000.0,Operations Manager,Pune,FB/Insta,,Enterprise Plan,50k-1L,2.0,6.0,1.0,No,1.0,0.0,2.0,3.0,0.2,1.0,1.0,2026-06-02,2026-06-13,Lost,"No response, closing as lost.",0
L00137,Arjun Verma,,+91-9693436392,Alpha Ventures,SaaS,50.0,VP Sales,Mumbai,Social,,Add-on Module,10000-50000,3.0,5.0,0.0,Yes,4.0,1.0,1.0,4.0,,1.0,0.0,2025-11-22,2025-12-07,Lost,"No response, closing as lost.",0
L00311,Meera Nair,meera.nair311@vertexenterp.com,+91-9201887664,Vertex Enterprises,E-commerce,5.0,Sales Manager,Ahmedabad,Organic Search,,Enterprise Plan,50k-1L,3.0,9.0,2.0,,3.0,2.0,0.0,2.0,2.8,3.0,1.0,2025-01-17,2025-01-19,Converted,"Great call, moving to won.",1
L01042,Rahul Patel,rahul.patel1042@summitglobal.com,+91-9179163177,Summit Global,Logistics,25.0,IT Manager,Mumbai,referral,,Growth Plan,5L+,2.0,5.0,0.0,no,3.0,0.0,1.0,1.0,1.1,2.0,0.0,2025-09-17,2025-12-31,Lost,"Lead went cold, marking lost.",0
L09007,Priya Gupta,PRIYA.GUPTA1187@XYZGLOBAL.COM,+91-9125959713,XYZ Global,Retail,5.0,CEO,Hyderabad,Email Campaign,CMP-858,Growth Plan,10k-50k,4.0,4.0,1.0,N,0.0,0.0,3.0,3.0,7.2,2.0,1.0,2026-03-13,2026-05-20,Lost,"Lead went cold, marking lost.",0
L01102,Arjun Reddy,,+91-9329594330,Nimbus Technologies,Education,0.0,Director,Pune,Social Media,,Add-on Module,10k-50k,1.0,3.0,0.0,no,1.0,3.0,0.0,4.0,11.5,1.0,0.0,2024-08-15,2024-08-28,Qualified,Follow-up scheduled.,
L09016,Priya Nair,PRIYA.NAIR894@BLUEENTERPRI.COM,+91-9900635232,Blue Enterprises,Retail,50.0,VP Sales,Bangalore,Referral,,Growth Plan,10k-50k,6.0,9.0,2.0,,1.0,3.0,1.0,2.0,0.8,2.0,1.0,2025-04-08,2025-06-12,Converted,"Great call, moving to won.",1
L00004,Sneha Kapoor,sneha.kapoor4@zenithtechno.com,,Zenith Technologies,Education,5.0,Operations Manager,Kolkata,WEBSITE,,Add-on Module,50k-1L,3.0,6.0,1.0,No,3.0,2.0,0.0,0.0,9.0,2.0,1.0,2025-05-26,2025-07-21,Converted,"Great call, moving to won.",1
L00112,Ritu Reddy,ritu.reddy112@blueenterpri.com,+91-9663473061,Blue Enterprises,Finance,250.0,CEO,Bangalore,Organic,,Starter Plan,NA,5.0,8.0,1.0,No,3.0,1.0,1.0,3.0,0.4,4.0,2.0,2024-12-31,2025-04-14,Converted,"Client signed the contract, deal won!",1
L00652,Isha Iyer,isha.iyer652@brightventur.com,+91-9142867879,Bright Ventures,Logistics,0.0,IT Manager,Mumbai,email campaign,CMP-903,Add-on Module,10k-50k,2.0,6.0,0.0,Yes,2.0,1.0,2.0,1.0,10.8,0.0,0.0,2025-05-29,2025-09-06,Qualified,Waiting on demo.,
L01078,Sanjay Kulkarni,sanjay.kulkarni1078@alphaventure.com,+91-9693110880,Alpha Ventures,Finance,1000.0,Founder,Kolkata,referral,,Enterprise Plan,1L-5L,8.0,10.0,3.0,No,2.0,2.0,1.0,1.0,9.0,0.0,2.0,2024-03-17,2024-06-07,Converted,"Great call, moving to won.",1
L01066,Vikram Mehta,vikram.mehta1066@abcenterpris.com,+91-9533739851,ABC Enterprises,Media,250.0,VP Sales,Jaipur,Organic Search,,Starter Plan,10000-50000,4.0,5.0,1.0,No,4.0,1.0,1.0,2.0,39.4,1.0,1.0,2025-06-17,2025-05-18,Converted,Deal closed successfully.,1
L00972,Sneha Joshi,sneha.joshi972@primesystems.com,+91-9419541631,Prime Systems,Retail,50.0,Founder,Bangalore,email campaign,CMP-913,Enterprise Plan,<10k,4.0,7.0,1.0,No,1.0,2.0,1.0,2.0,5.7,1.0,1.0,2025-12-17,2026-02-28,Converted,"Client signed the contract, deal won!",1
L09009,Meera Patel,MEERA.PATEL148@SUMMITTECHNO.COM,+91-9364914104,Summit Technologies,Manufacturing,50.0,CEO,Pune,Social Media,,Growth Plan,unknown,4.0,5.0,4.0,No,0.0,1.0,0.0,0.0,7.7,2.0,1.0,2024-10-20,2024-11-10,Converted,Deal closed successfully.,1
L00945,Rohan Kapoor,rohan.kapoor945@zenithsoluti.com,+91-9662799107,Zenith Solutions,Real Estate,1000.0,Director,Pune,Email Campaign,CMP-183,Starter Plan,<10k,6.0,8.0,2.0,Yes,1.0,2.0,0.0,4.0,6.2,4.0,1.0,2026-07-05,2026-09-25,New,Waiting on demo.,
L00315,Neha Kulkarni,neha.kulkarni315@zenithlabs.com,+91-9373147005,Zenith Labs,SaaS,50.0,Marketing Manager,Delhi,organic search,,Add-on Module,<10k,10.0,14.0,3.0,No,4.0,2.0,0.0,4.0,16.4,5.0,2.0,2024-08-16,2024-11-25,Proposal,Sent pricing info.,
L00998,Arjun Gupta,arjun.gupta998@abcsolutions.com,+91-9418428530,ABC Solutions,Manufacturing,50.0,Operations Manager,Bangalore,Paid Ads,CMP-126,Enterprise Plan,50k-1L,3.0,6.0,1.0,No,3.0,1.0,1.0,2.0,35.3,1.0,0.0,2024-02-04,2024-03-13,Converted,"Great call, moving to won.",1
L00320,Rahul Mehta,rahul.mehta320@summitsoftwa.com,+91-9997828182,Summit Software,Media,25.0,Marketing Manager,Ahmedabad,WEBSITE,,Growth Plan,10k-50k,1.0,2.0,0.0,No,3.0,0.0,2.0,7.0,4.0,0.0,1.0,2024-01-05,2024-01-17,Converted,"Great call, moving to won.",1
L01113,Sanjay Mehta,sanjay.mehta1113@primesoftwar.com,+91-9449564831,Prime Software,Real Estate,5.0,Sales Manager,Pune,Social Media,,Starter Plan,10k-50k,4.0,6.0,0.0,No,2.0,2.0,1.0,3.0,11.4,0.0,1.0,2025-06-14,2025-08-23,Converted,Deal closed successfully.,1
L00606,Neha Kulkarni,neha.kulkarni606@bluesoftware.com,+91-9869837245,Blue Software,Logistics,5.0,Founder,Ahmedabad,social media,,Enterprise Plan,10k-50k,4.0,8.0,0.0,yes,3.0,2.0,1.0,3.0,14.2,2.0,0.0,2026-07-07,2026-09-23,Converted,Deal closed successfully.,1
L00006,Pooja Das,pooja.das6@abcglobal.com,+91-9634990296,ABC Global,Healthcare,10.0,VP Sales,Delhi,paid ads,CMP-357,Add-on Module,<10k,1.0,7.0,0.0,yes,2.0,1.0,2.0,2.0,32.0,1.0,2.0,2026-05-23,2026-08-02,Qualified,Waiting on demo.,
L00101,Sneha Rao,sneha.rao101@summitglobal.com,+91-9311927652,Summit Global,E-commerce,100.0,Sales Manager,Kolkata,Ads,CMP-378,Growth Plan,10k-50k,4.0,5.0,2.0,,3.0,0.0,1.0,3.0,0.3,0.0,0.0,2025-03-07,2025-03-11,Lost,"No response, closing as lost.",0
L00887,Ritu Joshi,ritu.joshi887@novanetworks.com,+91-9171005302,Nova Networks,Manufacturing,25.0,CEO,Jaipur,Organic,,Add-on Module,1L-5L,4.0,6.0,2.0,No,2.0,2.0,0.0,5.0,9.0,3.0,1.0,2024-03-15,2024-06-26,Converted,"Client signed the contract, deal won!",1
L00552,Pooja Gupta,pooja.gupta552@abcsoftware.com,+91-9552724165,ABC Software,Manufacturing,500.0,Procurement Head,Ahmedabad,Website,,Growth Plan,50k-1L,4.0,7.0,2.0,No,3.0,2.0,4.0,5.0,3.6,2.0,1.0,2025-06-22,2025-06-25,Converted,Deal closed successfully.,1
L00645,Sneha Sharma,sneha.sharma645@xyztechnolog.com,+91-9183379408,XYZ Technologies,Manufacturing,5.0,Director,Bangalore,Email,CMP-872,Add-on Module,<10k,4.0,7.0,3.0,no,3.0,0.0,1.0,2.0,1.8,3.0,1.0,2025-03-01,2025-06-02,Converted,"Great call, moving to won.",1
L00880,Manoj Iyer,manoj.iyer880@summitnetwor.com,+91-9480892711,Summit Networks,,100.0,Business Analyst,Chennai,organic search,,Growth Plan,<10k,5.0,5.0,2.0,No,3.0,0.0,3.0,3.0,18.8,3.0,0.0,2024-03-31,2024-06-12,Converted,"Great call, moving to won.",1
L01043,Neha Rao,neha.rao1043@alphasoftwar.com,+91-9583885952,Alpha Software,Retail,100.0,Founder,Ahmedabad,referral,,Add-on Module,1L-5L,5.0,6.0,2.0,No,4.0,2.0,1.0,2.0,9.0,3.0,0.0,2025-05-10,2025-07-06,Converted,"Great call, moving to won.",1
L01097,Amit Joshi,amit.joshi1097@brightglobal.com,+91-9689514005,Bright Global,Education,25.0,Sales Manager,Kolkata,paid ads,CMP-115,Enterprise Plan,<10k,4.0,6.0,0.0,No,4.0,2.0,3.0,1.0,,0.0,0.0,2024-12-22,2025-02-19,Lost,"Lead went cold, marking lost.",0
L00706,Pooja Sharma,pooja.sharma706@brightventur.com,+91-9479712672,Bright Ventures,Real Estate,100.0,Sales Manager,Kolkata,Web,,Starter Plan,10k-50k,4.0,6.0,2.0,Yes,3.0,3.0,0.0,0.0,2.2,1.0,0.0,2025-10-20,2025-11-05,Converted,"Great call, moving to won.",1
L00228,Priya Sharma,priya.sharma228@xyzenterpris.com,+91-9386094354,XYZ Enterprises,Healthcare,0.0,CEO,Bangalore,Social Media,,Growth Plan,10000-50000,5.0,5.0,2.0,No,1.0,2.0,0.0,0.0,49.8,2.0,0.0,2024-12-27,2025-03-29,Lost,"Lead went cold, marking lost.",0
L00702,Rajesh Verma,rajesh.verma702@vertexsoluti.com,+91-9940683021,Vertex Solutions,SaaS,50.0,Business Analyst,Ahmedabad,Email Campaign,CMP-139,Enterprise Plan,<10k,3.0,5.0,2.0,No,1.0,1.0,0.0,1.0,3.9,1.0,0.0,2024-09-16,2024-12-11,Lost,"No response, closing as lost.",0
L00890,Karan Rao,karan.rao890@brightlabs.com,+91-9632623300,Bright Labs,SaaS,10.0,VP Sales,Remote,organic search,,Starter Plan,<10k,7.0,7.0,1.0,Yes,2.0,1.0,0.0,2.0,20.7,0.0,1.0,2025-10-11,2025-12-19,Converted,Deal closed successfully.,1
L00693,Manoj Verma,manoj.verma693@alphaventure.com,+91-9436167065,Alpha Ventures,Logistics,100.0,VP Sales,Pune,Referal,,Enterprise Plan,10k-50k,3.0,12.0,2.0,No,2.0,0.0,1.0,1.0,6.1,3.0,0.0,2026-06-28,2026-07-23,Lost,"Lead went cold, marking lost.",0
L00515,Isha Sharma,isha.sharma515@brightnetwor.com,+91-9244231547,Bright Networks,Media,25.0,Procurement Head,Ahmedabad,Social Media,,Add-on Module,<10k,4.0,5.0,2.0,No,2.0,1.0,0.0,0.0,5.0,3.0,0.0,2024-02-09,2024-03-02,Lost,"No response, closing as lost.",0
L00067,Neha Mehta,neha.mehta67@novalabs.com,+91-9328260200,Nova Labs,Media,1000.0,IT Manager,Kolkata,Social,,Enterprise Plan,10k-50k,3.0,7.0,1.0,Yes,3.0,0.0,0.0,3.0,5.7,1.0,0.0,2024-03-22,2024-06-08,Converted,"Client signed the contract, deal won!",1
L00068,Amit Nair,amit.nair68@summitsoftwa.com,+91-9728371219,Summit Software,E-commerce,250.0,Procurement Head,Ahmedabad,organic search,,Add-on Module,<10k,1.0,5.0,0.0,No,2.0,3.0,0.0,2.0,2.0,2.0,0.0,2024-09-19,2024-12-14,Converted,Deal closed successfully.,1
L00377,Sanjay Kulkarni,sanjay.kulkarni377@vertextechno.com,+91-9789959507,Vertex Technologies,Real Estate,100.0,Procurement Head,Jaipur,Organic,,Starter Plan,50k-1L,4.0,12.0,2.0,No,4.0,1.0,1.0,3.0,11.6,2.0,0.0,2025-04-08,2025-07-05,Lost,"Budget cut, deal lost.",0
L00212,Kavya Iyer,kavya.iyer212@summitsystem.com,+91-9283391971,Summit Systems,Logistics,500.0,Sales Manager,Ahmedabad,PPC,CMP-680,Enterprise Plan,10k-50k,6.0,10.0,2.0,No,2.0,1.0,1.0,2.0,12.1,3.0,1.0,2024-11-19,2024-11-25,Converted,"Client signed the contract, deal won!",1
L00013,Sneha Das,sneha.das13@nimbussoftwa.com,+91-9624625493,Nimbus Software,Media,500.0,IT Manager,Bangalore,referral,,Add-on Module,<10k,2.0,2.0,0.0,No,3.0,1.0,2.0,2.0,8.0,2.0,2.0,2025-01-05,2025-04-15,Converted,"Great call, moving to won.",1
L00808,Karan Sharma,karan.sharma808@orbitsolutio.com,+91-9576476196,Orbit Solutions,Retail,500.0,Operations Manager,Hyderabad,referral,,Enterprise Plan,10k-50k,7.0,8.0,2.0,N,3.0,2.0,1.0,3.0,12.2,2.0,1.0,2025-05-31,2025-06-19,Converted,Deal closed successfully.,1
L00701,Priya Verma,priya.verma701@summitsystem.com,+91-9778651820,Summit Systems,Logistics,5.0,VP Sales,Remote,website,,Add-on Module,,2.0,7.0,0.0,No,1.0,1.0,1.0,3.0,6.7,0.0,1.0,2025-11-16,2025-12-10,Converted,Deal closed successfully.,1
L00300,Rohan Verma,,+91-9572772306,Summit Industries,Retail,250.0,VP Sales,Bangalore,Ads,CMP-985,Starter Plan,50k-1L,4.0,5.0,0.0,Yes,0.0,0.0,0.0,7.0,34.4,1.0,0.0,2025-10-11,2025-11-11,Converted,Deal closed successfully.,1
L00543,Pooja Reddy,pooja.reddy543@orbitventure.com,+91-9129548909,Orbit Ventures,Real Estate,250.0,Founder,Remote,Referal,,Add-on Module,1L-5L,3.0,7.0,2.0,No,2.0,1.0,0.0,3.0,5.3,2.0,0.0,2026-03-02,2026-03-08,Converted,Deal closed successfully.,1
L01030,Divya Joshi,divya.joshi1030@xyznetworks.com,+91-9857885872,XYZ Networks,Real Estate,5.0,Procurement Head,Bangalore,Website,,Enterprise Plan,10k-50k,6.0,7.0,3.0,Yes,4.0,0.0,1.0,2.0,5.0,2.0,0.0,2025-03-07,2025-04-29,Converted,"Great call, moving to won.",1
L01121,Neha Sharma,neha.sharma1121@orbitglobal.com,+91-9609012262,Orbit Global,SaaS,100.0,CEO,Chennai,SEO,,Enterprise Plan,10000-50000,3.0,4.0,0.0,Yes,1.0,1.0,0.0,2.0,8.6,1.0,1.0,2024-08-01,2024-08-06,Converted,"Client signed the contract, deal won!",1
L00784,Ritu Verma,,+91-9989780684,ABC Software,Retail,5.0,Marketing Manager,Remote,Email,CMP-645,Enterprise Plan,1L-5L,4.0,7.0,0.0,yes,3.0,1.0,1.0,2.0,3.5,2.0,2.0,2024-02-26,2024-05-28,Proposal,Follow-up scheduled.,
L00644,Divya Mehta,,+91-9726747211,Bright Networks,Manufacturing,1000.0,Operations Manager,Jaipur,Paid Ads,CMP-517,Add-on Module,<10k,3.0,4.0,1.0,No,4.0,1.0,4.0,2.0,22.5,0.0,0.0,2025-08-24,2025-12-10,Lost,"Lead went cold, marking lost.",0
L09004,Rajesh Iyer,RAJESH.IYER619@ABCSYSTEMS.COM,+91-9644067307,ABC Systems,Logistics,500.0,Business Analyst,Mumbai,Paid Ads,CMP-391,Starter Plan,<10k,6.0,11.0,1.0,no,3.0,1.0,0.0,3.0,19.6,3.0,2.0,2024-06-16,2024-07-28,New,Sent pricing info.,
L00597,Priya Kapoor,priya.kapoor597@bluenetworks.com,+91-9270217945,Blue Networks,Media,5.0,Operations Manager,Jaipur,paid ads,CMP-687,Add-on Module,10k-50k,3.0,6.0,1.0,Yes,4.0,1.0,1.0,3.0,10.8,3.0,1.0,2024-11-18,2025-01-04,Converted,"Client signed the contract, deal won!",1
L00573,Kavya Gupta,kavya.gupta573@primesoftwar.com,+91-9288895639,Prime Software,Healthcare,-10.0,Marketing Manager,Delhi,paid ads,CMP-367,Add-on Module,10k-50k,3.0,8.0,0.0,No,1.0,2.0,1.0,3.0,3.1,5.0,2.0,2024-09-06,2024-12-21,Lost,"No response, closing as lost.",0
L00738,Anjali Kapoor,anjali.kapoor738@nimbusindust.com,+91-9831984368,Nimbus Industries,SaaS,100.0,Operations Manager,Delhi,Social,,Starter Plan,10000-50000,5.0,10.0,1.0,No,6.0,1.0,2.0,2.0,17.7,1.0,0.0,2026-02-14,2026-03-02,Converted,Deal closed successfully.,1
L01167,Anjali Gupta,anjali.gupta1167@blueenterpri.com,,Blue Enterprises,Logistics,50.0,Director,Delhi,FB/Insta,,Starter Plan,10k-50k,6.0,13.0,2.0,No,3.0,1.0,0.0,1.0,1.2,1.0,2.0,2024-12-12,2025-01-22,Lost,"Budget cut, deal lost.",0
L00399,Rahul Nair,rahul.nair399@nimbussoluti.com,+91-9594329180,Nimbus Solutions,Retail,10.0,Operations Manager,Chennai,referral,,Add-on Module,50k-1L,5.0,8.0,4.0,No,1.0,0.0,1.0,1.0,2.4,3.0,0.0,2024-09-16,2024-12-29,Converted,"Great call, moving to won.",1
L00615,Suresh Iyer,suresh.iyer615@orbitglobal.com,+91-9840108586,Orbit Global,Education,100.0,Procurement Head,Pune,PPC,CMP-927,Enterprise Plan,1L-5L,6.0,10.0,1.0,,3.0,3.0,1.0,1.0,4.4,0.0,1.0,2025-11-07,2026-03-04,Qualified,,
L01081,Neha Verma,neha.verma1081@nimbustechno.com,+91-9393584591,Nimbus Technologies,Manufacturing,10.0,Marketing Manager,Remote,Referral,,Add-on Module,<10k,4.0,7.0,0.0,No,3.0,0.0,2.0,4.0,6.7,3.0,1.0,2024-05-13,2024-06-16,Converted,"Great call, moving to won.",1
L00274,Arjun Verma,arjun.verma274@xyzlabs.com,+91-9231515087,XYZ Labs,Media,5.0,Founder,Pune,Referral,,Starter Plan,<10k,5.0,8.0,1.0,No,4.0,0.0,0.0,1.0,1.5,0.0,0.0,2024-04-17,2024-06-11,Converted,Deal closed successfully.,1
L00430,Anjali Joshi,anjali.joshi430@vertexsoluti.com,+91-9628493361,Vertex Solutions,Real Estate,5.0,VP Sales,Delhi,web site,,Starter Plan,50k-1L,4.0,5.0,2.0,No,5.0,1.0,0.0,3.0,2.2,2.0,0.0,2026-07-18,2026-11-13,Lost,"Budget cut, deal lost.",0
L00363,Isha Iyer,isha.iyer363@vertexlabs.com,+91-9439331294,Vertex Labs,,5.0,CEO,Ahmedabad,FB/Insta,,Enterprise Plan,NA,4.0,9.0,0.0,Yes,3.0,1.0,0.0,4.0,3.7,1.0,1.0,2024-09-01,2024-12-26,Converted,"Great call, moving to won.",1
L00238,Amit Rao,amit.rao238@zenithindust.com,+91-9805015819,Zenith Industries,Healthcare,10.0,VP Sales,Chennai,Social,,Growth Plan,<10k,8.0,10.0,2.0,No,4.0,1.0,0.0,4.0,7.5,0.0,3.0,2025-11-12,2026-02-19,Converted,"Great call, moving to won.",1
L00482,Suresh Patel,suresh.patel482@bluesolution.com,,Blue Solutions,Finance,100.0,Founder,Remote,Email,CMP-641,Add-on Module,1L-5L,4.0,10.0,1.0,No,4.0,3.0,2.0,4.0,13.6,1.0,0.0,2024-11-14,2025-02-06,Lost,"Budget cut, deal lost.",0
L00003,Divya Joshi,divya.joshi3@zenithglobal.com,+91-9932608105,Zenith Global,,10.0,CEO,Delhi,SEO,,Starter Plan,<10k,6.0,9.0,2.0,Yes,4.0,1.0,1.0,1.0,11.7,0.0,0.0,2024-11-15,2025-03-10,Converted,"Client signed the contract, deal won!",1
L00007,Sneha Gupta,sneha.gupta7@orbitglobal.com,+91-9446580545,Orbit Global,E-commerce,100.0,Operations Manager,Mumbai,Web,,Starter Plan,50k-1L,4.0,6.0,1.0,Yes,2.0,2.0,0.0,1.0,13.1,5.0,1.0,2025-05-02,2025-07-22,Converted,"Great call, moving to won.",1
L00483,Rahul Reddy,rahul.reddy483@alphasystems.com,+91-9177120140,Alpha Systems,SaaS,5.0,Business Analyst,Pune,organic search,,Enterprise Plan,10k-50k,3.0,4.0,1.0,No,2.0,1.0,2.0,4.0,5.7,1.0,0.0,2025-06-28,2025-08-30,Lost,"Lead went cold, marking lost.",0
L00312,Neha Verma,neha.verma312@primeventure.com,+91-9253636039,Prime Ventures,Logistics,25.0,VP Sales,Bangalore,Email,CMP-538,Enterprise Plan,10k-50k,7.0,10.0,4.0,No,4.0,0.0,0.0,3.0,2.6,4.0,0.0,2024-09-10,2024-11-11,Lost,"Lead went cold, marking lost.",0
L01073,Divya Singh,divya.singh1073@zenithtechno.com,+91-9789724399,Zenith Technologies,Media,10.0,Procurement Head,Kolkata,referral,,Add-on Module,<10k,5.0,9.0,2.0,Yes,2.0,3.0,1.0,1.0,2.4,0.0,0.0,2025-11-10,2025-11-15,Demo Scheduled,Follow-up scheduled.,
L01120,Sneha Reddy,sneha.reddy1120@novaenterpri.com,+91-9942596745,Nova Enterprises,,25.0,CEO,Mumbai,Google Ads,CMP-730,Starter Plan,1L-5L,4.0,8.0,2.0,No,5.0,1.0,0.0,4.0,37.1,0.0,0.0,2026-05-18,2026-05-24,Proposal,Waiting on demo.,
L00925,Anjali Rao,anjali.rao925@orbitsolutio.com,+91-9157225037,Orbit Solutions,Real Estate,25.0,IT Manager,Delhi,Organic Search,,Add-on Module,10k-50k,-3.0,5.0,0.0,yes,4.0,1.0,0.0,3.0,35.4,2.0,0.0,2025-07-16,2025-11-09,Proposal,Follow-up scheduled.,
L00661,Rohan Patel,rohan.patel661@zenithtechno.com,+91-9588569341,Zenith Technologies,,1000.0,IT Manager,Kolkata,Web,,Add-on Module,unknown,3.0,6.0,1.0,Yes,5.0,1.0,1.0,4.0,18.3,1.0,1.0,2025-06-12,2025-10-04,Converted,"Great call, moving to won.",1
L00937,Sneha Das,sneha.das937@alphaventure.com,+91-9173173155,Alpha Ventures,Real Estate,50.0,VP Sales,Jaipur,Email,CMP-499,Starter Plan,NA,1.0,5.0,0.0,N,4.0,2.0,3.0,2.0,2.4,1.0,1.0,2024-04-22,2024-08-03,Converted,Deal closed successfully.,1
L00216,Meera Iyer,meera.iyer216@xyzsolutions.com,+91-9671068375,XYZ Solutions,E-commerce,250.0,VP Sales,Bangalore,Organic Search,,Add-on Module,1L-5L,3.0,9.0,0.0,Yes,1.0,0.0,2.0,5.0,27.7,3.0,0.0,2024-11-22,2025-01-26,Converted,Deal closed successfully.,1
L00440,Meera Sharma,meera.sharma440@alphalabs.com,+91-9616780026,Alpha Labs,Finance,50.0,Procurement Head,Remote,email campaign,CMP-236,Growth Plan,50k-1L,4.0,7.0,0.0,No,5.0,0.0,4.0,2.0,4.2,0.0,2.0,2026-02-12,2026-04-13,Converted,Deal closed successfully.,1
L00028,Karan Reddy,karan.reddy28@orbitnetwork.com,+91-9279251628,Orbit Networks,E-commerce,25.0,Sales Manager,Kolkata,paid ads,CMP-674,Enterprise Plan,<10k,7.0,10.0,1.0,Yes,1.0,0.0,1.0,1.0,6.5,1.0,2.0,2024-12-08,2024-12-08,New,Follow-up scheduled.,
L00227,Sneha Singh,sneha.singh227@novasolution.com,+91-9116407334,Nova Solutions,SaaS,250.0,Business Analyst,Ahmedabad,Referral,,Starter Plan,1L-5L,4.0,7.0,3.0,Yes,4.0,2.0,0.0,3.0,21.0,2.0,0.0,2026-06-22,2026-08-22,Converted,"Great call, moving to won.",1
L00431,Pooja Das,pooja.das431@primesoftwar.com,+91-9131209734,Prime Software,E-commerce,1000.0,Director,Chennai,Email,CMP-254,Enterprise Plan,10k-50k,4.0,9.0,1.0,Y,4.0,0.0,0.0,2.0,,2.0,2.0,2025-07-29,2025-10-26,Lost,"Lead went cold, marking lost.",0
L00429,Divya Verma,divya.verma429@vertexsoftwa.com,+91-9948767984,Vertex Software,Logistics,5.0,Founder,Ahmedabad,PPC,CMP-294,Starter Plan,<10k,2.0,5.0,0.0,,0.0,0.0,1.0,1.0,8.7,3.0,3.0,2024-01-21,2024-03-04,Lost,"Budget cut, deal lost.",0
L00848,Sanjay Sharma,sanjay.sharma848@primeenterpr.com,+91-9357891483,Prime Enterprises,SaaS,5.0,Sales Manager,Jaipur,Organic Search,,Add-on Module,<10k,3.0,6.0,0.0,No,2.0,0.0,2.0,4.0,2.7,1.0,1.0,2024-12-11,2024-12-18,Qualified,,
L00528,,anjali.joshi528@novalabs.com,+91-9327177525,Nova Labs,E-commerce,25.0,Business Analyst,Ahmedabad,referral,,Add-on Module,<10k,3.0,6.0,2.0,Yes,0.0,1.0,0.0,3.0,2.3,2.0,0.0,2025-11-30,2026-01-19,Converted,Deal closed successfully.,1
L00527,Rajesh Joshi,rajesh.joshi527@nimbusnetwor.com,+91-9962318827,Nimbus Networks,Healthcare,5.0,IT Manager,Chennai,website,,Add-on Module,1L-5L,4.0,4.0,1.0,Yes,3.0,1.0,2.0,3.0,20.4,4.0,0.0,2024-05-30,2024-07-05,Lost,"Budget cut, deal lost.",0
L00797,Kavya Kapoor,kavya.kapoor797@novalabs.com,+91-9783254324,Nova Labs,Logistics,1000.0,Business Analyst,Jaipur,Organic,,Growth Plan,<10k,5.0,8.0,2.0,Yes,4.0,2.0,0.0,1.0,9.1,1.0,1.0,2025-12-09,2026-03-12,New,Sent pricing info.,
L00989,Suresh Iyer,suresh.iyer989@brightsystem.com,+91-9135160307,Bright Systems,Healthcare,500.0,Procurement Head,Delhi,Ads,CMP-329,Starter Plan,10k-50k,5.0,9.0,2.0,No,2.0,0.0,2.0,4.0,1.9,2.0,1.0,2026-06-03,2026-09-06,Qualified,Follow-up scheduled.,
L00355,Meera Kulkarni,meera.kulkarni355nimbussystem.com,+91-9953497275,Nimbus Systems,E-commerce,50.0,CEO,Remote,web site,,Starter Plan,n/a,5.0,8.0,4.0,Yes,3.0,2.0,1.0,2.0,4.9,2.0,1.0,2024-01-05,2024-03-20,Converted,"Great call, moving to won.",1
L01095,Suresh Nair,suresh.nair1095@nimbustechno.com,+91-9386559970,Nimbus Technologies,Media,25.0,Business Analyst,Ahmedabad,email campaign,CMP-114,Add-on Module,50k-1L,8.0,10.0,0.0,No,2.0,2.0,1.0,2.0,,1.0,0.0,2024-09-10,2024-09-23,Lost,"No response, closing as lost.",0
L01059,Pooja Mehta,pooja.mehta1059@nimbusnetwor.com,+91-9356855546,Nimbus Networks,Real Estate,5.0,Procurement Head,Delhi,Referral,,Enterprise Plan,<10k,3.0,7.0,1.0,No,2.0,1.0,1.0,1.0,3.6,2.0,0.0,2026-06-09,2026-07-23,Converted,"Client signed the contract, deal won!",1
L00257,Manoj Mehta,manoj.mehta257@orbitsolutio.com,+91-9801833997,Orbit Solutions,Logistics,1000.0,Director,Delhi,referral,,Add-on Module,<10k,1.0,2.0,1.0,yes,2.0,1.0,2.0,1.0,,1.0,1.0,2024-04-23,2024-06-04,Converted,"Great call, moving to won.",1
L00292,Vikram Joshi,vikram.joshi292@abcnetworks.com,+91-9459749302,ABC Networks,Healthcare,500.0,Sales Manager,Pune,Email Campaign,CMP-883,Enterprise Plan,50k-1L,1.0,5.0,0.0,Yes,2.0,0.0,1.0,4.0,37.5,1.0,1.0,2024-05-31,2024-06-17,Converted,Deal closed successfully.,1
L00026,Karan Reddy,karan.reddy26@nimbusnetwor.com,+91-9188947579,Nimbus Networks,Retail,10.0,Founder,Remote,PPC,CMP-301,Enterprise Plan,<10k,8.0,12.0,3.0,No,4.0,2.0,2.0,1.0,,0.0,1.0,2025-11-02,2026-02-09,Contacted,Follow-up scheduled.,
L00337,Rohan Das,rohan.das337@novatechnolo.com,+91-9960073516,Nova Technologies,Media,1000.0,Sales Manager,Bangalore,Social Media,,Starter Plan,5L+,3.0,10.0,1.0,No,2.0,0.0,1.0,1.0,6.6,2.0,1.0,2024-10-14,2024-11-08,Converted,"Great call, moving to won.",1
L01014,Ritu Kulkarni,ritu.kulkarni1014@xyzsystems.com,+91-9991516926,XYZ Systems,E-commerce,5.0,Sales Manager,Kolkata,Email,CMP-774,Enterprise Plan,1L-5L,2.0,3.0,0.0,Y,3.0,1.0,2.0,2.0,4.0,0.0,0.0,2026-06-13,2026-07-20,Lost,"No response, closing as lost.",0
L00048,Isha Gupta,isha.gupta48@alphasolutio.com,+91-9122684452,Alpha Solutions,Logistics,25.0,Sales Manager,Mumbai,Social Media,,Enterprise Plan,1L-5L,3.0,3.0,2.0,No,0.0,0.0,0.0,1.0,2.1,1.0,0.0,2025-10-08,2026-02-04,Converted,Deal closed successfully.,1
L00319,Sneha Kapoor,sneha.kapoor319@novaenterpri.com,+91-9959847852,Nova Enterprises,Finance,250.0,IT Manager,Chennai,Email Campaign,CMP-893,Starter Plan,1L-5L,3.0,7.0,0.0,No,3.0,3.0,0.0,2.0,7.7,1.0,0.0,2024-04-17,2024-05-03,Lost,"No response, closing as lost.",0
L00107,Ritu Nair,ritu.nair107@primesoftwar.com,+91-9408935545,Prime Software,E-commerce,100.0,Operations Manager,Bangalore,Email,CMP-786,Growth Plan,10k-50k,2.0,7.0,0.0,No,1.0,1.0,1.0,1.0,21.3,1.0,0.0,2024-08-31,2024-09-16,Lost,"Lead went cold, marking lost.",0
L00947,Vikram Verma,,+91-9145393351,Alpha Solutions,Education,10.0,Operations Manager,Bangalore,Email,CMP-270,Starter Plan,<10k,3.0,5.0,0.0,No,3.0,1.0,2.0,3.0,0.9,1.0,0.0,2024-12-16,2025-02-20,Lost,"No response, closing as lost.",0
L00056,Ritu Kulkarni,ritu.kulkarni56@blueenterpri.com,+91-9501625018,Blue Enterprises,Finance,1000.0,Operations Manager,Delhi,Social Media,,Enterprise Plan,10k-50k,2.0,3.0,0.0,No,5.0,1.0,1.0,2.0,0.8,1.0,2.0,2025-09-25,2025-12-24,Converted,"Great call, moving to won.",1
L00568,Arjun Mehta,,+91-9296210045,Blue Systems,Logistics,5.0,Business Analyst,Mumbai,Organic,,Starter Plan,10k-50k,2.0,5.0,1.0,No,3.0,1.0,0.0,2.0,9.8,3.0,2.0,2026-01-19,2026-05-18,New,Follow-up scheduled.,
L00214,Vikram Patel,vikram.patel214@nimbussoluti.com,+91-9347533803,Nimbus Solutions,Finance,50.0,Director,Ahmedabad,Referral,,Starter Plan,50k-1L,5.0,7.0,1.0,Yes,2.0,2.0,0.0,5.0,2.5,1.0,2.0,2024-08-13,2024-10-04,Converted,"Client signed the contract, deal won!",1
L00121,Rohan Sharma,rohan.sharma121@nimbusglobal.com,+91-9439102703,Nimbus Global,Finance,10.0,Marketing Manager,Remote,Email Campaign,CMP-974,Growth Plan,50k-1L,2.0,4.0,0.0,Yes,1.0,2.0,1.0,3.0,4.3,3.0,0.0,2025-10-16,2025-11-26,Demo Scheduled,Sent pricing info.,
L00611,Manoj Gupta,manoj.gupta611@nimbussystem.com,+91-9938257203,Nimbus Systems,Education,50.0,Marketing Manager,Jaipur,social media,,Enterprise Plan,1L-5L,4.0,10.0,1.0,Yes,7.0,2.0,2.0,1.0,7.5,2.0,0.0,2026-05-08,2026-09-01,Converted,"Great call, moving to won.",1
L00756,Rahul Gupta,rahul.gupta756@novanetworks.com,+91-9963800067,Nova Networks,Retail,50.0,IT Manager,Ahmedabad,Ads,CMP-815,Enterprise Plan,<10k,2.0,10.0,1.0,No,3.0,3.0,0.0,1.0,,1.0,0.0,2024-04-25,2024-05-05,Proposal,Follow-up scheduled.,
L00603,Rajesh Iyer,rajesh.iyer603@xyztechnolog.com,+91-9464368246,XYZ Technologies,Healthcare,100.0,Procurement Head,Chennai,social media,,Growth Plan,10k-50k,7.0,7.0,2.0,No,5.0,1.0,2.0,1.0,,4.0,0.0,2024-05-26,2024-07-24,Lost,"Lead went cold, marking lost.",0
L00073,Neha Singh,neha.singh73@xyzsoftware.com,+91-9317504766,XYZ Software,Finance,500.0,VP Sales,Chennai,social media,,Enterprise Plan,10k-50k,1.0,4.0,1.0,No,0.0,1.0,0.0,3.0,0.3,2.0,0.0,2026-05-26,2026-06-05,Converted,"Client signed the contract, deal won!",1
L00411,Sanjay Verma,sanjay.verma411@brighttechno.com,+91-9527547411,Bright Technologies,Manufacturing,25.0,Procurement Head,Chennai,Social Media,,Growth Plan,10k-50k,3.0,3.0,2.0,No,0.0,2.0,2.0,2.0,1.2,1.0,1.0,2026-01-13,2026-02-11,Converted,Deal closed successfully.,1
L00908,Priya Kulkarni,priya.kulkarni908@zenithlabs.com,+91-9545911992,Zenith Labs,Real Estate,500.0,CEO,Bangalore,referral,,Starter Plan,unknown,3.0,9.0,3.0,yes,1.0,2.0,0.0,3.0,8.3,1.0,0.0,2025-04-03,2025-06-29,Lost,"Lead went cold, marking lost.",0
L00812,Rohan Singh,,+91-9453792016,Orbit Ventures,Healthcare,10.0,VP Sales,Pune,organic search,,Growth Plan,5L+,2.0,7.0,0.0,,1.0,3.0,1.0,2.0,16.8,1.0,0.0,2024-10-17,2024-11-10,Lost,"Lead went cold, marking lost.",0
L00549,Priya Reddy,priya.reddy549@alphaenterpr.com,+91-9494422793,Alpha Enterprises,Real Estate,100.0,Director,Chennai,Email,CMP-186,Growth Plan,10k-50k,3.0,9.0,2.0,No,5.0,3.0,3.0,4.0,17.8,2.0,0.0,2025-03-09,2025-04-19,Lost,"No response, closing as lost.",0
L00433,Neha Iyer,neha.iyer433@nimbuslabs.com,,Nimbus Labs,,5.0,Founder,Bangalore,Organic,,Growth Plan,10k-50k,3.0,7.0,2.0,no,3.0,0.0,2.0,4.0,1.7,1.0,0.0,2024-10-27,2024-11-12,Converted,"Client signed the contract, deal won!",1
L09000,Ritu Iyer,RITU.IYER571@BRIGHTSOLUTI.COM,+91-9828385341,Bright Solutions,E-commerce,10.0,VP Sales,Ahmedabad,Social Media,,Growth Plan,10k-50k,1.0,2.0,0.0,No,4.0,0.0,0.0,6.0,0.5,3.0,1.0,2025-05-11,2025-06-08,Converted,"Client signed the contract, deal won!",1
L01039,Pooja Sharma,pooja.sharma1039@abcventures.com,+91-9570073763,ABC Ventures,Education,250.0,VP Sales,Chennai,email campaign,CMP-720,Starter Plan,5L+,5.0,6.0,1.0,Yes,0.0,3.0,2.0,1.0,4.6,0.0,0.0,2025-01-14,2025-04-03,Converted,"Client signed the contract, deal won!",1
L00899,Amit Kapoor,amit.kapoor899@orbitsoftwar.com,+91-9668536038,Orbit Software,Finance,-10.0,Procurement Head,Chennai,Organic,,Enterprise Plan,50k-1L,2.0,6.0,0.0,No,3.0,1.0,1.0,2.0,,2.0,1.0,2024-04-26,2024-07-23,Lost,"Lead went cold, marking lost.",0
L00600,Rohan Gupta,,+91-9702741460,Vertex Software,Media,1000.0,IT Manager,Mumbai,Website,,Add-on Module,10k-50k,1.0,5.0,0.0,Yes,2.0,0.0,0.0,1.0,6.3,2.0,2.0,2026-03-25,2026-03-25,Converted,"Client signed the contract, deal won!",1
L00610,Isha Verma,isha.verma610xyznetworks.com,+91-9286171024,XYZ Networks,Healthcare,1000.0,IT Manager,Mumbai,Google Ads,CMP-302,Growth Plan,10k-50k,3.0,7.0,1.0,No,1.0,1.0,2.0,3.0,6.2,0.0,1.0,2024-06-24,2024-10-19,Contacted,Sent pricing info.,
L01023,Manoj Mehta,manoj.mehta1023@alphatechnol.com,+91-9824079680,Alpha Technologies,SaaS,0.0,Director,Kolkata,Referral,,Starter Plan,<10k,5.0,6.0,2.0,Yes,3.0,0.0,0.0,3.0,1.2,3.0,0.0,2024-05-23,2024-08-07,Converted,"Great call, moving to won.",1
L00582,Vikram Reddy,vikram.reddy582@orbitsoftwar.com,+91-9418674547,Orbit Software,Media,100.0,VP Sales,Jaipur,email campaign,CMP-477,Enterprise Plan,10000-50000,7.0,8.0,3.0,Yes,1.0,1.0,1.0,2.0,3.9,3.0,2.0,2024-08-01,2024-10-06,Converted,Deal closed successfully.,1
L00326,Amit Mehta,amit.mehta326@brightlabs.com,+91-9719878812,Bright Labs,Retail,250.0,Sales Manager,Pune,website,,Growth Plan,<10k,4.0,6.0,2.0,No,6.0,2.0,0.0,2.0,,0.0,0.0,2025-05-12,2025-08-16,New,Waiting on demo.,
L00583,Sanjay Sharma,sanjay.sharma583@xyzsoftware.com,+91-9511537353,XYZ Software,Education,100.0,VP Sales,Pune,Referal,,Starter Plan,<10k,3.0,6.0,0.0,yes,3.0,2.0,1.0,1.0,0.3,1.0,1.0,2025-07-14,2025-09-23,Converted,"Great call, moving to won.",1
L01009,Meera Kapoor,meera.kapoor1009@zenithlabs.com,+91-9214189237,Zenith Labs,E-commerce,5.0,Sales Manager,Bangalore,Social,,Add-on Module,<10k,6.0,9.0,2.0,Yes,1.0,2.0,0.0,3.0,12.5,2.0,2.0,2024-07-30,2024-11-21,Converted,"Great call, moving to won.",1
L00317,Anjali Kapoor,anjali.kapoor317@xyzsolutions.com,+91-9134742854,XYZ Solutions,Education,1000.0,Marketing Manager,Hyderabad,Organic,,Growth Plan,10k-50k,5.0,5.0,2.0,No,1.0,1.0,1.0,4.0,31.9,3.0,2.0,2025-12-26,2026-01-15,Converted,Deal closed successfully.,1
L00672,Meera Verma,meera.verma672@xyzenterpris.com,+91-9166660867,XYZ Enterprises,Media,500.0,Operations Manager,Mumbai,email campaign,CMP-616,Add-on Module,50k-1L,4.0,8.0,1.0,yes,1.0,0.0,0.0,1.0,19.1,0.0,2.0,2026-02-24,2026-05-14,Converted,"Great call, moving to won.",1
L00904,Ritu Reddy,ritu.reddy904@summitenterp.com,+91-9108988904,Summit Enterprises,Education,5.0,Operations Manager,Bangalore,paid ads,CMP-362,Add-on Module,10k-50k,7.0,12.0,5.0,No,1.0,2.0,0.0,2.0,8.3,1.0,0.0,2025-10-18,2025-12-10,Converted,"Client signed the contract, deal won!",1
L00574,Divya Verma,divya.verma574@blueindustri.com,+91-9470719397,Blue Industries,Healthcare,1000.0,Procurement Head,Mumbai,PPC,CMP-633,Enterprise Plan,10k-50k,3.0,4.0,1.0,Yes,5.0,1.0,0.0,3.0,41.9,2.0,1.0,2024-05-05,2024-05-05,Converted,"Client signed the contract, deal won!",1
L00742,Arjun Singh,arjun.singh742@xyzsystems.com,+91-9824179296,XYZ Systems,Retail,10.0,CEO,Bangalore,Email Campaign,CMP-471,Starter Plan,NA,3.0,7.0,1.0,No,2.0,0.0,1.0,2.0,4.5,1.0,1.0,2025-12-24,2026-01-11,Lost,"Budget cut, deal lost.",0
L01068,Rohan Nair,rohan.nair1068@summittechno.com,,Summit Technologies,Real Estate,25.0,Marketing Manager,Chennai,WEBSITE,,Growth Plan,50k-1L,3.0,5.0,1.0,Yes,2.0,2.0,1.0,5.0,4.2,1.0,0.0,2024-05-24,2024-05-30,Qualified,Follow-up scheduled.,
L00707,Rajesh Gupta,rajesh.gupta707@bluesystems.com,,Blue Systems,Healthcare,25.0,Marketing Manager,Pune,referral,,Starter Plan,<10k,4.0,5.0,0.0,No,2.0,3.0,2.0,2.0,4.7,3.0,0.0,2024-11-08,2024-12-12,Lost,"Budget cut, deal lost.",0
L00594,Neha Gupta,neha.gupta594@blueindustri.com,+91-9309286913,Blue Industries,Manufacturing,5.0,VP Sales,Ahmedabad,FB/Insta,,Growth Plan,10k-50k,0.0,5.0,0.0,No,2.0,2.0,0.0,4.0,9.4,5.0,0.0,2025-07-23,2025-09-08,Lost,"No response, closing as lost.",0
L00061,Rajesh Patel,rajesh.patel61@primenetwork.com,+91-9122301019,Prime Networks,Education,5.0,IT Manager,Chennai,Social,,Add-on Module,10k-50k,3.0,6.0,1.0,No,5.0,1.0,0.0,2.0,1.3,5.0,1.0,2025-01-07,2025-01-28,Lost,"Budget cut, deal lost.",0
L00434,Neha Patel,neha.patel434@novaventures.com,+91-9508429155,Nova Ventures,SaaS,250.0,VP Sales,Pune,Organic,,Growth Plan,<10k,8.0,11.0,3.0,Yes,1.0,1.0,0.0,5.0,,1.0,2.0,2026-01-10,2026-02-27,Converted,"Great call, moving to won.",1
L01079,Ritu Verma,ritu.verma1079@brightventur.com,+91-9992509490,Bright Ventures,SaaS,100.0,CEO,Kolkata,Paid Ads,CMP-501,Add-on Module,<10k,4.0,7.0,0.0,,0.0,1.0,0.0,3.0,2.4,0.0,1.0,2025-08-16,2025-09-16,Lost,"No response, closing as lost.",0
L00093,Manoj Nair,manoj.nair93@vertexnetwor.com,+91-9844966601,Vertex Networks,Retail,10.0,Operations Manager,Remote,Google Ads,CMP-491,Enterprise Plan,<10k,5.0,6.0,0.0,No,2.0,1.0,1.0,3.0,12.8,1.0,2.0,2026-05-29,2026-07-22,Lost,"Budget cut, deal lost.",0
L00939,Anjali Reddy,anjali.reddy939@orbitenterpr.com,,Orbit Enterprises,Logistics,50.0,Procurement Head,Kolkata,Referal,,Enterprise Plan,50k-1L,4.0,6.0,3.0,Y,0.0,1.0,0.0,6.0,4.1,1.0,0.0,2024-06-19,2024-06-30,Converted,"Great call, moving to won.",1
L09018,Manoj Sharma,MANOJ.SHARMA15@PRIMELABS.COM,+91-9797758722,Prime Labs,Media,5.0,Founder,Delhi,Referal,,Starter Plan,1L-5L,3.0,4.0,1.0,no,3.0,2.0,0.0,2.0,12.8,0.0,0.0,2026-04-05,2026-05-13,Lost,"No response, closing as lost.",0
L00352,Amit Mehta,amit.mehta352@primetechnol.com,+91-9604575444,Prime Technologies,Media,10.0,Marketing Manager,Ahmedabad,organic search,,Add-on Module,10k-50k,3.0,4.0,1.0,No,2.0,2.0,0.0,2.0,15.7,0.0,0.0,2026-05-02,2026-06-10,Lost,"No response, closing as lost.",0
L01019,Karan Iyer,karan.iyer1019@zenithventur.com,+91-9470285834,Zenith Ventures,Finance,5.0,Business Analyst,Kolkata,social media,,Enterprise Plan,10k-50k,4.0,6.0,1.0,No,1.0,1.0,1.0,1.0,1.4,1.0,1.0,2025-12-07,2026-03-15,Lost,"Lead went cold, marking lost.",0
L00281,Neha Joshi,neha.joshi281@primeenterpr.com,+91-9535240864,Prime Enterprises,Retail,500.0,Marketing Manager,Chennai,email campaign,CMP-680,Add-on Module,5L+,-3.0,2.0,0.0,No,1.0,2.0,0.0,2.0,,3.0,0.0,2024-03-20,2024-06-13,Lost,"Budget cut, deal lost.",0
L00794,Rohan Nair,rohan.nair794@alphaglobal.com,+91-9250448333,Alpha Global,Retail,250.0,Director,Kolkata,Social Media,,Growth Plan,5L+,4.0,6.0,1.0,Yes,3.0,1.0,0.0,1.0,14.6,0.0,2.0,2026-05-15,2026-07-04,Converted,"Client signed the contract, deal won!",1
L00495,Rajesh Rao,rajesh.rao495@vertexglobal.com,+91-9921228731,Vertex Global,Education,5.0,VP Sales,Kolkata,Referral,,Add-on Module,<10k,5.0,8.0,1.0,No,1.0,2.0,2.0,2.0,11.6,0.0,0.0,2024-10-15,2025-01-23,Lost,"Budget cut, deal lost.",0
L00360,Sanjay Nair,sanjay.nair360@summitglobal.com,+91-9978519327,Summit Global,Media,25.0,CEO,Kolkata,Social Media,,Growth Plan,50k-1L,4.0,11.0,3.0,no,3.0,0.0,1.0,2.0,18.0,0.0,0.0,2024-10-14,2024-10-16,Lost,"Lead went cold, marking lost.",0
L01129,Neha Kapoor,neha.kapoor1129@nimbusindust.com,+91-9446157323,Nimbus Industries,Media,10.0,Business Analyst,Bangalore,Ads,CMP-300,Growth Plan,<10k,2.0,5.0,0.0,yes,1.0,0.0,1.0,4.0,10.3,0.0,2.0,2025-04-28,2025-05-02,Converted,"Great call, moving to won.",1
L00595,Rajesh Sharma,rajesh.sharma595@zenithventur.com,+91-9386803112,Zenith Ventures,Healthcare,50.0,Procurement Head,Delhi,social media,,Enterprise Plan,1L-5L,1.0,4.0,1.0,No,2.0,1.0,1.0,4.0,0.4,0.0,1.0,2025-08-03,2025-11-21,Converted,Deal closed successfully.,1
L00909,Meera Singh,meera.singh909@alphatechnol.com,,Alpha Technologies,Manufacturing,500.0,Founder,Ahmedabad,Email Campaign,CMP-346,Add-on Module,10000-50000,4.0,6.0,1.0,,1.0,2.0,0.0,2.0,,3.0,0.0,2026-04-14,2026-05-25,Lost,"No response, closing as lost.",0
L01032,Rahul Patel,rahul.patel1032@vertexindust.com,+91-9531155072,Vertex Industries,Manufacturing,10.0,Marketing Manager,Bangalore,SEO,,Enterprise Plan,10k-50k,2.0,4.0,0.0,Yes,4.0,0.0,2.0,5.0,14.6,1.0,1.0,2026-04-01,2026-06-16,Converted,"Great call, moving to won.",1
L00719,Suresh Sharma,suresh.sharma719@brightindust.com,+91-9939464446,Bright Industries,Finance,5.0,Marketing Manager,Kolkata,SEO,,Enterprise Plan,10000-50000,4.0,7.0,1.0,No,2.0,1.0,1.0,2.0,5.3,2.0,0.0,2024-01-27,2024-04-24,Lost,"No response, closing as lost.",0
L00589,Rahul Gupta,,+91-9799482742,Summit Technologies,E-commerce,250.0,Sales Manager,Bangalore,Email Campaign,CMP-464,Add-on Module,<10k,0.0,3.0,0.0,No,2.0,1.0,0.0,3.0,3.2,2.0,0.0,2024-08-14,2024-09-25,Lost,"Budget cut, deal lost.",0
L00235,Anjali Iyer,anjali.iyer235@xyzindustrie.com,,XYZ Industries,Retail,-10.0,Business Analyst,Hyderabad,social media,,Enterprise Plan,50k-1L,5.0,7.0,3.0,Yes,0.0,1.0,2.0,1.0,2.6,0.0,0.0,2024-09-24,2024-12-23,Lost,"Lead went cold, marking lost.",0
L00183,Karan Verma,karan.verma183@bluetechnolo.com,+91-9779281212,Blue Technologies,Finance,10.0,Sales Manager,Hyderabad,Email,CMP-773,Starter Plan,1L-5L,6.0,11.0,2.0,No,2.0,1.0,2.0,4.0,21.0,0.0,1.0,2025-11-16,2026-01-14,Converted,"Client signed the contract, deal won!",1
L00821,Karan Rao,,+91-9539997220,Blue Industries,Retail,500.0,IT Manager,Jaipur,Social,,Starter Plan,1L-5L,5.0,10.0,3.0,N,1.0,2.0,0.0,3.0,26.6,1.0,3.0,2025-01-28,2025-02-15,Converted,Deal closed successfully.,1
L00515,Isha Sharma,isha.sharma515@brightnetwor.com,+91-9244231547,Bright Networks,Media,25.0,Procurement Head,Ahmedabad,Social Media,,Add-on Module,<10k,4.0,5.0,2.0,No,2.0,1.0,0.0,0.0,5.0,3.0,0.0,2024-02-09,2024-03-02,Lost,"No response, closing as lost.",0
L00111,Rahul Verma,rahul.verma111@blueventures.com,+91-9895690655,Blue Ventures,Manufacturing,500.0,Marketing Manager,Remote,Referral,,Growth Plan,10k-50k,5.0,7.0,2.0,No,3.0,2.0,2.0,1.0,24.7,1.0,1.0,2024-08-12,2024-11-30,Converted,Deal closed successfully.,1
L00371,Pooja Rao,pooja.rao371@zenithenterp.com,+91-9112928686,Zenith Enterprises,E-commerce,1000.0,Marketing Manager,Jaipur,Web,,Starter Plan,<10k,5.0,7.0,4.0,No,4.0,1.0,0.0,1.0,15.2,2.0,0.0,2025-11-11,2025-11-19,Converted,Deal closed successfully.,1
L00459,Isha Sharma,isha.sharma459nimbusventur.com,+91-9273488618,Nimbus Ventures,Logistics,1000.0,Sales Manager,Chennai,email campaign,CMP-117,Enterprise Plan,50k-1L,2.0,7.0,1.0,No,4.0,0.0,0.0,1.0,27.9,2.0,0.0,2024-06-07,2024-08-27,Lost,"Budget cut, deal lost.",0
L00240,Kavya Patel,kavya.patel240@zenithnetwor.com,+91-9595278797,Zenith Networks,Retail,250.0,CEO,Delhi,Ads,CMP-955,Enterprise Plan,10k-50k,2.0,7.0,0.0,No,7.0,3.0,2.0,2.0,7.5,4.0,1.0,2026-04-12,2026-04-15,Lost,"No response, closing as lost.",0
L00849,Vikram Rao,vikram.rao849@orbitsystems.com,+91-9224461310,Orbit Systems,Media,50.0,IT Manager,Mumbai,website,,Enterprise Plan,<10k,2.0,4.0,0.0,Yes,5.0,1.0,2.0,1.0,5.1,1.0,0.0,2025-11-23,2026-03-04,Converted,Deal closed successfully.,1
L01101,Divya Reddy,divya.reddy1101@summitsoftwa.com,+91-9316414253,Summit Software,Real Estate,1000.0,CEO,Hyderabad,web site,,Starter Plan,10k-50k,4.0,8.0,1.0,Yes,1.0,0.0,3.0,1.0,0.3,3.0,0.0,2026-05-21,2026-06-26,Lost,"Budget cut, deal lost.",0
L01138,Pooja Gupta,pooja.gupta1138@nimbusventur.com,+91-9782731647,Nimbus Ventures,,5.0,Operations Manager,Mumbai,website,,Growth Plan,1L-5L,5.0,8.0,1.0,Yes,5.0,1.0,0.0,1.0,2.5,0.0,0.0,2026-06-27,2026-08-12,Converted,"Client signed the contract, deal won!",1
L00205,Vikram Singh,vikram.singh205@brightsoluti.com,+91-9209192318,Bright Solutions,Finance,100.0,Director,Pune,WEBSITE,,Growth Plan,10k-50k,5.0,9.0,2.0,No,3.0,1.0,1.0,6.0,4.6,1.0,0.0,2024-05-04,2024-05-14,Converted,"Client signed the contract, deal won!",1
L01115,Suresh Verma,suresh.verma1115@bluenetworks.com,+91-9112038803,Blue Networks,Real Estate,1000.0,VP Sales,Remote,SEO,,Add-on Module,,5.0,7.0,3.0,No,0.0,1.0,0.0,0.0,2.9,1.0,0.0,2026-03-03,2026-06-28,Lost,"No response, closing as lost.",0
L00993,Isha Nair,,+91-9325199597,ABC Systems,Logistics,50.0,Procurement Head,Bangalore,Referral,,Starter Plan,5L+,2.0,7.0,0.0,No,0.0,1.0,1.0,2.0,,0.0,0.0,2024-03-28,2024-07-22,Lost,"No response, closing as lost.",0
L00262,Meera Kapoor,meera.kapoor262@alphatechnol.com,+91-9878411288,Alpha Technologies,SaaS,25.0,Director,Mumbai,website,,Growth Plan,1L-5L,5.0,7.0,2.0,No,1.0,1.0,0.0,3.0,4.9,1.0,1.0,2025-09-25,2025-09-28,Lost,"Budget cut, deal lost.",0
L00542,Karan Patel,karan.patel542@blueglobal.com,+91-9518825410,Blue Global,Finance,10.0,Operations Manager,Delhi,paid ads,CMP-293,Growth Plan,<10k,5.0,10.0,1.0,no,4.0,0.0,2.0,0.0,,3.0,0.0,2024-05-21,2024-06-04,Lost,"Budget cut, deal lost.",0
L00858,Sneha Kulkarni,sneha.kulkarni858@primeenterpr.com,+91-9726082543,Prime Enterprises,Retail,500.0,Procurement Head,Jaipur,paid ads,CMP-618,Enterprise Plan,,4.0,7.0,3.0,Yes,1.0,1.0,2.0,3.0,5.0,3.0,2.0,2024-12-19,2025-03-07,Demo Scheduled,,
L00910,Rohan Kapoor,rohan.kapoor910@vertexsystem.com,+91-9938584140,Vertex Systems,Healthcare,25.0,CEO,Hyderabad,Ads,CMP-320,Growth Plan,10k-50k,6.0,10.0,2.0,No,0.0,2.0,1.0,4.0,7.6,1.0,0.0,2025-07-28,2025-10-19,Converted,"Client signed the contract, deal won!",1
L00340,Sanjay Kapoor,sanjay.kapoor340@vertexsoftwa.com,+91-9425525250,Vertex Software,SaaS,50.0,Marketing Manager,Hyderabad,Ads,CMP-964,Growth Plan,NA,5.0,6.0,1.0,No,2.0,0.0,1.0,3.0,0.8,2.0,1.0,2024-10-21,2024-12-27,Lost,"Lead went cold, marking lost.",0
L00724,Meera Kapoor,meera.kapoor724@primeindustr.com,,Prime Industries,SaaS,0.0,CEO,Kolkata,Social Media,,Add-on Module,10k-50k,1.0,3.0,0.0,No,1.0,3.0,0.0,2.0,,1.0,1.0,2024-09-25,2024-12-24,Lost,"Lead went cold, marking lost.",0
L00599,Priya Sharma,priya.sharma599@xyzenterpris.com,+91-9515891803,XYZ Enterprises,E-commerce,1000.0,IT Manager,Jaipur,FB/Insta,,Starter Plan,5L+,6.0,10.0,1.0,No,1.0,1.0,1.0,1.0,13.1,2.0,1.0,2024-02-24,2024-03-24,Converted,"Client signed the contract, deal won!",1
L00529,Meera Patel,meera.patel529@xyztechnolog.com,+91-9392868873,XYZ Technologies,Finance,5.0,VP Sales,Bangalore,Ads,CMP-127,Add-on Module,5L+,6.0,8.0,2.0,No,4.0,2.0,0.0,3.0,8.7,1.0,1.0,2025-05-20,2025-08-23,Contacted,Sent pricing info.,
L00184,Sanjay Kapoor,,+91-9973239113,Nova Labs,E-commerce,5.0,Director,Jaipur,social media,,Enterprise Plan,50k-1L,2.0,4.0,0.0,No,3.0,3.0,2.0,0.0,3.4,2.0,0.0,2026-04-16,2026-05-23,Lost,"No response, closing as lost.",0
L00138,Pooja Kulkarni,pooja.kulkarni138@vertexventur.com,+91-9753329233,Vertex Ventures,Real Estate,10.0,Operations Manager,Bangalore,email campaign,CMP-376,Growth Plan,10k-50k,2.0,6.0,1.0,Yes,0.0,1.0,0.0,0.0,45.4,1.0,1.0,2024-01-23,2024-02-26,New,,
L00219,Karan Patel,karan.patel219@primetechnol.com,+91-9590143008,Prime Technologies,Retail,25.0,Marketing Manager,Ahmedabad,Referal,,Enterprise Plan,5L+,6.0,9.0,1.0,no,0.0,2.0,0.0,2.0,5.5,0.0,0.0,2024-02-06,2024-05-11,Lost,"Budget cut, deal lost.",0
L01082,Vikram Rao,vikram.rao1082@summittechno.com,+91-9300987572,Summit Technologies,Logistics,5.0,Marketing Manager,Bangalore,Referral,,Growth Plan,10000-50000,6.0,8.0,1.0,No,3.0,1.0,1.0,1.0,0.1,1.0,1.0,2026-07-13,2026-09-17,Converted,"Great call, moving to won.",1
L00600,Rohan Gupta,,+91-9702741460,Vertex Software,Media,1000.0,IT Manager,Mumbai,Website,,Add-on Module,10k-50k,1.0,5.0,0.0,Yes,2.0,0.0,0.0,1.0,6.3,2.0,2.0,2026-03-25,2026-03-25,Converted,"Client signed the contract, deal won!",1
L00081,Vikram Nair,vikram.nair81@zenithnetwor.com,+91-9154536796,Zenith Networks,Media,5.0,VP Sales,Mumbai,referral,,Growth Plan,50k-1L,7.0,13.0,1.0,No,1.0,2.0,0.0,1.0,4.2,3.0,0.0,2024-11-20,2024-12-23,Lost,"Lead went cold, marking lost.",0
L00546,Meera Rao,meera.rao546@orbitnetwork.com,+91-9904959144,Orbit Networks,Healthcare,10.0,VP Sales,Pune,email campaign,CMP-627,Starter Plan,50k-1L,0.0,1.0,0.0,No,2.0,1.0,1.0,2.0,1.8,1.0,0.0,2024-05-13,2024-08-21,Lost,"Lead went cold, marking lost.",0
L00863,Anjali Gupta,anjali.gupta863@novasolution.com,+91-9324429107,Nova Solutions,Finance,1000.0,Marketing Manager,Mumbai,organic search,,Enterprise Plan,50k-1L,6.0,6.0,0.0,No,2.0,1.0,2.0,5.0,20.0,1.0,1.0,2024-09-18,2024-10-16,Converted,"Client signed the contract, deal won!",1
L00827,Priya Joshi,priya.joshi827@orbitventure.com,,Orbit Ventures,SaaS,-10.0,IT Manager,Pune,Email,CMP-842,Starter Plan,10000-50000,4.0,9.0,2.0,No,2.0,2.0,2.0,1.0,,0.0,0.0,2024-03-13,2024-05-03,Proposal,,
L00030,Meera Kulkarni,meera.kulkarni30@orbitindustr.com,+91-9450738650,Orbit Industries,Manufacturing,1000.0,IT Manager,Jaipur,email campaign,CMP-147,Enterprise Plan,10k-50k,0.0,2.0,0.0,No,3.0,2.0,0.0,3.0,48.2,4.0,0.0,2026-06-11,2026-06-23,Lost,"No response, closing as lost.",0
L01040,Anjali Joshi,anjali.joshi1040@vertexlabs.com,+91-9192077105,Vertex Labs,Healthcare,50.0,Business Analyst,Pune,Organic,,Growth Plan,50k-1L,5.0,8.0,2.0,no,1.0,1.0,1.0,0.0,0.2,1.0,3.0,2024-04-20,2024-08-13,Converted,Deal closed successfully.,1
L00853,Sneha Rao,sneha.rao853@xyzsystems.com,+91-9810962837,XYZ Systems,Manufacturing,500.0,IT Manager,Ahmedabad,FB/Insta,,Add-on Module,50k-1L,4.0,7.0,1.0,No,2.0,2.0,2.0,2.0,24.2,1.0,1.0,2025-12-24,2026-01-02,Converted,"Great call, moving to won.",1
L00472,Sanjay Gupta,sanjay.gupta472@blueindustri.com,+91-9986482665,Blue Industries,Logistics,250.0,Marketing Manager,Chennai,Email,CMP-732,Growth Plan,50k-1L,0.0,3.0,0.0,no,1.0,0.0,0.0,0.0,13.7,2.0,2.0,2026-04-21,2026-06-03,Converted,"Great call, moving to won.",1
L00991,Divya Gupta,divya.gupta991@summitenterp.com,+91-9324443288,Summit Enterprises,Healthcare,100.0,Business Analyst,Delhi,Email,CMP-966,Growth Plan,<10k,9.0,11.0,1.0,No,0.0,3.0,2.0,3.0,8.3,1.0,1.0,2025-07-03,2025-10-30,Qualified,Sent pricing info.,
L00166,Neha Iyer,neha.iyer166@xyzventures.com,+91-9478681422,XYZ Ventures,Manufacturing,100.0,Procurement Head,Hyderabad,Organic,,Enterprise Plan,10k-50k,4.0,5.0,1.0,No,1.0,0.0,0.0,2.0,20.0,1.0,0.0,2026-05-28,2026-09-13,Lost,"No response, closing as lost.",0
L00249,Suresh Singh,suresh.singh249@abcsystems.com,+91-9249246521,ABC Systems,Manufacturing,10.0,Procurement Head,Kolkata,referral,,Enterprise Plan,10k-50k,6.0,7.0,2.0,Yes,2.0,2.0,2.0,3.0,4.9,0.0,0.0,2026-04-13,2026-08-10,Converted,Deal closed successfully.,1
L00308,Rahul Joshi,rahul.joshi308@orbitenterpr.com,,Orbit Enterprises,Real Estate,100.0,Sales Manager,Remote,SEO,,Add-on Module,50k-1L,1.0,1.0,1.0,No,1.0,1.0,1.0,0.0,8.2,0.0,0.0,2025-08-01,2025-09-09,Converted,Deal closed successfully.,1
L00850,Rohan Kapoor,rohan.kapoor850@primenetwork.com,+91-9244865975,Prime Networks,Finance,10.0,CEO,Delhi,paid ads,CMP-481,Enterprise Plan,<10k,10.0,16.0,4.0,No,1.0,1.0,1.0,4.0,11.3,1.0,0.0,2025-11-19,2026-02-08,Converted,"Client signed the contract, deal won!",1
L00524,Arjun Kulkarni,arjun.kulkarni524@primesolutio.com,+91-9244430557,Prime Solutions,Healthcare,250.0,Sales Manager,Remote,Referral,,Enterprise Plan,NA,4.0,4.0,1.0,No,2.0,1.0,0.0,1.0,1.7,2.0,2.0,2024-01-07,2024-04-07,Converted,"Client signed the contract, deal won!",1
L00335,Kavya Gupta,kavya.gupta335@zenithsoftwa.com,+91-9538088472,Zenith Software,Education,25.0,CEO,Ahmedabad,Google Ads,CMP-797,Starter Plan,5L+,3.0,7.0,0.0,yes,0.0,2.0,0.0,1.0,4.4,3.0,1.0,2024-08-22,2024-11-06,Qualified,Waiting on demo.,
L00098,Isha Singh,isha.singh98@brightenterp.com,+91-9116089873,Bright Enterprises,Retail,25.0,Director,Hyderabad,social media,,Starter Plan,<10k,6.0,13.0,1.0,No,0.0,2.0,2.0,1.0,11.6,0.0,0.0,2025-01-04,2025-03-11,Demo Scheduled,,
L00534,Meera Rao,meera.rao534@nimbusenterp.com,,Nimbus Enterprises,SaaS,0.0,CEO,Bangalore,paid ads,CMP-317,Starter Plan,1L-5L,4.0,8.0,0.0,No,1.0,1.0,1.0,2.0,3.6,2.0,1.0,2025-09-14,2025-10-15,Qualified,Waiting on demo.,
L01050,Pooja Sharma,pooja.sharma1050@vertexsoftwa.com,+91-9223513860,Vertex Software,SaaS,500.0,Founder,Chennai,email campaign,CMP-794,Growth Plan,1L-5L,3.0,5.0,1.0,Yes,2.0,2.0,1.0,5.0,7.4,0.0,0.0,2024-08-02,2024-09-19,Converted,"Client signed the contract, deal won!",1
L00875,Pooja Verma,pooja.verma875@xyzsoftware.com,+91-9845024088,XYZ Software,Manufacturing,50.0,Marketing Manager,Ahmedabad,Ads,CMP-197,Add-on Module,1L-5L,5.0,6.0,3.0,No,2.0,0.0,1.0,0.0,63.1,1.0,0.0,2026-01-16,2026-03-01,Lost,"Budget cut, deal lost.",0
L00869,Sanjay Das,sanjay.das869@orbitindustr.com,+91-9164342507,Orbit Industries,Manufacturing,1000.0,CEO,Ahmedabad,SEO,,Add-on Module,NA,2.0,6.0,1.0,Yes,3.0,1.0,1.0,0.0,5.5,2.0,1.0,2025-01-19,2025-03-08,Proposal,,
L00747,Suresh Reddy,suresh.reddy747@xyzsystems.com,+91-9572725027,XYZ Systems,Manufacturing,-10.0,Procurement Head,Remote,web site,,Enterprise Plan,<10k,5.0,9.0,1.0,N,2.0,2.0,1.0,0.0,23.6,1.0,2.0,2026-04-16,2026-08-13,Lost,"No response, closing as lost.",0
L00616,Rahul Kapoor,rahul.kapoor616@primesoftwar.com,+91-9175460249,Prime Software,Education,-10.0,Procurement Head,Bangalore,Google Ads,CMP-369,Enterprise Plan,1L-5L,3.0,6.0,1.0,No,0.0,1.0,0.0,2.0,8.7,2.0,1.0,2025-05-21,2025-05-25,Lost,"Lead went cold, marking lost.",0
L01190,Sneha Singh,sneha.singh1190@zenithtechno.com,+91-9164172434,Zenith Technologies,Healthcare,10.0,Procurement Head,Ahmedabad,Referral,,Growth Plan,50k-1L,5.0,10.0,0.0,No,1.0,1.0,2.0,2.0,,1.0,3.0,2025-03-06,2025-05-14,Lost,"No response, closing as lost.",0
L00303,Vikram Sharma,vikram.sharma303@summitenterp.com,+91-9461204508,Summit Enterprises,Media,50.0,IT Manager,Pune,paid ads,CMP-723,Growth Plan,1L-5L,3.0,4.0,1.0,No,4.0,0.0,0.0,1.0,2.5,0.0,2.0,2024-07-05,2024-07-14,Lost,"No response, closing as lost.",0
L00306,Isha Joshi,isha.joshi306@novaventures.com,,Nova Ventures,Retail,1000.0,Business Analyst,Chennai,email campaign,CMP-691,Starter Plan,<10k,3.0,6.0,1.0,Yes,1.0,0.0,2.0,5.0,,1.0,1.0,2025-05-04,2025-07-13,Converted,Deal closed successfully.,1
L00389,Rohan Singh,rohan.singh389@abcindustrie.com,+91-9958583009,ABC Industries,Healthcare,1000.0,Director,Mumbai,Social Media,,Growth Plan,10k-50k,0.0,2.0,0.0,Yes,2.0,0.0,2.0,4.0,3.0,1.0,1.0,2025-06-20,2025-10-04,Converted,"Client signed the contract, deal won!",1
L00236,Arjun Das,,+91-9594438790,XYZ Solutions,Healthcare,25.0,VP Sales,Mumbai,Ads,CMP-615,Starter Plan,5L+,5.0,8.0,0.0,,2.0,3.0,2.0,3.0,2.0,0.0,1.0,2025-12-25,2026-01-26,Lost,"Budget cut, deal lost.",0
L00907,Rajesh Mehta,rajesh.mehta907@zenithventur.com,+91-9820591852,Zenith Ventures,Healthcare,100.0,Procurement Head,Mumbai,referral,,Enterprise Plan,10k-50k,1.0,3.0,1.0,Yes,3.0,2.0,2.0,0.0,9.4,3.0,0.0,2026-02-08,2026-02-21,Converted,"Great call, moving to won.",1
L00773,Sanjay Reddy,sanjay.reddy773@zenithsoftwa.com,+91-9587705278,Zenith Software,Logistics,5.0,VP Sales,Jaipur,email campaign,CMP-943,Enterprise Plan,50k-1L,2.0,6.0,0.0,No,2.0,1.0,1.0,0.0,22.5,1.0,0.0,2025-08-03,2025-09-22,Lost,"Lead went cold, marking lost.",0
L00306,Isha Joshi,isha.joshi306@novaventures.com,,Nova Ventures,Retail,1000.0,Business Analyst,Chennai,email campaign,CMP-691,Starter Plan,<10k,3.0,6.0,1.0,Yes,1.0,0.0,2.0,5.0,,1.0,1.0,2025-05-04,2025-07-13,Converted,Deal closed successfully.,1
L00885,Karan Nair,karan.nair885@primeventure.com,+91-9564545643,Prime Ventures,Manufacturing,100.0,CEO,Pune,Referal,,Add-on Module,5L+,3.0,5.0,1.0,No,2.0,2.0,0.0,5.0,6.0,2.0,2.0,2026-05-21,2026-08-08,Converted,Deal closed successfully.,1
L01002,Priya Patel,priya.patel1002@orbitglobal.com,+91-9217875520,Orbit Global,Media,25.0,Business Analyst,Ahmedabad,Ads,CMP-879,Starter Plan,50k-1L,7.0,13.0,1.0,Yes,2.0,1.0,0.0,2.0,13.6,1.0,0.0,2024-08-13,2024-12-08,Lost,"No response, closing as lost.",0
L00250,Priya Singh,priya.singh250@brightsoftwa.com,+91-9787259336,Bright Software,Retail,10.0,Director,Pune,Email Campaign,CMP-300,Starter Plan,1L-5L,7.0,9.0,1.0,No,0.0,0.0,0.0,1.0,5.7,1.0,0.0,2024-03-20,2024-07-10,Lost,"Lead went cold, marking lost.",0
L01024,Divya Rao,divya.rao1024@novasoftware.com,,Nova Software,Retail,500.0,Director,Jaipur,Referral,,Enterprise Plan,1L-5L,5.0,9.0,2.0,Yes,2.0,1.0,4.0,1.0,4.1,4.0,0.0,2025-08-07,2025-10-16,Lost,"Budget cut, deal lost.",0
L00072,Meera Das,meera.das72@zenithenterp.com,+91-9783948633,Zenith Enterprises,Healthcare,5.0,Business Analyst,Remote,Email Campaign,CMP-640,Starter Plan,<10k,6.0,7.0,2.0,N,1.0,0.0,0.0,0.0,10.3,0.0,0.0,2025-10-13,2025-10-20,Converted,"Client signed the contract, deal won!",1
L00095,Ritu Sharma,ritu.sharma95@novaglobal.com,+91-9652984744,Nova Global,Logistics,50.0,Founder,Remote,email campaign,CMP-280,Enterprise Plan,,6.0,9.0,1.0,Yes,1.0,2.0,2.0,1.0,1.8,0.0,0.0,2024-08-27,2024-10-01,Converted,"Client signed the contract, deal won!",1
L01161,Pooja Das,pooja.das1161@zenithsoftwa.com,+91-9787621772,Zenith Software,Real Estate,25.0,Founder,Kolkata,paid ads,CMP-974,Add-on Module,<10k,7.0,14.0,3.0,No,2.0,0.0,1.0,1.0,,0.0,0.0,2024-02-20,2024-06-18,Lost,"Budget cut, deal lost.",0
L00034,Divya Kulkarni,divya.kulkarni34@vertexsoluti.com,+91-9852620432,Vertex Solutions,Manufacturing,250.0,Marketing Manager,Kolkata,WEBSITE,,Growth Plan,50k-1L,7.0,12.0,2.0,Yes,1.0,0.0,3.0,0.0,2.8,0.0,0.0,2026-04-26,2026-07-21,Converted,"Client signed the contract, deal won!",1
L00835,Manoj Rao,manoj.rao835@nimbussystem.com,+91-9297055414,Nimbus Systems,E-commerce,100.0,Business Analyst,Delhi,social media,,Enterprise Plan,50k-1L,5.0,11.0,0.0,No,5.0,1.0,2.0,1.0,9.9,2.0,0.0,2025-07-12,2025-06-12,Converted,"Great call, moving to won.",1
L00449,Sanjay Gupta,sanjay.gupta449@novasoftware.com,+91-9506716263,Nova Software,Healthcare,500.0,Founder,Bangalore,Website,,Add-on Module,10k-50k,5.0,7.0,3.0,Yes,3.0,0.0,1.0,2.0,0.6,5.0,0.0,2025-10-16,2026-01-26,New,,
L00446,Sanjay Gupta,sanjay.gupta446@abcindustrie.com,,ABC Industries,Manufacturing,25.0,Operations Manager,Mumbai,social media,,Add-on Module,<10k,6.0,9.0,2.0,,1.0,3.0,0.0,0.0,20.0,1.0,1.0,2024-09-29,2024-10-26,Converted,Deal closed successfully.,1
L00333,Pooja Nair,pooja.nair333@primeenterpr.com,+91-9254541844,Prime Enterprises,Media,25.0,Marketing Manager,Hyderabad,Social,,Growth Plan,10000-50000,5.0,5.0,0.0,No,2.0,0.0,0.0,1.0,46.5,2.0,2.0,2026-04-26,2026-06-15,Lost,"Budget cut, deal lost.",0
L00862,Isha Nair,isha.nair862@primeventure.com,+91-9700402142,Prime Ventures,Retail,50.0,CEO,Hyderabad,Referral,,Add-on Module,1L-5L,4.0,5.0,0.0,Yes,1.0,2.0,1.0,7.0,9.6,2.0,0.0,2026-05-03,2026-07-04,Converted,"Great call, moving to won.",1
L00739,Priya Reddy,priya.reddy739@novaventures.com,+91-9361557934,Nova Ventures,SaaS,5.0,Procurement Head,Kolkata,Website,,Starter Plan,NA,3.0,5.0,0.0,Yes,7.0,2.0,0.0,2.0,3.5,4.0,0.0,2025-05-29,2025-06-13,Converted,"Client signed the contract, deal won!",1
L00078,Arjun Kapoor,arjun.kapoor78@xyzventures.com,+91-9403003726,XYZ Ventures,Finance,5.0,IT Manager,Chennai,Google Ads,CMP-157,Add-on Module,<10k,3.0,7.0,1.0,,1.0,1.0,0.0,1.0,3.8,0.0,0.0,2024-03-02,2024-06-12,Lost,"Lead went cold, marking lost.",0
L00085,Pooja Gupta,pooja.gupta85@alphatechnol.com,+91-9350332070,Alpha Technologies,Real Estate,250.0,Operations Manager,Jaipur,email campaign,CMP-619,Add-on Module,10000-50000,10.0,15.0,6.0,No,3.0,0.0,2.0,3.0,2.7,2.0,0.0,2026-04-27,2026-08-04,Converted,"Client signed the contract, deal won!",1
L00586,Amit Sharma,amit.sharma586@novaindustri.com,+91-9658681043,Nova Industries,Retail,25.0,Marketing Manager,Delhi,paid ads,CMP-160,Enterprise Plan,NA,4.0,12.0,0.0,yes,3.0,0.0,1.0,1.0,0.5,2.0,1.0,2024-06-22,2024-06-26,New,Sent pricing info.,
L00083,Meera Nair,meera.nair83@zenithventur.com,+91-9711505749,Zenith Ventures,Finance,100.0,Sales Manager,Pune,social media,,Enterprise Plan,10k-50k,1.0,3.0,1.0,No,1.0,0.0,0.0,0.0,10.6,1.0,0.0,2025-11-04,2025-11-07,Lost,"Lead went cold, marking lost.",0
L00458,Pooja Mehta,pooja.mehta458@bluesystems.com,+91-9932306097,Blue Systems,Finance,100.0,Marketing Manager,Kolkata,SEO,,Add-on Module,10000-50000,8.0,12.0,2.0,Yes,2.0,2.0,1.0,1.0,19.5,5.0,0.0,2024-02-23,2024-05-07,Demo Scheduled,,
L00088,Suresh Nair,suresh.nair88@zenithindust.com,+91-9570851163,Zenith Industries,Retail,50.0,Marketing Manager,Bangalore,Social,,Starter Plan,50k-1L,4.0,6.0,0.0,Yes,2.0,3.0,0.0,4.0,0.2,3.0,0.0,2026-02-03,2026-02-06,Converted,"Great call, moving to won.",1
L00437,Rohan Joshi,rohan.joshi437@zenithsystem.com,+91-9408440173,Zenith Systems,Education,10.0,Founder,Ahmedabad,organic search,,Starter Plan,50k-1L,6.0,9.0,4.0,No,0.0,2.0,0.0,2.0,41.1,3.0,0.0,2024-08-19,2024-11-03,Converted,"Great call, moving to won.",1
L00637,Rohan Kulkarni,rohan.kulkarni637@summitsoftwa.com,+91-9563954713,Summit Software,SaaS,25.0,IT Manager,Hyderabad,Paid Ads,CMP-255,Growth Plan,1L-5L,5.0,8.0,2.0,Yes,2.0,1.0,3.0,2.0,7.7,1.0,1.0,2024-06-10,2024-09-09,Converted,"Great call, moving to won.",1
L00974,Isha Nair,isha.nair974@brightsystem.com,+91-9765867815,Bright Systems,Healthcare,500.0,Director,Hyderabad,paid ads,CMP-734,Add-on Module,50k-1L,2.0,6.0,1.0,No,1.0,2.0,2.0,2.0,8.8,4.0,1.0,2026-03-30,2026-07-05,Lost,"No response, closing as lost.",0
L00405,Rajesh Das,rajesh.das405@vertexglobal.com,+91-9877538779,Vertex Global,Finance,100.0,Sales Manager,Bangalore,email campaign,CMP-580,Starter Plan,50k-1L,2.0,3.0,1.0,yes,1.0,2.0,1.0,1.0,29.0,1.0,1.0,2025-08-12,2025-10-22,Converted,"Great call, moving to won.",1
L01090,Manoj Mehta,manoj.mehta1090@summitsoluti.com,+91-9905744084,Summit Solutions,Healthcare,250.0,IT Manager,Chennai,WEBSITE,,Growth Plan,<10k,8.0,9.0,4.0,yes,2.0,3.0,0.0,0.0,16.5,3.0,1.0,2026-05-11,2026-06-18,Converted,"Great call, moving to won.",1
L00683,Divya Mehta,divya.mehta683@zenithlabs.com,+91-9827939395,Zenith Labs,Media,100.0,Procurement Head,Mumbai,WEBSITE,,Growth Plan,50k-1L,2.0,3.0,0.0,No,3.0,2.0,2.0,2.0,5.6,2.0,0.0,2025-01-26,2025-03-20,Lost,"No response, closing as lost.",0
L01189,Pooja Reddy,pooja.reddy1189novaenterpri.com,+91-9538169949,Nova Enterprises,Finance,25.0,Director,Kolkata,Social Media,,Add-on Module,1L-5L,5.0,8.0,1.0,No,1.0,1.0,0.0,1.0,5.1,2.0,1.0,2025-03-28,2025-04-24,Lost,"No response, closing as lost.",0
L00105,Suresh Reddy,suresh.reddy105@orbitventure.com,+91-9822381346,Orbit Ventures,Manufacturing,50.0,IT Manager,Mumbai,Referral,,Starter Plan,NA,4.0,6.0,1.0,No,0.0,1.0,1.0,1.0,,1.0,0.0,2025-12-12,2026-02-26,Lost,"Lead went cold, marking lost.",0
L00584,Vikram Patel,vikram.patel584@summitsoftwa.com,+91-9108506847,Summit Software,Healthcare,500.0,Marketing Manager,Jaipur,organic search,,Enterprise Plan,<10k,3.0,6.0,2.0,No,0.0,0.0,0.0,1.0,15.9,2.0,1.0,2026-02-17,2026-04-25,Converted,Deal closed successfully.,1
L00655,Kavya Verma,kavya.verma655@summitlabs.com,+91-9291796772,Summit Labs,Manufacturing,10.0,Procurement Head,Chennai,Website,,Enterprise Plan,<10k,4.0,6.0,3.0,No,0.0,1.0,0.0,1.0,6.0,1.0,1.0,2026-04-24,2026-05-14,Converted,"Great call, moving to won.",1
L00063,Meera Patel,meera.patel63@novalabs.com,+91-9314898977,Nova Labs,Logistics,50.0,CEO,Kolkata,web site,,Enterprise Plan,<10k,6.0,8.0,2.0,yes,2.0,2.0,0.0,3.0,1.9,0.0,0.0,2026-03-01,2026-05-08,Converted,"Great call, moving to won.",1
L00282,Rajesh Iyer,rajesh.iyer282@xyzsystems.com,+91-9932256788,XYZ Systems,Manufacturing,50.0,Marketing Manager,Remote,Social Media,,Growth Plan,<10k,3.0,6.0,1.0,no,2.0,0.0,1.0,2.0,,1.0,0.0,2025-09-20,2025-09-28,Lost,"No response, closing as lost.",0
L00717,Neha Singh,neha.singh717@summitindust.com,+91-9403044991,Summit Industries,Media,50.0,Director,Pune,WEBSITE,,Growth Plan,10k-50k,3.0,6.0,2.0,,0.0,1.0,0.0,1.0,23.2,2.0,2.0,2024-01-23,2024-04-02,Demo Scheduled,,
L00239,Manoj Rao,manoj.rao239@novaindustri.com,+91-9878257598,Nova Industries,E-commerce,10.0,Director,Mumbai,Organic,,Starter Plan,NA,6.0,8.0,5.0,No,1.0,3.0,2.0,5.0,8.4,1.0,1.0,2025-10-01,2025-10-01,Converted,"Great call, moving to won.",1
L00224,Sanjay Mehta,sanjay.mehta224@nimbusglobal.com,+91-9963065951,Nimbus Global,Healthcare,50.0,Director,Jaipur,organic search,,Starter Plan,10k-50k,3.0,5.0,1.0,No,0.0,3.0,0.0,1.0,16.1,0.0,0.0,2024-05-06,2024-05-20,Converted,Deal closed successfully.,1
L00146,Rohan Patel,rohan.patel146@xyzlabs.com,+91-9138034682,XYZ Labs,Real Estate,5.0,Procurement Head,Ahmedabad,paid ads,CMP-803,Growth Plan,<10k,3.0,7.0,2.0,No,4.0,0.0,1.0,3.0,3.2,3.0,1.0,2024-03-16,2024-04-19,Lost,"Lead went cold, marking lost.",0
L01166,Rohan Nair,rohan.nair1166@novanetworks.com,+91-9221075903,Nova Networks,Finance,50.0,Sales Manager,Hyderabad,Organic Search,,Add-on Module,1L-5L,7.0,11.0,2.0,No,0.0,2.0,1.0,0.0,,3.0,1.0,2026-06-15,2026-10-04,Converted,Deal closed successfully.,1
L00374,Anjali Rao,anjali.rao374@alphalabs.com,+91-9632623814,Alpha Labs,Education,250.0,Director,Pune,FB/Insta,,Enterprise Plan,10k-50k,3.0,8.0,1.0,No,4.0,1.0,1.0,4.0,6.3,0.0,1.0,2024-04-15,2024-04-25,Demo Scheduled,Sent pricing info.,
L00119,Isha Mehta,isha.mehta119@zenithindust.com,+91-9155925265,Zenith Industries,Manufacturing,5.0,Sales Manager,Ahmedabad,Paid Ads,CMP-410,Enterprise Plan,<10k,2.0,6.0,1.0,No,1.0,1.0,1.0,1.0,14.0,2.0,0.0,2025-02-14,2025-02-26,Lost,"Budget cut, deal lost.",0
L00876,Rajesh Reddy,rajesh.reddy876@bluenetworks.com,+91-9431037492,Blue Networks,SaaS,1000.0,Director,Kolkata,organic search,,Enterprise Plan,10k-50k,10.0,11.0,2.0,Y,1.0,1.0,0.0,1.0,3.0,1.0,2.0,2024-08-26,2024-12-17,Converted,"Great call, moving to won.",1
L00251,Sneha Rao,,+91-9981152599,Nimbus Solutions,Finance,0.0,Director,Jaipur,web site,,Growth Plan,<10k,7.0,9.0,2.0,N,1.0,1.0,1.0,4.0,0.7,0.0,1.0,2026-01-13,2026-02-22,Converted,"Great call, moving to won.",1
L00298,Amit Kapoor,amit.kapoor298@nimbusglobal.com,+91-9121967577,Nimbus Global,SaaS,25.0,CEO,Kolkata,website,,Enterprise Plan,<10k,3.0,4.0,2.0,No,1.0,1.0,0.0,3.0,3.5,2.0,2.0,2026-04-11,2026-05-10,Converted,"Great call, moving to won.",1
L00010,Kavya Kapoor,kavya.kapoor10@abcsystems.com,+91-9895731139,ABC Systems,Retail,100.0,CEO,Ahmedabad,website,,Starter Plan,<10k,3.0,7.0,2.0,Y,3.0,0.0,0.0,4.0,3.4,1.0,2.0,2026-03-17,2026-06-18,Converted,"Client signed the contract, deal won!",1
L00450,Neha Sharma,neha.sharma450@summitindust.com,+91-9285658374,Summit Industries,Manufacturing,500.0,Operations Manager,Remote,PPC,CMP-987,Growth Plan,50k-1L,7.0,11.0,1.0,Yes,2.0,1.0,0.0,4.0,6.0,1.0,1.0,2024-08-05,2024-10-21,Converted,"Client signed the contract, deal won!",1
L01199,Priya Rao,priya.rao1199@summitnetwor.com,+91-9257909891,Summit Networks,E-commerce,100.0,Operations Manager,Mumbai,Web,,Growth Plan,50k-1L,6.0,9.0,2.0,Yes,4.0,1.0,1.0,3.0,,0.0,2.0,2025-07-28,2025-11-19,Converted,"Great call, moving to won.",1
L00390,Rajesh Mehta,rajesh.mehta390@alphanetwork.com,+91-9149958002,Alpha Networks,Real Estate,500.0,VP Sales,Mumbai,email campaign,CMP-307,Growth Plan,NA,3.0,6.0,1.0,Y,0.0,2.0,1.0,3.0,17.1,1.0,3.0,2024-11-08,2025-02-12,Demo Scheduled,Follow-up scheduled.,
L00678,Kavya Sharma,,+91-9504578253,XYZ Global,E-commerce,1000.0,Sales Manager,Jaipur,Referal,,Add-on Module,<10k,5.0,14.0,1.0,yes,3.0,1.0,0.0,2.0,12.6,1.0,0.0,2024-02-27,2024-02-28,Converted,"Client signed the contract, deal won!",1
L00985,Arjun Kapoor,arjun.kapoor985@primesolutio.com,+91-9235356483,Prime Solutions,E-commerce,500.0,CEO,Kolkata,Social Media,,Add-on Module,NA,1.0,4.0,1.0,No,2.0,1.0,2.0,0.0,1.0,2.0,1.0,2026-03-24,2026-04-02,Qualified,Sent pricing info.,
L00558,Amit Kapoor,,,Nimbus Industries,Logistics,25.0,Sales Manager,Jaipur,Email Campaign,CMP-821,Enterprise Plan,<10k,4.0,7.0,0.0,yes,1.0,1.0,1.0,0.0,12.2,2.0,1.0,2024-08-01,2024-09-16,New,,
L00461,Suresh Singh,suresh.singh461@summitglobal.com,+91-9788914834,Summit Global,Logistics,100.0,CEO,Remote,SEO,,Starter Plan,<10k,1.0,3.0,0.0,No,1.0,2.0,0.0,1.0,,0.0,0.0,2025-04-09,2025-05-27,Lost,"Budget cut, deal lost.",0
L01151,Sneha Iyer,sneha.iyer1151@blueindustri.com,+91-9378109871,Blue Industries,Healthcare,500.0,Operations Manager,Hyderabad,web site,,Starter Plan,50k-1L,3.0,3.0,0.0,No,1.0,0.0,0.0,2.0,2.4,2.0,3.0,2024-01-04,2024-01-08,Converted,"Client signed the contract, deal won!",1
L00145,Amit Joshi,amit.joshi145@zenithlabs.com,+91-9580857293,Zenith Labs,Real Estate,25.0,Marketing Manager,Pune,Email,CMP-283,Growth Plan,10000-50000,6.0,8.0,2.0,No,0.0,1.0,2.0,2.0,0.1,1.0,2.0,2024-10-06,2024-11-05,Converted,"Client signed the contract, deal won!",1
L00502,Sneha Gupta,sneha.gupta502@orbitglobal.com,+91-9892529222,Orbit Global,Logistics,50.0,Marketing Manager,Mumbai,Email,CMP-221,Growth Plan,1L-5L,6.0,8.0,0.0,No,1.0,1.0,4.0,5.0,5.0,0.0,0.0,2026-07-30,2026-10-30,Converted,"Great call, moving to won.",1
L01154,Karan Joshi,,+91-9833648914,Zenith Industries,Manufacturing,10.0,Marketing Manager,Bangalore,Referal,,Enterprise Plan,<10k,3.0,8.0,0.0,No,3.0,0.0,1.0,3.0,8.7,2.0,0.0,2025-11-17,2025-12-26,Lost,"Budget cut, deal lost.",0
L00540,Divya Das,,+91-9251591852,Blue Software,Finance,5.0,IT Manager,Pune,Organic,,Starter Plan,<10k,9.0,13.0,2.0,No,0.0,1.0,0.0,1.0,,1.0,1.0,2025-12-25,2026-03-06,Converted,"Client signed the contract, deal won!",1
L00178,Kavya Kapoor,kavya.kapoor178@brightsoluti.com,+91-9949551803,Bright Solutions,Real Estate,100.0,Founder,Hyderabad,web site,,Starter Plan,NA,2.0,4.0,1.0,No,1.0,0.0,1.0,1.0,3.2,2.0,2.0,2026-07-05,2026-07-20,Lost,"Lead went cold, marking lost.",0
L00297,Rajesh Patel,rajesh.patel297@abcindustrie.com,+91-9445496044,ABC Industries,Healthcare,500.0,Procurement Head,Delhi,referral,,Starter Plan,10k-50k,4.0,9.0,2.0,Yes,4.0,2.0,1.0,2.0,1.7,2.0,1.0,2026-07-10,2026-06-10,Converted,"Great call, moving to won.",1
L00757,Priya Iyer,priya.iyer757@orbitenterpr.com,+91-9577911425,Orbit Enterprises,Manufacturing,250.0,Sales Manager,Remote,email campaign,CMP-401,Growth Plan,<10k,2.0,4.0,0.0,,1.0,0.0,2.0,1.0,0.4,2.0,0.0,2025-06-13,2025-07-09,Contacted,,
L00632,,isha.sharma632@blueindustri.com,+91-9641871049,Blue Industries,SaaS,50.0,Operations Manager,Bangalore,Email Campaign,CMP-367,Add-on Module,1L-5L,4.0,6.0,2.0,No,2.0,0.0,1.0,2.0,99.4,1.0,0.0,2025-11-14,2025-12-06,Qualified,Sent pricing info.,
L09019,Sanjay Kulkarni,SANJAY.KULKARNI1078@ALPHAVENTURE.COM,+91-9693110880,Alpha Ventures,Finance,1000.0,Founder,Kolkata,referral,,Enterprise Plan,1L-5L,8.0,10.0,3.0,No,2.0,2.0,1.0,1.0,9.0,0.0,2.0,2024-03-26,2024-06-07,Converted,"Great call, moving to won.",1
L00008,Sneha Nair,sneha.nair8@vertexsystem.com,+91-9542937893,Vertex Systems,Manufacturing,100.0,Sales Manager,Delhi,Paid Ads,CMP-716,Starter Plan,NA,7.0,10.0,2.0,Yes,1.0,2.0,0.0,6.0,0.7,1.0,1.0,2024-10-07,2024-12-26,Converted,"Great call, moving to won.",1
L00856,Rahul Reddy,rahul.reddy856@vertextechno.com,+91-9595429229,Vertex Technologies,Healthcare,1000.0,Founder,Remote,Google Ads,CMP-193,Growth Plan,10k-50k,3.0,5.0,1.0,No,5.0,2.0,0.0,1.0,1.3,2.0,1.0,2025-08-17,2025-10-04,Converted,Deal closed successfully.,1
L00922,Isha Reddy,isha.reddy922@novaglobal.com,+91-9830089961,Nova Global,E-commerce,10.0,VP Sales,Bangalore,web site,,Starter Plan,10k-50k,3.0,4.0,0.0,No,2.0,0.0,1.0,2.0,5.0,2.0,1.0,2026-06-22,2026-08-02,Converted,"Great call, moving to won.",1
L00358,Isha Joshi,isha.joshi358@abcsolutions.com,+91-9287286719,ABC Solutions,Manufacturing,250.0,Business Analyst,Kolkata,SEO,,Growth Plan,10k-50k,3.0,6.0,1.0,No,4.0,1.0,0.0,2.0,17.3,2.0,1.0,2025-02-05,2025-05-07,Converted,"Great call, moving to won.",1
L00330,Vikram Patel,vikram.patel330@bluelabs.com,+91-9750587098,Blue Labs,Education,5.0,VP Sales,Hyderabad,email campaign,CMP-367,Enterprise Plan,<10k,4.0,4.0,1.0,No,2.0,1.0,1.0,1.0,13.0,0.0,0.0,2025-09-18,2025-12-26,Lost,"Lead went cold, marking lost.",0
L00765,Amit Kapoor,amit.kapoor765@novatechnolo.com,+91-9523785935,Nova Technologies,Manufacturing,5.0,CEO,Mumbai,referral,,Enterprise Plan,10k-50k,4.0,4.0,1.0,No,1.0,2.0,0.0,3.0,5.2,2.0,0.0,2026-04-26,2026-07-31,Lost,"Budget cut, deal lost.",0
L00906,Kavya Joshi,kavya.joshi906@zenithsoftwa.com,+91-9659021244,Zenith Software,Education,25.0,IT Manager,Hyderabad,Referral,,Starter Plan,1L-5L,1.0,7.0,1.0,No,5.0,1.0,0.0,5.0,6.3,1.0,1.0,2024-08-12,2024-10-12,Converted,"Great call, moving to won.",1
L00259,Kavya Iyer,kavya.iyer259@primenetwork.com,+91-9421917297,Prime Networks,Logistics,100.0,IT Manager,Kolkata,FB/Insta,,Starter Plan,50k-1L,4.0,7.0,1.0,No,0.0,2.0,0.0,2.0,3.0,2.0,0.0,2024-10-11,2024-12-09,Converted,"Client signed the contract, deal won!",1
L00950,Rohan Singh,rohan.singh950@nimbusnetwor.com,+91-9638981575,Nimbus Networks,Real Estate,250.0,Founder,Chennai,Paid Ads,CMP-872,Enterprise Plan,<10k,3.0,6.0,0.0,Yes,0.0,1.0,0.0,1.0,27.4,2.0,1.0,2025-05-09,2025-08-19,Lost,"Budget cut, deal lost.",0
L00975,Sneha Kulkarni,sneha.kulkarni975@blueenterpri.com,,Blue Enterprises,Finance,250.0,Sales Manager,Hyderabad,social media,,Starter Plan,10k-50k,3.0,8.0,1.0,No,3.0,1.0,1.0,1.0,4.8,5.0,3.0,2024-08-19,2024-10-18,Converted,"Client signed the contract, deal won!",1
L00843,Rajesh Kapoor,rajesh.kapoor843@xyzsolutions.com,+91-9525614160,XYZ Solutions,Logistics,0.0,Business Analyst,Remote,Social,,Starter Plan,<10k,3.0,7.0,1.0,No,0.0,0.0,2.0,1.0,24.2,0.0,1.0,2025-11-17,2026-02-23,Lost,"Lead went cold, marking lost.",0
L00650,Neha Iyer,neha.iyer650@primesolutio.com,+91-9478674339,Prime Solutions,Manufacturing,5.0,Sales Manager,Jaipur,email campaign,CMP-835,Starter Plan,<10k,2.0,4.0,1.0,Yes,2.0,1.0,2.0,1.0,4.0,0.0,0.0,2026-04-16,2026-06-06,Converted,"Great call, moving to won.",1
L00905,Suresh Sharma,suresh.sharma905@orbitlabs.com,+91-9416650712,Orbit Labs,Finance,250.0,IT Manager,Kolkata,Paid Ads,CMP-889,Growth Plan,<10k,2.0,5.0,0.0,No,3.0,1.0,2.0,0.0,,2.0,0.0,2024-10-02,2025-01-22,New,,
L00526,Rajesh Verma,,+91-9983668960,Bright Software,Logistics,25.0,VP Sales,Remote,FB/Insta,,Add-on Module,10000-50000,4.0,5.0,1.0,yes,0.0,2.0,1.0,2.0,3.5,0.0,1.0,2025-03-12,2025-04-17,Demo Scheduled,Waiting on demo.,
L00888,Karan Kapoor,karan.kapoor888@brightglobal.com,+91-9237541826,Bright Global,Media,25.0,Marketing Manager,Delhi,Social Media,,Add-on Module,10k-50k,4.0,9.0,0.0,No,2.0,2.0,2.0,6.0,22.8,1.0,2.0,2026-07-21,2026-09-10,Lost,"No response, closing as lost.",0
L00713,Pooja Singh,pooja.singh713@summitsystem.com,+91-9412817508,Summit Systems,Healthcare,500.0,Sales Manager,Bangalore,WEBSITE,,Add-on Module,unknown,6.0,10.0,1.0,Yes,0.0,1.0,1.0,2.0,2.1,1.0,0.0,2024-10-18,2025-01-18,Converted,"Great call, moving to won.",1
L00817,Rahul Das,rahul.das817@vertexlabs.com,+91-9733598850,Vertex Labs,Media,5.0,Director,Bangalore,Referral,,Growth Plan,10k-50k,4.0,6.0,1.0,No,1.0,1.0,2.0,2.0,11.8,2.0,2.0,2025-06-15,2025-07-28,Converted,Deal closed successfully.,1
L01188,Suresh Gupta,,+91-9976998606,Orbit Ventures,Real Estate,50.0,IT Manager,Remote,Referal,,Growth Plan,<10k,5.0,8.0,1.0,No,4.0,1.0,0.0,3.0,21.7,5.0,2.0,2025-12-05,2025-12-27,Lost,"No response, closing as lost.",0
L00441,Kavya Joshi,kavya.joshi441@bluesystems.com,+91-9515663346,Blue Systems,Logistics,25.0,Procurement Head,Mumbai,Google Ads,CMP-897,Add-on Module,50k-1L,3.0,6.0,0.0,No,2.0,0.0,2.0,1.0,4.7,0.0,0.0,2025-03-30,2025-05-25,Lost,"Lead went cold, marking lost.",0
L00532,Isha Joshi,isha.joshi532@nimbuslabs.com,+91-9316909269,Nimbus Labs,Healthcare,100.0,Marketing Manager,Pune,Email Campaign,CMP-901,Growth Plan,10k-50k,4.0,8.0,2.0,No,0.0,1.0,2.0,4.0,,1.0,1.0,2024-05-06,2024-08-09,Converted,"Great call, moving to won.",1
L00227,Sneha Singh,sneha.singh227@novasolution.com,+91-9116407334,Nova Solutions,SaaS,250.0,Business Analyst,Ahmedabad,Referral,,Starter Plan,1L-5L,4.0,7.0,3.0,Yes,4.0,2.0,0.0,3.0,21.0,2.0,0.0,2026-06-22,2026-08-22,Converted,"Great call, moving to won.",1
L00229,Rahul Singh,rahul.singh229@primesystems.com,+91-9100404573,Prime Systems,Healthcare,5.0,IT Manager,Chennai,WEBSITE,,Add-on Module,10000-50000,3.0,5.0,1.0,no,1.0,0.0,0.0,0.0,4.5,1.0,1.0,2024-05-21,2024-06-07,Lost,"No response, closing as lost.",0
L01085,Sneha Reddy,sneha.reddy1085@vertexenterp.com,+91-9726142137,Vertex Enterprises,Logistics,50.0,VP Sales,Ahmedabad,Social Media,,Add-on Module,10k-50k,7.0,10.0,3.0,,1.0,0.0,2.0,2.0,,5.0,1.0,2026-06-09,2026-06-19,Converted,"Client signed the contract, deal won!",1
L00213,Manoj Iyer,manoj.iyer213alphatechnol.com,+91-9169186819,Alpha Technologies,SaaS,10.0,IT Manager,Pune,social media,,Growth Plan,10000-50000,3.0,6.0,0.0,Yes,4.0,2.0,1.0,3.0,15.7,5.0,0.0,2026-07-07,2026-08-17,New,Sent pricing info.,
L00080,Suresh Reddy,suresh.reddy80@primenetwork.com,+91-9502115360,Prime Networks,Education,-10.0,Director,Remote,referral,,Add-on Module,50k-1L,9.0,12.0,2.0,No,1.0,0.0,2.0,0.0,1.0,2.0,1.0,2025-11-08,2026-02-05,Lost,"Budget cut, deal lost.",0
L00149,Ritu Das,,+91-9454641576,ABC Global,Real Estate,50.0,CEO,Mumbai,Referal,,Enterprise Plan,50k-1L,8.0,15.0,3.0,No,1.0,1.0,0.0,3.0,17.1,3.0,0.0,2024-08-04,2024-09-29,Contacted,Follow-up scheduled.,
L00846,Pooja Sharma,pooja.sharma846@abcsolutions.com,+91-9224915884,ABC Solutions,Education,50.0,Procurement Head,Pune,paid ads,CMP-931,Growth Plan,10k-50k,4.0,5.0,2.0,Yes,2.0,2.0,2.0,1.0,29.9,2.0,2.0,2026-05-20,2026-07-07,Converted,"Great call, moving to won.",1
L00768,Manoj Rao,manoj.rao768@zenithtechno.com,+91-9844702726,Zenith Technologies,Healthcare,500.0,IT Manager,Ahmedabad,Referal,,Starter Plan,1L-5L,6.0,7.0,1.0,No,1.0,1.0,2.0,3.0,51.9,1.0,2.0,2024-12-03,2025-03-08,Converted,Deal closed successfully.,1
L00940,Suresh Rao,suresh.rao940@orbittechnol.com,+91-9257999223,Orbit Technologies,SaaS,500.0,IT Manager,Delhi,FB/Insta,,Enterprise Plan,n/a,7.0,14.0,4.0,No,1.0,2.0,0.0,3.0,1.8,0.0,1.0,2025-01-04,2025-04-19,Lost,"Lead went cold, marking lost.",0
L00134,Divya Sharma,divya.sharma134@alphaenterpr.com,+91-9816282390,Alpha Enterprises,Media,25.0,Marketing Manager,Bangalore,FB/Insta,,Growth Plan,<10k,5.0,8.0,0.0,yes,0.0,0.0,2.0,2.0,21.8,0.0,1.0,2025-04-09,2025-05-25,Converted,"Client signed the contract, deal won!",1
L00851,Manoj Rao,manoj.rao851@blueventures.com,+91-9946487065,Blue Ventures,Manufacturing,500.0,VP Sales,Mumbai,Web,,Starter Plan,50k-1L,2.0,6.0,0.0,Yes,5.0,1.0,0.0,4.0,18.3,2.0,0.0,2025-10-26,2025-11-26,Converted,Deal closed successfully.,1
L00409,Ritu Iyer,ritu.iyer409@primeenterpr.com,+91-9600508882,Prime Enterprises,Finance,250.0,Marketing Manager,Remote,Referal,,Starter Plan,1L-5L,0.0,1.0,0.0,No,5.0,0.0,1.0,2.0,5.3,2.0,0.0,2025-03-12,2025-07-01,Lost,"Lead went cold, marking lost.",0
L01126,Manoj Nair,manoj.nair1126@orbittechnol.com,,Orbit Technologies,,500.0,Business Analyst,Ahmedabad,Paid Ads,CMP-645,Add-on Module,10000-50000,4.0,7.0,0.0,No,2.0,1.0,2.0,1.0,8.7,2.0,0.0,2025-08-25,2025-12-12,Lost,"Lead went cold, marking lost.",0
L00508,Karan Das,karan.das508@alphasystems.com,+91-9889666568,Alpha Systems,Finance,1000.0,Marketing Manager,Jaipur,paid ads,CMP-468,Enterprise Plan,1L-5L,5.0,8.0,3.0,Yes,4.0,2.0,1.0,0.0,23.8,1.0,0.0,2024-05-19,2024-08-28,Converted,"Client signed the contract, deal won!",1
L00992,Rajesh Das,rajesh.das992@vertextechno.com,+91-9737782235,Vertex Technologies,Media,10.0,Procurement Head,Kolkata,Organic,,Starter Plan,10k-50k,9.0,12.0,1.0,No,1.0,2.0,0.0,4.0,18.6,4.0,0.0,2024-02-02,2024-03-04,Lost,"Budget cut, deal lost.",0
L00505,Meera Sharma,meera.sharma505@novasoftware.com,+91-9407893349,Nova Software,,5.0,Sales Manager,Hyderabad,Social,,Add-on Module,10k-50k,3.0,9.0,0.0,No,4.0,1.0,0.0,1.0,8.4,2.0,0.0,2024-06-29,2024-10-01,Qualified,Waiting on demo.,
L00731,Ritu Rao,ritu.rao731@vertextechno.com,+91-9176158876,Vertex Technologies,Logistics,250.0,IT Manager,Hyderabad,website,,Growth Plan,<10k,2.0,5.0,1.0,Yes,1.0,2.0,2.0,1.0,25.1,4.0,0.0,2026-04-12,2026-06-13,Converted,"Client signed the contract, deal won!",1
L00348,Sanjay Reddy,sanjay.reddy348@brightglobal.com,+91-9660736253,Bright Global,SaaS,5.0,Marketing Manager,Bangalore,referral,,Add-on Module,<10k,4.0,8.0,1.0,N,2.0,2.0,2.0,1.0,4.9,1.0,1.0,2024-03-31,2024-06-11,Converted,Deal closed successfully.,1
L00387,Vikram Mehta,vikram.mehta387@zenithtechno.com,,Zenith Technologies,E-commerce,1000.0,Founder,Ahmedabad,Social Media,,Starter Plan,10k-50k,6.0,9.0,2.0,No,1.0,1.0,2.0,2.0,27.8,2.0,0.0,2024-02-11,2024-05-18,Qualified,Sent pricing info.,
L00001,Priya Kulkarni,priya.kulkarni1@vertexsoftwa.com,+91-9381129976,Vertex Software,Education,5.0,Operations Manager,Jaipur,social media,,Add-on Module,1L-5L,6.0,13.0,2.0,Yes,1.0,2.0,1.0,2.0,3.9,1.0,0.0,2025-04-29,2025-05-14,Converted,"Client signed the contract, deal won!",1
L00361,Divya Reddy,divya.reddy361@xyzsystems.com,+91-9607361292,XYZ Systems,,10.0,Founder,Remote,Web,,Growth Plan,50k-1L,4.0,7.0,1.0,,2.0,1.0,1.0,1.0,32.7,4.0,0.0,2025-12-15,2025-11-15,Lost,"Lead went cold, marking lost.",0
L01181,,pooja.rao1181@vertexlabs.com,+91-9506003826,Vertex Labs,Logistics,250.0,VP Sales,Delhi,Referal,,Starter Plan,10k-50k,4.0,8.0,1.0,No,1.0,2.0,2.0,1.0,0.3,0.0,0.0,2024-09-13,2024-10-31,Converted,Deal closed successfully.,1
L00476,Divya Kulkarni,divya.kulkarni476@novanetworks.com,+91-9299415204,Nova Networks,Manufacturing,100.0,Operations Manager,Kolkata,Social,,Growth Plan,<10k,2.0,3.0,0.0,No,2.0,1.0,1.0,1.0,7.0,1.0,2.0,2024-09-11,2025-01-04,Lost,"No response, closing as lost.",0
L00845,Meera Verma,meera.verma845@orbitventure.com,+91-9678936713,Orbit Ventures,E-commerce,100.0,IT Manager,Delhi,PPC,CMP-636,Add-on Module,1L-5L,4.0,6.0,0.0,Y,3.0,0.0,2.0,3.0,3.3,2.0,0.0,2025-09-10,2025-11-30,Converted,"Great call, moving to won.",1
L00839,Divya Verma,divya.verma839@summitsystem.com,+91-9511120757,Summit Systems,Retail,250.0,Operations Manager,Remote,Organic,,Starter Plan,10k-50k,7.0,9.0,3.0,No,3.0,3.0,0.0,1.0,41.6,0.0,1.0,2025-06-16,2025-08-03,Converted,Deal closed successfully.,1
L00819,Rahul Sharma,rahul.sharma819@vertexsystem.com,+91-9705706199,Vertex Systems,Education,500.0,CEO,Delhi,Ads,CMP-363,Growth Plan,10k-50k,2.0,6.0,0.0,yes,1.0,3.0,0.0,2.0,0.2,1.0,0.0,2024-09-15,2024-09-19,Lost,"Budget cut, deal lost.",0
L00173,Anjali Kapoor,anjali.kapoor173@brightsoftwa.com,+91-9302311991,Bright Software,Media,500.0,Business Analyst,Ahmedabad,Email Campaign,CMP-528,Starter Plan,1L-5L,6.0,11.0,4.0,No,2.0,3.0,4.0,1.0,29.5,2.0,0.0,2024-07-09,2024-10-12,Converted,"Great call, moving to won.",1
L00451,Neha Nair,neha.nair451@xyznetworks.com,,XYZ Networks,Media,25.0,Director,Hyderabad,email campaign,CMP-882,Add-on Module,10k-50k,4.0,5.0,0.0,No,1.0,0.0,2.0,3.0,9.3,3.0,1.0,2024-05-16,2024-07-23,Converted,Deal closed successfully.,1
L00126,Vikram Kapoor,vikram.kapoor126@vertexlabs.com,+91-9695879440,Vertex Labs,E-commerce,50.0,Operations Manager,Mumbai,website,,Starter Plan,10k-50k,5.0,9.0,2.0,No,0.0,3.0,1.0,2.0,34.6,2.0,0.0,2025-03-02,2025-05-21,Converted,"Client signed the contract, deal won!",1
L00694,Rahul Joshi,,+91-9699379775,Summit Technologies,E-commerce,10.0,Founder,Pune,web site,,Growth Plan,1L-5L,2.0,4.0,1.0,yes,2.0,0.0,1.0,2.0,1.1,1.0,2.0,2024-07-17,2024-07-17,Lost,"Lead went cold, marking lost.",0
L00531,Rajesh Patel,rajesh.patel531@brightnetwor.com,+91-9248786803,Bright Networks,E-commerce,0.0,Marketing Manager,Bangalore,email campaign,CMP-439,Growth Plan,10k-50k,5.0,10.0,1.0,No,1.0,2.0,0.0,2.0,7.1,2.0,0.0,2025-09-14,2025-11-23,Proposal,Sent pricing info.,
L00091,Vikram Gupta,vikram.gupta91@abcsolutions.com,+91-9178964004,ABC Solutions,Healthcare,50.0,Marketing Manager,Pune,Organic,,Add-on Module,unknown,2.0,4.0,1.0,No,2.0,0.0,1.0,1.0,3.6,1.0,1.0,2025-05-27,2025-07-16,Converted,"Great call, moving to won.",1
L00497,Manoj Kapoor,manoj.kapoor497@novasolution.com,+91-9256965585,Nova Solutions,E-commerce,1000.0,IT Manager,Bangalore,Website,,Starter Plan,<10k,4.0,4.0,2.0,No,1.0,2.0,2.0,1.0,10.2,1.0,1.0,2026-05-12,2026-06-26,Converted,"Client signed the contract, deal won!",1
L00182,Karan Nair,,+91-9405226005,Nimbus Solutions,Logistics,250.0,Marketing Manager,Ahmedabad,Google Ads,CMP-910,Growth Plan,1L-5L,7.0,10.0,2.0,Yes,3.0,1.0,2.0,3.0,5.2,1.0,2.0,2026-06-17,2026-10-04,Converted,"Client signed the contract, deal won!",1
L00714,Ritu Reddy,ritu.reddy714@nimbusindust.com,+91-9475711931,Nimbus Industries,Media,25.0,IT Manager,Hyderabad,Email Campaign,CMP-960,Add-on Module,50k-1L,4.0,11.0,2.0,Yes,1.0,1.0,1.0,2.0,1.5,0.0,1.0,2024-11-02,2025-01-11,Converted,"Client signed the contract, deal won!",1
L00415,Anjali Singh,anjali.singh415@brighttechno.com,+91-9443935806,Bright Technologies,Retail,250.0,Operations Manager,Bangalore,Email Campaign,CMP-202,Enterprise Plan,10k-50k,5.0,6.0,3.0,No,1.0,1.0,2.0,2.0,13.5,2.0,2.0,2025-08-24,2025-10-26,Converted,Deal closed successfully.,1
L00252,Sanjay Gupta,sanjay.gupta252@vertexindust.com,+91-9575852842,Vertex Industries,Real Estate,25.0,Business Analyst,Kolkata,Email Campaign,CMP-426,Add-on Module,10k-50k,3.0,6.0,1.0,Yes,1.0,2.0,2.0,2.0,3.4,3.0,0.0,2025-03-15,2025-05-16,Converted,"Great call, moving to won.",1
L00070,Priya Iyer,priya.iyer70@blueglobal.com,+91-9329667860,Blue Global,Education,10.0,Procurement Head,Mumbai,social media,,Add-on Module,5L+,5.0,9.0,1.0,No,6.0,0.0,1.0,2.0,5.3,2.0,1.0,2025-05-23,2025-08-17,Converted,"Great call, moving to won.",1
L00132,Sneha Iyer,sneha.iyer132@xyzenterpris.com,+91-9718051778,XYZ Enterprises,Real Estate,5.0,IT Manager,Bangalore,FB/Insta,,Add-on Module,50k-1L,1.0,6.0,0.0,No,4.0,0.0,2.0,4.0,14.4,3.0,0.0,2025-12-17,2026-03-25,Lost,"Budget cut, deal lost.",0
L00301,Neha Reddy,,+91-9646052507,Bright Ventures,SaaS,250.0,Procurement Head,Chennai,Social Media,,Add-on Module,NA,5.0,9.0,4.0,No,2.0,0.0,1.0,2.0,2.6,2.0,0.0,2025-10-01,2025-12-18,Proposal,Waiting on demo.,
L00725,Rajesh Reddy,rajesh.reddy725@summitsoluti.com,+91-9821448384,Summit Solutions,Finance,10.0,Sales Manager,Remote,paid ads,CMP-826,Starter Plan,10k-50k,4.0,10.0,0.0,Yes,0.0,0.0,0.0,2.0,13.3,2.0,1.0,2025-09-18,2025-10-12,Lost,"Budget cut, deal lost.",0
L00327,Kavya Iyer,kavya.iyer327@xyznetworks.com,+91-9916463269,XYZ Networks,Retail,100.0,Sales Manager,Chennai,web site,,Growth Plan,50k-1L,5.0,7.0,0.0,No,2.0,2.0,1.0,2.0,25.1,3.0,1.0,2025-11-19,2025-11-22,Lost,"Budget cut, deal lost.",0
L00576,Arjun Kulkarni,arjun.kulkarni576@primesolutio.com,+91-9587683756,Prime Solutions,Manufacturing,250.0,IT Manager,Mumbai,Email,CMP-378,Add-on Module,unknown,5.0,10.0,1.0,No,4.0,0.0,0.0,4.0,1.3,0.0,0.0,2026-03-07,2026-04-29,Lost,"Lead went cold, marking lost.",0
L00860,Manoj Kapoor,,+91-9408153276,Summit Enterprises,Retail,5.0,Sales Manager,Chennai,Email,CMP-629,Add-on Module,1L-5L,2.0,4.0,0.0,No,3.0,0.0,0.0,1.0,3.8,2.0,1.0,2024-02-29,2024-03-05,Lost,"No response, closing as lost.",0
L00500,Rohan Kapoor,rohan.kapoor500@nimbussystem.com,+91-9949373024,Nimbus Systems,Manufacturing,250.0,Procurement Head,Bangalore,Referal,,Starter Plan,10k-50k,5.0,12.0,2.0,No,2.0,1.0,1.0,1.0,4.8,5.0,1.0,2025-03-13,2025-06-17,Converted,"Great call, moving to won.",1
L00721,Sneha Singh,sneha.singh721@orbitsystems.com,+91-9929176921,Orbit Systems,Healthcare,250.0,Procurement Head,Kolkata,Website,,Growth Plan,10k-50k,3.0,4.0,1.0,Yes,2.0,1.0,1.0,5.0,9.8,0.0,0.0,2024-05-11,2024-04-11,Qualified,,
L01004,Priya Rao,priya.rao1004@brightsystem.com,+91-9358946581,Bright Systems,Real Estate,500.0,Business Analyst,Delhi,Organic Search,,Growth Plan,10000-50000,6.0,8.0,3.0,No,1.0,2.0,0.0,1.0,9.5,2.0,2.0,2026-01-11,2026-04-26,Converted,"Client signed the contract, deal won!",1
L00496,Pooja Verma,,,Vertex Systems,Media,5.0,Operations Manager,Mumbai,FB/Insta,,Add-on Module,NA,2.0,7.0,0.0,Yes,1.0,2.0,0.0,1.0,1.5,1.0,2.0,2024-02-04,2024-03-03,Converted,"Client signed the contract, deal won!",1
L01163,Anjali Kulkarni,anjali.kulkarni1163@novasoftware.com,+91-9312270676,Nova Software,Healthcare,10.0,Business Analyst,Kolkata,social media,,Growth Plan,1L-5L,7.0,13.0,5.0,yes,0.0,2.0,1.0,4.0,3.9,0.0,1.0,2025-01-07,2025-05-01,Converted,"Great call, moving to won.",1
L00339,Isha Joshi,isha.joshi339@bluesoftware.com,+91-9150550649,Blue Software,Retail,5.0,Procurement Head,Jaipur,Organic,,Enterprise Plan,<10k,4.0,6.0,1.0,Yes,3.0,1.0,0.0,4.0,2.8,1.0,1.0,2025-10-10,2025-11-30,Converted,"Great call, moving to won.",1
L00422,Anjali Iyer,anjali.iyer422@orbitglobal.com,+91-9939597992,Orbit Global,Retail,10.0,VP Sales,Chennai,Social Media,,Growth Plan,<10k,6.0,9.0,1.0,No,3.0,2.0,2.0,1.0,10.2,1.0,1.0,2025-10-18,2025-10-22,Lost,"No response, closing as lost.",0
L00165,Priya Verma,priya.verma165@alphaventure.com,+91-9453593795,Alpha Ventures,E-commerce,10.0,Business Analyst,Mumbai,email campaign,CMP-204,Growth Plan,<10k,5.0,10.0,1.0,Yes,1.0,1.0,1.0,2.0,37.2,2.0,0.0,2025-06-26,2025-07-18,Contacted,Waiting on demo.,
L00029,Ritu Joshi,ritu.joshi29@orbitindustr.com,+91-9249456368,Orbit Industries,E-commerce,5.0,VP Sales,Hyderabad,PPC,CMP-177,Enterprise Plan,5L+,6.0,7.0,3.0,No,2.0,1.0,2.0,2.0,22.7,1.0,0.0,2026-05-23,2026-06-12,Converted,"Client signed the contract, deal won!",1
L00517,Vikram Patel,vikram.patel517@zenithsoftwa.com,+91-9611875178,Zenith Software,Retail,5.0,Founder,Hyderabad,SEO,,Add-on Module,NA,5.0,7.0,0.0,No,3.0,2.0,1.0,1.0,11.5,1.0,0.0,2025-02-19,2025-04-02,Contacted,,
L00194,Divya Joshi,divya.joshi194@vertexnetwor.com,+91-9387454138,Vertex Networks,Education,5.0,VP Sales,Bangalore,Social,,Starter Plan,1L-5L,4.0,8.0,0.0,No,4.0,0.0,1.0,1.0,37.9,0.0,0.0,2025-10-26,2026-01-11,Converted,"Client signed the contract, deal won!",1
L01047,Vikram Das,vikram.das1047@abcsolutions.com,+91-9444563112,ABC Solutions,Logistics,5.0,CEO,Hyderabad,Google Ads,CMP-841,Growth Plan,<10k,6.0,9.0,2.0,Y,0.0,1.0,1.0,3.0,3.3,1.0,0.0,2024-04-29,2024-08-09,Converted,Deal closed successfully.,1
L00847,Priya Kulkarni,priya.kulkarni847@novaventures.com,+91-9939058072,Nova Ventures,E-commerce,500.0,IT Manager,Kolkata,Email Campaign,CMP-796,Enterprise Plan,<10k,8.0,11.0,3.0,yes,1.0,2.0,1.0,2.0,11.8,1.0,1.0,2024-10-18,2024-11-20,Contacted,Waiting on demo.,
L00170,Sanjay Joshi,sanjay.joshi170@orbitenterpr.com,+91-9106453994,Orbit Enterprises,Healthcare,250.0,Founder,Ahmedabad,Web,,Growth Plan,10k-50k,3.0,6.0,0.0,Yes,1.0,1.0,3.0,2.0,17.6,1.0,1.0,2025-09-26,2025-12-09,New,,
L09011,Neha Kulkarni,NEHA.KULKARNI606@BLUESOFTWARE.COM,+91-9869837245,Blue Software,Logistics,5.0,Founder,Ahmedabad,social media,,Enterprise Plan,10k-50k,4.0,8.0,0.0,yes,3.0,2.0,1.0,3.0,14.2,2.0,0.0,2026-07-16,2026-09-23,Converted,Deal closed successfully.,1
L00653,Sneha Das,,+91-9549560467,Nova Ventures,Real Estate,1000.0,Marketing Manager,Hyderabad,Ads,CMP-527,Growth Plan,50k-1L,5.0,7.0,2.0,no,0.0,2.0,1.0,1.0,28.6,2.0,2.0,2026-07-28,2026-09-28,Converted,"Client signed the contract, deal won!",1
L00174,Vikram Verma,vikram.verma174@novasoftware.com,+91-9840996986,Nova Software,Finance,5.0,VP Sales,Mumbai,Referral,,Growth Plan,50k-1L,5.0,5.0,2.0,yes,2.0,2.0,0.0,2.0,7.6,1.0,1.0,2024-07-02,2024-07-23,Converted,"Client signed the contract, deal won!",1
L00519,Rahul Das,rahul.das519@orbitsoftwar.com,+91-9165871539,Orbit Software,Logistics,500.0,Sales Manager,Jaipur,Website,,Growth Plan,10k-50k,-3.0,2.0,0.0,Y,0.0,1.0,3.0,3.0,30.5,3.0,0.0,2025-03-14,2025-04-29,Converted,Deal closed successfully.,1
L01005,Suresh Sharma,suresh.sharma1005@abcenterpris.com,+91-9980492879,ABC Enterprises,Finance,100.0,Director,Delhi,referral,,Growth Plan,1L-5L,4.0,7.0,0.0,No,3.0,2.0,0.0,3.0,2.1,0.0,0.0,2026-04-24,2026-05-06,Proposal,Waiting on demo.,
L01132,Manoj Reddy,manoj.reddy1132@vertexlabs.com,+91-9936102729,Vertex Labs,Logistics,1000.0,VP Sales,Mumbai,Website,,Starter Plan,<10k,3.0,7.0,2.0,Yes,1.0,1.0,0.0,1.0,19.8,1.0,3.0,2024-12-27,2025-02-01,Converted,"Client signed the contract, deal won!",1
L00492,Manoj Iyer,manoj.iyer492@orbitsoftwar.com,+91-9402928624,Orbit Software,SaaS,250.0,Marketing Manager,Remote,Referral,,Add-on Module,<10k,3.0,5.0,2.0,No,0.0,0.0,0.0,1.0,,0.0,0.0,2025-02-08,2025-05-22,Converted,Deal closed successfully.,1
L00074,Anjali Joshi,anjali.joshi74@bluenetworks.com,+91-9837829996,Blue Networks,Media,1000.0,IT Manager,Kolkata,Email,CMP-366,Growth Plan,5L+,4.0,5.0,1.0,Yes,0.0,2.0,0.0,2.0,1.3,1.0,2.0,2025-08-01,2025-11-14,Converted,Deal closed successfully.,1
L01046,Amit Kapoor,amit.kapoor1046@nimbusnetwor.com,+91-9420747668,Nimbus Networks,Media,500.0,Sales Manager,Hyderabad,FB/Insta,,Growth Plan,10k-50k,-3.0,-2.0,0.0,yes,5.0,0.0,3.0,2.0,14.2,2.0,0.0,2025-12-14,2026-02-05,Converted,"Great call, moving to won.",1
L00588,Pooja Kulkarni,pooja.kulkarni588@alphatechnol.com,+91-9507152307,Alpha Technologies,Manufacturing,50.0,Procurement Head,Bangalore,social media,,Add-on Module,<10k,4.0,9.0,1.0,,3.0,1.0,1.0,5.0,8.0,0.0,2.0,2024-06-30,2024-09-03,Contacted,Sent pricing info.,
L00658,Ritu Rao,ritu.rao658@brightsoluti.com,+91-9670089466,Bright Solutions,Media,500.0,Operations Manager,Pune,FB/Insta,,Growth Plan,<10k,6.0,8.0,1.0,No,5.0,1.0,0.0,1.0,19.2,1.0,3.0,2025-10-05,2025-12-03,Converted,Deal closed successfully.,1
L00235,Anjali Iyer,anjali.iyer235@xyzindustrie.com,,XYZ Industries,Retail,-10.0,Business Analyst,Hyderabad,social media,,Enterprise Plan,50k-1L,5.0,7.0,3.0,Yes,0.0,1.0,2.0,1.0,2.6,0.0,0.0,2024-09-24,2024-12-23,Lost,"Lead went cold, marking lost.",0
L00215,Isha Das,isha.das215@novasoftware.com,+91-9902442983,Nova Software,E-commerce,5.0,CEO,Ahmedabad,web site,,Growth Plan,50k-1L,2.0,6.0,1.0,Yes,3.0,1.0,0.0,1.0,,1.0,0.0,2024-06-09,2024-08-10,Lost,"Budget cut, deal lost.",0
L00163,Priya Mehta,priya.mehta163@brightsoftwa.com,+91-9387361217,Bright Software,Healthcare,250.0,CEO,Chennai,social media,,Starter Plan,1L-5L,5.0,8.0,1.0,No,4.0,0.0,2.0,1.0,16.1,0.0,1.0,2025-04-10,2025-05-16,Proposal,Follow-up scheduled.,
L00133,Ritu Reddy,ritu.reddy133@summitsoftwa.com,+91-9200021709,Summit Software,Healthcare,100.0,Sales Manager,Ahmedabad,Referal,,Enterprise Plan,50k-1L,6.0,9.0,1.0,Yes,4.0,1.0,0.0,3.0,14.2,0.0,0.0,2024-03-12,2024-04-04,Converted,Deal closed successfully.,1
L00844,Rohan Sharma,rohan.sharma844@vertexsystem.com,+91-9112850171,Vertex Systems,SaaS,500.0,Founder,Delhi,FB/Insta,,Enterprise Plan,<10k,4.0,5.0,1.0,No,2.0,2.0,1.0,2.0,7.5,4.0,1.0,2026-07-02,2026-07-22,Lost,"Budget cut, deal lost.",0
L01116,Neha Joshi,neha.joshi1116@summitindust.com,+91-9119784479,Summit Industries,Retail,10.0,Operations Manager,Jaipur,Website,,Starter Plan,50k-1L,2.0,4.0,1.0,No,2.0,0.0,1.0,3.0,,2.0,1.0,2024-08-29,2024-09-30,Converted,Deal closed successfully.,1
L01193,Karan Patel,karan.patel1193@bluesolution.com,+91-9596153166,Blue Solutions,Healthcare,25.0,Sales Manager,Mumbai,Organic Search,,Enterprise Plan,10k-50k,3.0,6.0,0.0,No,1.0,1.0,3.0,0.0,0.0,0.0,0.0,2026-07-03,2026-09-04,Lost,"Budget cut, deal lost.",0
L00186,Amit Gupta,amit.gupta186@orbitlabs.com,+91-9977301484,Orbit Labs,Manufacturing,25.0,Procurement Head,Remote,Referal,,Add-on Module,50k-1L,5.0,6.0,0.0,No,1.0,2.0,1.0,3.0,1.7,5.0,1.0,2025-06-24,2025-09-12,Converted,"Client signed the contract, deal won!",1
L00042,Neha Kulkarni,,+91-9397609296,Orbit Labs,Logistics,10.0,Business Analyst,Pune,Referal,,Starter Plan,50k-1L,8.0,10.0,6.0,,4.0,1.0,1.0,5.0,18.9,2.0,0.0,2024-07-03,2024-08-11,Converted,Deal closed successfully.,1
L00109,Anjali Joshi,anjali.joshi109@nimbusglobal.com,+91-9422363108,Nimbus Global,Media,100.0,VP Sales,Bangalore,website,,Enterprise Plan,<10k,0.0,3.0,0.0,No,3.0,0.0,2.0,2.0,2.9,3.0,0.0,2025-12-08,2025-12-24,Lost,"No response, closing as lost.",0
L00934,Manoj Verma,manoj.verma934@abcenterpris.com,+91-9191740411,ABC Enterprises,Healthcare,50.0,Operations Manager,Ahmedabad,referral,,Enterprise Plan,1L-5L,3.0,8.0,0.0,Yes,4.0,1.0,1.0,2.0,1.5,1.0,1.0,2026-03-21,2026-04-04,Converted,"Great call, moving to won.",1
L00569,Amit Patel,amit.patel569@novasoftware.com,+91-9307691436,Nova Software,Media,100.0,CEO,Chennai,WEBSITE,,Growth Plan,50k-1L,5.0,9.0,3.0,No,4.0,2.0,3.0,4.0,5.6,2.0,0.0,2026-05-03,2026-08-12,Qualified,Waiting on demo.,
L00705,Neha Singh,neha.singh705@nimbusventur.com,+91-9216702220,Nimbus Ventures,SaaS,5.0,IT Manager,Kolkata,Website,,Growth Plan,n/a,5.0,7.0,1.0,yes,3.0,2.0,1.0,1.0,10.7,2.0,1.0,2024-09-03,2024-11-24,Converted,Deal closed successfully.,1
L01058,Anjali Mehta,anjali.mehta1058@abcnetworks.com,+91-9976252970,ABC Networks,E-commerce,50.0,IT Manager,Delhi,Website,,Add-on Module,<10k,3.0,8.0,0.0,Yes,2.0,1.0,1.0,2.0,30.7,3.0,1.0,2025-05-06,2025-05-09,Converted,Deal closed successfully.,1
L00363,Isha Iyer,isha.iyer363@vertexlabs.com,+91-9439331294,Vertex Labs,,5.0,CEO,Ahmedabad,FB/Insta,,Enterprise Plan,NA,4.0,9.0,0.0,Yes,3.0,1.0,0.0,4.0,3.7,1.0,1.0,2024-09-01,2024-12-26,Converted,"Great call, moving to won.",1
L00484,Anjali Verma,anjali.verma484@primeglobal.com,+91-9577469005,Prime Global,Healthcare,250.0,Operations Manager,Hyderabad,website,,Growth Plan,10k-50k,6.0,12.0,2.0,Yes,1.0,0.0,1.0,0.0,3.0,2.0,0.0,2026-06-10,2026-06-13,Lost,"No response, closing as lost.",0
L00469,Meera Kulkarni,meera.kulkarni469@xyztechnolog.com,+91-9577036968,XYZ Technologies,Education,500.0,VP Sales,Kolkata,Google Ads,CMP-134,Enterprise Plan,10k-50k,6.0,12.0,4.0,No,2.0,3.0,3.0,1.0,,3.0,0.0,2024-06-25,2024-05-26,Converted,Deal closed successfully.,1
L00025,Anjali Kulkarni,anjali.kulkarni25@nimbusnetwor.com,+91-9123762279,Nimbus Networks,Finance,250.0,Sales Manager,Hyderabad,FB/Insta,,Add-on Module,10k-50k,4.0,13.0,1.0,No,2.0,1.0,2.0,0.0,27.7,1.0,1.0,2025-07-30,2025-08-20,Lost,"No response, closing as lost.",0
L00715,Isha Sharma,isha.sharma715@alphasolutio.com,+91-9273196566,Alpha Solutions,Real Estate,10.0,Director,Kolkata,web site,,Enterprise Plan,1L-5L,3.0,7.0,1.0,No,1.0,1.0,1.0,3.0,16.3,3.0,0.0,2024-03-20,2024-07-10,Lost,"No response, closing as lost.",0
L00736,Anjali Gupta,anjali.gupta736@alphasystems.com,+91-9847309386,Alpha Systems,Retail,50.0,CEO,Ahmedabad,Ads,CMP-306,Starter Plan,10k-50k,8.0,14.0,2.0,Yes,4.0,3.0,0.0,5.0,16.6,0.0,4.0,2025-07-31,2025-09-14,Converted,"Great call, moving to won.",1
L00923,Priya Sharma,priya.sharma923alphasolutio.com,+91-9167389634,Alpha Solutions,Media,100.0,Director,Kolkata,Website,,Add-on Module,,4.0,4.0,3.0,No,2.0,1.0,2.0,2.0,19.2,1.0,2.0,2024-02-22,2024-03-24,Lost,"No response, closing as lost.",0
L01056,Rahul Kapoor,rahul.kapoor1056@zenithventur.com,+91-9297094775,Zenith Ventures,SaaS,250.0,CEO,Kolkata,Email Campaign,CMP-960,Enterprise Plan,<10k,3.0,5.0,0.0,No,3.0,1.0,1.0,2.0,20.1,4.0,0.0,2025-06-27,2025-10-23,Lost,"Lead went cold, marking lost.",0
L00367,Pooja Kapoor,pooja.kapoor367@novasolution.com,+91-9135800914,Nova Solutions,Healthcare,1000.0,Founder,Pune,Google Ads,CMP-739,Enterprise Plan,1L-5L,5.0,8.0,1.0,No,4.0,1.0,0.0,2.0,1.7,1.0,0.0,2025-01-16,2025-02-12,Lost,"Budget cut, deal lost.",0
L00918,Rajesh Sharma,rajesh.sharma918@abcsolutions.com,+91-9398136984,ABC Solutions,Retail,5.0,CEO,Remote,social media,,Starter Plan,<10k,5.0,7.0,1.0,No,3.0,2.0,1.0,0.0,2.9,1.0,1.0,2024-04-11,2024-07-14,Converted,"Client signed the contract, deal won!",1
L01098,Suresh Das,suresh.das1098@alphaenterpr.com,+91-9943169767,Alpha Enterprises,Manufacturing,50.0,Sales Manager,Ahmedabad,Social,,Growth Plan,1L-5L,5.0,9.0,3.0,Yes,1.0,2.0,3.0,2.0,,4.0,2.0,2025-08-13,2025-09-21,Converted,"Great call, moving to won.",1
L00384,Isha Sharma,isha.sharma384@alphaglobal.com,+91-9576799927,Alpha Global,Finance,100.0,Business Analyst,Jaipur,Web,,Enterprise Plan,1L-5L,3.0,6.0,3.0,No,3.0,0.0,1.0,1.0,28.8,1.0,1.0,2025-08-20,2025-08-27,Converted,"Client signed the contract, deal won!",1
L00455,Kavya Iyer,kavya.iyer455@nimbussoluti.com,+91-9901044671,Nimbus Solutions,Media,100.0,Operations Manager,Kolkata,referral,,Add-on Module,10k-50k,7.0,12.0,2.0,No,1.0,1.0,1.0,0.0,22.7,0.0,1.0,2026-03-22,2026-03-25,Converted,"Great call, moving to won.",1
L00265,Anjali Reddy,anjali.reddy265@novaenterpri.com,+91-9408872476,Nova Enterprises,Finance,1000.0,Business Analyst,Hyderabad,Paid Ads,CMP-940,Enterprise Plan,50k-1L,3.0,4.0,0.0,No,2.0,1.0,2.0,0.0,17.0,1.0,1.0,2024-03-05,2024-03-06,Converted,"Great call, moving to won.",1
L00826,Neha Sharma,neha.sharma826@primesolutio.com,+91-9531481156,Prime Solutions,Retail,250.0,IT Manager,Kolkata,organic search,,Starter Plan,10000-50000,3.0,8.0,1.0,No,2.0,2.0,2.0,1.0,3.5,6.0,0.0,2024-05-27,2024-09-18,Lost,"Lead went cold, marking lost.",0
L00233,Divya Patel,divya.patel233@vertexsoftwa.com,+91-9951210299,Vertex Software,Media,250.0,IT Manager,Ahmedabad,Email,CMP-794,Growth Plan,<10k,6.0,12.0,3.0,No,1.0,0.0,0.0,4.0,,0.0,0.0,2026-07-10,2026-11-05,Lost,"No response, closing as lost.",0
L00445,Vikram Nair,vikram.nair445@alphasoftwar.com,+91-9588642670,Alpha Software,Real Estate,25.0,Business Analyst,Ahmedabad,Email,CMP-823,Growth Plan,NA,6.0,13.0,1.0,No,3.0,1.0,3.0,3.0,17.9,1.0,0.0,2025-12-17,2026-01-20,Lost,"Budget cut, deal lost.",0
L00396,Sanjay Nair,sanjay.nair396@bluetechnolo.com,+91-9764648309,Blue Technologies,Real Estate,10.0,Founder,Remote,social media,,Starter Plan,n/a,4.0,7.0,1.0,No,2.0,2.0,0.0,2.0,4.2,1.0,0.0,2024-07-10,2024-11-06,Lost,"No response, closing as lost.",0
L00807,Priya Reddy,priya.reddy807@primeindustr.com,+91-9308130215,Prime Industries,SaaS,100.0,Operations Manager,Pune,website,,Starter Plan,50k-1L,6.0,10.0,1.0,No,2.0,1.0,1.0,3.0,2.3,0.0,0.0,2024-08-23,2024-10-17,Converted,"Client signed the contract, deal won!",1
L00177,Sneha Kapoor,,+91-9716682734,Zenith Industries,Retail,50.0,Sales Manager,Pune,Social,,Growth Plan,1L-5L,2.0,3.0,1.0,No,2.0,2.0,1.0,2.0,27.2,2.0,0.0,2024-11-14,2025-02-10,Lost,"No response, closing as lost.",0
L00019,Suresh Verma,suresh.verma19@vertexsystem.com,+91-9649693119,Vertex Systems,Manufacturing,50.0,Marketing Manager,Chennai,Email Campaign,CMP-761,Growth Plan,<10k,5.0,9.0,0.0,,1.0,2.0,2.0,1.0,1.3,2.0,1.0,2025-10-24,2025-11-12,Converted,Deal closed successfully.,1
L09501,,,,,,,,,,,,,,,,,,,,,,,,,,,,
L00766,Ritu Nair,ritu.nair766@brightsystem.com,+91-9942233604,Bright Systems,Logistics,10.0,Procurement Head,Bangalore,Referal,,Enterprise Plan,50k-1L,2.0,4.0,0.0,No,0.0,1.0,0.0,0.0,8.6,4.0,1.0,2024-06-27,2024-10-02,Converted,"Great call, moving to won.",1
L00889,Kavya Verma,kavya.verma889@abcglobal.com,+91-9860182653,ABC Global,Healthcare,100.0,IT Manager,Pune,FB/Insta,,Enterprise Plan,50k-1L,4.0,7.0,0.0,no,2.0,2.0,1.0,4.0,6.3,1.0,0.0,2025-04-04,2025-04-23,Converted,Deal closed successfully.,1
L00596,Ritu Iyer,ritu.iyer596@bluetechnolo.com,+91-9846473769,Blue Technologies,E-commerce,500.0,Founder,Ahmedabad,email campaign,CMP-454,Add-on Module,10000-50000,2.0,4.0,1.0,N,1.0,2.0,2.0,2.0,26.4,1.0,2.0,2026-07-21,2026-09-27,Converted,"Great call, moving to won.",1
L00062,Neha Sharma,neha.sharma62@zenithventur.com,+91-9291816872,Zenith Ventures,Finance,10.0,Director,Delhi,FB/Insta,,Starter Plan,10k-50k,3.0,7.0,1.0,No,1.0,2.0,0.0,2.0,15.1,0.0,1.0,2024-08-21,2024-11-28,Converted,"Client signed the contract, deal won!",1
L00273,Isha Reddy,isha.reddy273@xyzindustrie.com,+91-9571968271,XYZ Industries,Healthcare,250.0,Sales Manager,Kolkata,WEBSITE,,Enterprise Plan,<10k,3.0,5.0,2.0,no,4.0,1.0,2.0,1.0,6.4,0.0,1.0,2025-10-28,2026-02-18,Converted,Deal closed successfully.,1
L01173,Rohan Mehta,rohan.mehta1173@vertexenterp.com,+91-9836712022,Vertex Enterprises,Logistics,1000.0,IT Manager,Remote,social media,,Starter Plan,1L-5L,1.0,4.0,0.0,No,2.0,0.0,1.0,1.0,5.1,2.0,0.0,2025-05-25,2025-08-09,Lost,"Budget cut, deal lost.",0
L00279,Meera Kapoor,meera.kapoor279@brightsoftwa.com,+91-9312216766,Bright Software,Healthcare,50.0,IT Manager,Chennai,FB/Insta,,Enterprise Plan,10k-50k,1.0,3.0,0.0,No,5.0,0.0,2.0,6.0,2.8,1.0,0.0,2025-12-11,2026-01-22,Qualified,Sent pricing info.,
L00920,Arjun Verma,arjun.verma920@novaglobal.com,+91-9238229401,Nova Global,E-commerce,1000.0,Operations Manager,Remote,Website,,Add-on Module,10k-50k,5.0,11.0,2.0,Yes,2.0,2.0,1.0,1.0,12.0,1.0,0.0,2025-05-30,2025-09-01,New,,
L00695,Neha Kulkarni,neha.kulkarni695@primesystems.com,,Prime Systems,Retail,500.0,IT Manager,Delhi,social media,,Starter Plan,10k-50k,9.0,13.0,1.0,,2.0,0.0,0.0,1.0,12.4,2.0,0.0,2025-06-27,2025-08-13,Lost,"Budget cut, deal lost.",0
L00369,Sneha Reddy,sneha.reddy369@nimbustechno.com,+91-9889665347,Nimbus Technologies,Media,50.0,Operations Manager,Chennai,Organic Search,,Growth Plan,<10k,1.0,5.0,1.0,No,3.0,2.0,0.0,0.0,16.3,3.0,0.0,2026-02-20,2026-04-05,Converted,Deal closed successfully.,1
L00970,Rohan Iyer,rohan.iyer970@primesoftwar.com,,Prime Software,Finance,500.0,Sales Manager,Kolkata,Email,CMP-233,Enterprise Plan,10k-50k,2.0,4.0,1.0,Yes,2.0,0.0,0.0,2.0,2.4,0.0,1.0,2025-11-17,2026-01-04,Converted,"Great call, moving to won.",1
L00894,Priya Nair,priya.nair894@blueenterpri.com,+91-9900635232,Blue Enterprises,Retail,50.0,VP Sales,Bangalore,Referral,,Growth Plan,10k-50k,6.0,9.0,2.0,,1.0,3.0,1.0,2.0,0.8,2.0,1.0,2025-04-04,2025-06-12,Converted,"Great call, moving to won.",1
L00941,Divya Gupta,divya.gupta941@alphalabs.com,+91-9106765611,Alpha Labs,Logistics,25.0,IT Manager,Jaipur,Referal,,Enterprise Plan,5L+,3.0,4.0,0.0,,2.0,2.0,2.0,4.0,0.1,2.0,1.0,2025-04-16,2025-06-29,Lost,"Budget cut, deal lost.",0
L00781,Karan Reddy,karan.reddy781@summittechno.com,,Summit Technologies,Healthcare,10.0,IT Manager,Ahmedabad,Paid Ads,CMP-786,Add-on Module,NA,3.0,6.0,1.0,No,0.0,1.0,0.0,4.0,2.5,2.0,0.0,2025-01-26,2025-04-16,New,Waiting on demo.,
L00840,Kavya Patel,,+91-9857610802,Summit Systems,Logistics,500.0,CEO,Mumbai,web site,,Enterprise Plan,50k-1L,1.0,4.0,0.0,No,2.0,2.0,2.0,2.0,2.0,3.0,0.0,2024-03-14,2024-06-12,Converted,"Great call, moving to won.",1
L00548,Neha Reddy,neha.reddy548@bluesoftware.com,+91-9929844364,Blue Software,Retail,5.0,Operations Manager,Delhi,Ads,CMP-961,Starter Plan,<10k,8.0,14.0,2.0,Yes,0.0,1.0,0.0,3.0,10.9,2.0,1.0,2024-06-26,2024-08-29,Converted,Deal closed successfully.,1
L00963,Sneha Joshi,sneha.joshi963@abcglobal.com,+91-9859792594,ABC Global,Finance,10.0,Director,Hyderabad,FB/Insta,,Starter Plan,10k-50k,1.0,3.0,0.0,Y,0.0,1.0,0.0,2.0,,2.0,2.0,2024-12-07,2025-01-04,Converted,"Client signed the contract, deal won!",1
L00689,Amit Singh,,+91-9686264465,Summit Industries,Retail,500.0,Founder,Hyderabad,Email Campaign,CMP-396,Growth Plan,10000-50000,4.0,4.0,3.0,No,0.0,1.0,3.0,0.0,31.7,1.0,1.0,2025-04-03,2025-07-19,Converted,"Great call, moving to won.",1
L00984,Divya Mehta,divya.mehta984@alphaindustr.com,+91-9640683901,Alpha Industries,Media,10.0,VP Sales,Bangalore,PPC,CMP-223,Starter Plan,5L+,5.0,7.0,3.0,No,3.0,1.0,2.0,1.0,3.2,1.0,0.0,2025-12-13,2026-02-06,Contacted,Sent pricing info.,
L00457,Anjali Kapoor,anjali.kapoor457@alphaenterpr.com,+91-9728486846,Alpha Enterprises,SaaS,25.0,Director,Delhi,referral,,Starter Plan,50k-1L,0.0,2.0,0.0,No,0.0,1.0,0.0,4.0,,0.0,0.0,2024-04-07,2024-07-29,Lost,"No response, closing as lost.",0
L00394,Sneha Kulkarni,sneha.kulkarni394@orbitindustr.com,+91-9490658361,Orbit Industries,Finance,50.0,CEO,Mumbai,PPC,CMP-459,Growth Plan,<10k,0.0,3.0,0.0,No,1.0,1.0,0.0,2.0,13.3,3.0,1.0,2024-04-15,2024-07-13,Lost,"No response, closing as lost.",0
L00676,Anjali Iyer,anjali.iyer676@primeglobal.com,+91-9216224324,Prime Global,Retail,1000.0,Sales Manager,Hyderabad,Ads,CMP-190,Add-on Module,NA,3.0,6.0,1.0,No,3.0,0.0,1.0,2.0,16.0,1.0,1.0,2025-05-09,2025-06-22,Converted,"Client signed the contract, deal won!",1
L00997,Divya Iyer,divya.iyer997@nimbusglobal.com,+91-9708932269,Nimbus Global,Education,1000.0,Sales Manager,Delhi,web site,,Add-on Module,NA,3.0,8.0,3.0,No,2.0,2.0,1.0,3.0,,0.0,0.0,2025-10-05,2026-01-18,Lost,"No response, closing as lost.",0
L00729,Pooja Patel,pooja.patel729@abcsystems.com,+91-9580766026,ABC Systems,Retail,500.0,CEO,Kolkata,Referral,,Starter Plan,10k-50k,0.0,6.0,0.0,No,2.0,1.0,1.0,1.0,27.3,1.0,1.0,2025-05-18,2025-07-28,New,Waiting on demo.,
L00420,Rajesh Gupta,rajesh.gupta420@alphatechnol.com,,Alpha Technologies,,50.0,Operations Manager,Chennai,organic search,,Enterprise Plan,10k-50k,3.0,7.0,0.0,No,3.0,0.0,0.0,4.0,0.5,3.0,3.0,2024-12-12,2025-01-21,Converted,Deal closed successfully.,1
L00376,Ritu Gupta,ritu.gupta376@nimbusindust.com,+91-9467074483,Nimbus Industries,Retail,100.0,Procurement Head,Hyderabad,Organic,,Add-on Module,50k-1L,6.0,9.0,1.0,,2.0,1.0,2.0,1.0,1.7,0.0,1.0,2025-09-29,2025-10-27,Converted,Deal closed successfully.,1
L00413,Manoj Verma,manoj.verma413@abcglobal.com,+91-9700695290,ABC Global,Manufacturing,100.0,Sales Manager,Pune,Referal,,Growth Plan,5L+,3.0,8.0,0.0,Yes,2.0,1.0,0.0,4.0,,1.0,2.0,2024-10-17,2024-12-19,Converted,"Great call, moving to won.",1
L00075,Sanjay Joshi,sanjay.joshi75@zenithventur.com,,Zenith Ventures,SaaS,5.0,Founder,Bangalore,Website,,Enterprise Plan,10k-50k,7.0,7.0,4.0,No,3.0,0.0,0.0,1.0,7.5,2.0,0.0,2024-02-05,2024-02-15,Converted,"Client signed the contract, deal won!",1
L01169,Karan Joshi,karan.joshi1169@alphasolutio.com,+91-9368989967,Alpha Solutions,Retail,25.0,Operations Manager,Kolkata,Web,,Enterprise Plan,<10k,3.0,4.0,1.0,Yes,0.0,0.0,0.0,1.0,4.2,1.0,1.0,2024-03-22,2024-05-12,Proposal,Waiting on demo.,
L00944,Meera Patel,meera.patel944@bluenetworks.com,+91-9253677967,Blue Networks,Media,100.0,Procurement Head,Pune,PPC,CMP-714,Growth Plan,10k-50k,5.0,8.0,3.0,Yes,3.0,0.0,2.0,1.0,7.8,0.0,0.0,2024-09-10,2024-10-11,Converted,Deal closed successfully.,1
L00501,Rohan Kulkarni,rohan.kulkarni501@orbitsolutio.com,+91-9776964380,Orbit Solutions,SaaS,10.0,Director,Bangalore,website,,Starter Plan,<10k,1.0,3.0,0.0,yes,2.0,1.0,1.0,1.0,5.2,0.0,1.0,2025-02-02,2025-04-25,Converted,Deal closed successfully.,1
L00874,Kavya Kulkarni,kavya.kulkarni874@orbitenterpr.com,+91-9513234273,Orbit Enterprises,Finance,5.0,IT Manager,Kolkata,Organic Search,,Growth Plan,1L-5L,4.0,7.0,0.0,Yes,1.0,2.0,2.0,3.0,18.7,1.0,0.0,2026-02-12,2026-03-31,Converted,"Client signed the contract, deal won!",1
L00617,Kavya Gupta,kavya.gupta617@orbitnetwork.com,+91-9498018729,Orbit Networks,Media,250.0,Marketing Manager,Ahmedabad,Web,,Growth Plan,10k-50k,5.0,5.0,1.0,No,0.0,0.0,0.0,1.0,43.7,0.0,1.0,2026-06-14,2026-06-16,Qualified,,
L00115,Sneha Reddy,sneha.reddy115@orbitventure.com,+91-9857546582,Orbit Ventures,Healthcare,10.0,Operations Manager,Bangalore,email campaign,CMP-243,Enterprise Plan,10k-50k,3.0,4.0,0.0,Yes,1.0,2.0,1.0,1.0,4.4,1.0,2.0,2026-07-14,2026-10-29,Converted,Deal closed successfully.,1
L00418,Neha Gupta,neha.gupta418@novatechnolo.com,+91-9400171742,Nova Technologies,Real Estate,50.0,Procurement Head,Bangalore,Referal,,Starter Plan,NA,4.0,8.0,1.0,No,2.0,0.0,1.0,2.0,14.2,4.0,0.0,2026-07-11,2026-10-22,Converted,Deal closed successfully.,1
L00602,Sanjay Das,sanjay.das602@brightventur.com,+91-9162980646,Bright Ventures,Healthcare,10.0,IT Manager,Kolkata,Ads,CMP-163,Enterprise Plan,1L-5L,1.0,4.0,0.0,Yes,2.0,2.0,4.0,2.0,9.8,3.0,1.0,2024-08-27,2024-11-29,Converted,"Great call, moving to won.",1
L00605,Divya Nair,divya.nair605@zenithlabs.com,,Zenith Labs,Finance,250.0,CEO,Pune,Email,CMP-338,Add-on Module,10k-50k,6.0,9.0,0.0,Yes,4.0,2.0,1.0,3.0,28.1,1.0,2.0,2025-03-02,2025-04-15,Converted,"Great call, moving to won.",1
L00090,Sneha Kulkarni,sneha.kulkarni90@xyztechnolog.com,+91-9544135741,XYZ Technologies,Real Estate,25.0,Director,Jaipur,Referal,,Add-on Module,<10k,3.0,6.0,1.0,Yes,1.0,3.0,0.0,1.0,,0.0,0.0,2025-11-05,2025-11-10,Qualified,,
L00900,Suresh Singh,suresh.singh900@alphaventure.com,,Alpha Ventures,Manufacturing,500.0,VP Sales,Hyderabad,Social,,Growth Plan,1L-5L,4.0,8.0,2.0,No,4.0,2.0,2.0,2.0,0.9,3.0,3.0,2026-02-19,2026-04-22,Converted,"Client signed the contract, deal won!",1
L01196,Rahul Verma,rahul.verma1196@brightsoftwa.com,+91-9807095388,Bright Software,Healthcare,25.0,Business Analyst,Remote,Social Media,,Growth Plan,10k-50k,7.0,10.0,1.0,Yes,4.0,0.0,1.0,1.0,1.9,3.0,2.0,2024-03-16,2024-07-06,Lost,"Budget cut, deal lost.",0
L00754,Pooja Nair,pooja.nair754@alphasystems.com,+91-9374031328,Alpha Systems,Healthcare,10.0,CEO,Mumbai,PPC,CMP-425,Enterprise Plan,50k-1L,6.0,11.0,3.0,No,1.0,1.0,0.0,3.0,,2.0,2.0,2024-06-21,2024-06-23,Lost,"No response, closing as lost.",0
L00499,Rahul Das,,+91-9995096765,Nimbus Ventures,Logistics,250.0,CEO,Bangalore,paid ads,CMP-299,Enterprise Plan,<10k,2.0,7.0,1.0,Yes,0.0,2.0,0.0,2.0,5.5,2.0,0.0,2024-09-26,2025-01-07,Converted,"Client signed the contract, deal won!",1
L00959,Sneha Singh,sneha.singh959vertexsoftwa.com,+91-9808305053,Vertex Software,E-commerce,50.0,Director,Delhi,Referral,,Enterprise Plan,50k-1L,7.0,11.0,3.0,Yes,1.0,2.0,1.0,0.0,2.0,2.0,0.0,2024-12-09,2025-03-13,Converted,"Client signed the contract, deal won!",1
L00966,Manoj Singh,manoj.singh966@abcenterpris.com,+91-9379203055,ABC Enterprises,Logistics,50.0,Sales Manager,Mumbai,Social Media,,Starter Plan,50k-1L,5.0,8.0,0.0,No,3.0,0.0,1.0,6.0,49.7,1.0,1.0,2026-01-25,2026-03-16,Converted,"Great call, moving to won.",1
L00964,Priya Verma,priya.verma964@brightglobal.com,+91-9640409563,Bright Global,Education,500.0,VP Sales,Remote,Organic Search,,Growth Plan,10k-50k,1.0,3.0,0.0,Yes,3.0,1.0,0.0,3.0,8.5,2.0,2.0,2025-01-02,2025-04-27,Converted,"Client signed the contract, deal won!",1
L00012,Arjun Nair,arjun.nair12@nimbusenterp.com,+91-9520053929,Nimbus Enterprises,Finance,100.0,Director,Kolkata,email campaign,CMP-567,Growth Plan,10k-50k,1.0,2.0,0.0,Yes,2.0,2.0,1.0,1.0,11.7,4.0,1.0,2026-01-25,2026-03-28,Converted,"Great call, moving to won.",1
L00397,Anjali Singh,anjali.singh397@primesolutio.com,+91-9849216663,Prime Solutions,Retail,50.0,Operations Manager,Chennai,PPC,CMP-738,Enterprise Plan,5L+,7.0,9.0,0.0,,3.0,2.0,1.0,3.0,18.3,1.0,3.0,2024-10-26,2024-11-16,Converted,Deal closed successfully.,1
L00868,Rohan Mehta,rohan.mehta868@bluesolution.com,+91-9918403709,Blue Solutions,Retail,1000.0,Procurement Head,Mumbai,referral,,Add-on Module,10k-50k,3.0,7.0,1.0,Yes,4.0,3.0,0.0,3.0,0.1,1.0,3.0,2024-10-02,2024-10-27,Converted,"Great call, moving to won.",1
L00556,Neha Gupta,neha.gupta556@brightglobal.com,+91-9934083245,Bright Global,Retail,1000.0,CEO,Mumbai,website,,Enterprise Plan,10k-50k,3.0,6.0,0.0,No,1.0,3.0,1.0,1.0,11.8,0.0,0.0,2024-06-10,2024-06-10,New,Sent pricing info.,
L00043,Amit Kulkarni,amit.kulkarni43@nimbussoftwa.com,+91-9141366924,Nimbus Software,Finance,1000.0,CEO,Pune,SEO,,Growth Plan,<10k,2.0,4.0,1.0,no,0.0,0.0,2.0,1.0,5.5,2.0,0.0,2024-01-10,2024-01-16,Converted,"Great call, moving to won.",1
L00168,Rajesh Iyer,rajesh.iyer168@novaenterpri.com,,Nova Enterprises,SaaS,100.0,CEO,Mumbai,Organic Search,,Enterprise Plan,<10k,6.0,7.0,1.0,Y,3.0,0.0,2.0,2.0,5.7,4.0,0.0,2025-10-14,2026-02-10,Converted,"Client signed the contract, deal won!",1
L00417,Arjun Nair,arjun.nair417@alphanetwork.com,+91-9649603894,Alpha Networks,Logistics,10.0,VP Sales,Delhi,Web,,Enterprise Plan,10k-50k,7.0,10.0,5.0,No,1.0,0.0,0.0,0.0,5.7,1.0,0.0,2024-11-01,2025-02-06,New,Follow-up scheduled.,
L00577,Sneha Iyer,sneha.iyer577@novasoftware.com,,Nova Software,Media,50.0,Procurement Head,Delhi,Referral,,Enterprise Plan,<10k,1.0,4.0,1.0,No,2.0,0.0,2.0,4.0,,4.0,1.0,2026-06-05,2026-09-18,Lost,"No response, closing as lost.",0
L00268,Amit Reddy,amit.reddy268@vertexsoluti.com,+91-9290845170,Vertex Solutions,Finance,5.0,Business Analyst,Remote,Social,,Add-on Module,NA,4.0,9.0,3.0,yes,5.0,2.0,1.0,2.0,13.1,2.0,2.0,2024-12-27,2025-02-26,Lost,"Lead went cold, marking lost.",0
L01109,Amit Singh,amit.singh1109@summittechno.com,+91-9218761039,Summit Technologies,SaaS,50.0,VP Sales,Pune,Email,CMP-378,Add-on Module,1L-5L,5.0,5.0,4.0,No,1.0,2.0,0.0,0.0,29.4,0.0,1.0,2024-06-05,2024-08-31,Lost,"Budget cut, deal lost.",0
L00427,,pooja.sharma427@summitindust.com,+91-9244467205,Summit Industries,Retail,10.0,Director,Pune,social media,,Starter Plan,50k-1L,3.0,6.0,0.0,Yes,7.0,0.0,2.0,2.0,14.1,1.0,0.0,2025-06-27,2025-09-09,Converted,"Great call, moving to won.",1
L00691,Meera Sharma,meera.sharma691@xyznetworks.com,+91-9434709527,XYZ Networks,Logistics,5.0,Procurement Head,Mumbai,Organic,,Growth Plan,10k-50k,2.0,4.0,1.0,No,1.0,3.0,1.0,4.0,7.5,1.0,1.0,2024-07-20,2024-10-17,Lost,"Lead went cold, marking lost.",0
L00545,Priya Das,priya.das545@primeglobal.com,+91-9783385665,Prime Global,Finance,1000.0,Procurement Head,Kolkata,email campaign,CMP-685,Growth Plan,1L-5L,4.0,7.0,1.0,Yes,3.0,2.0,0.0,4.0,25.7,0.0,0.0,2026-05-19,2026-08-02,Lost,"Lead went cold, marking lost.",0
L01170,Anjali Patel,anjali.patel1170@abcindustrie.com,+91-9903558657,ABC Industries,Education,250.0,Director,Delhi,organic search,,Enterprise Plan,10k-50k,2.0,6.0,1.0,No,4.0,2.0,2.0,4.0,23.6,2.0,2.0,2025-10-25,2026-02-01,Converted,"Great call, moving to won.",1
L00675,Rohan Nair,rohan.nair675@primeindustr.com,+91-9813122875,Prime Industries,Finance,1000.0,Business Analyst,Remote,SEO,,Growth Plan,1L-5L,3.0,7.0,1.0,,1.0,2.0,1.0,3.0,28.4,3.0,0.0,2024-12-12,2025-04-06,Lost,"Lead went cold, marking lost.",0
L00690,Rahul Das,rahul.das690@nimbussoftwa.com,+91-9890664656,Nimbus Software,Education,1000.0,IT Manager,Mumbai,social media,,Growth Plan,1L-5L,4.0,6.0,1.0,No,3.0,1.0,0.0,1.0,6.2,0.0,1.0,2024-05-27,2024-05-31,Converted,"Client signed the contract, deal won!",1
L01100,Sanjay Nair,sanjay.nair1100@novanetworks.com,+91-9235949501,Nova Networks,Media,10.0,Sales Manager,Pune,Organic,,Starter Plan,<10k,2.0,5.0,0.0,No,1.0,0.0,2.0,1.0,2.5,1.0,1.0,2026-01-01,2026-03-02,Lost,"Lead went cold, marking lost.",0
L01149,Pooja Patel,pooja.patel1149@abcsoftware.com,+91-9596241508,ABC Software,E-commerce,50.0,Operations Manager,Remote,Organic Search,,Growth Plan,50k-1L,6.0,10.0,1.0,yes,2.0,0.0,0.0,0.0,6.5,3.0,0.0,2025-01-09,2025-03-16,Converted,"Great call, moving to won.",1
L00160,Neha Iyer,neha.iyer160@brightenterp.com,+91-9448310423,Bright Enterprises,Media,10.0,VP Sales,Delhi,Website,,Starter Plan,10000-50000,2.0,3.0,1.0,No,4.0,1.0,2.0,2.0,17.0,2.0,1.0,2024-12-27,2025-04-12,Converted,"Client signed the contract, deal won!",1
L00967,Rahul Patel,,+91-9323617557,Nimbus Systems,Healthcare,50.0,IT Manager,Delhi,Referal,,Enterprise Plan,1L-5L,3.0,4.0,1.0,No,4.0,2.0,1.0,1.0,40.9,1.0,3.0,2026-06-07,2026-07-21,Converted,Deal closed successfully.,1
L00258,Neha Reddy,neha.reddy258@abcsystems.com,,ABC Systems,Real Estate,-10.0,Marketing Manager,Chennai,WEBSITE,,Enterprise Plan,1L-5L,6.0,7.0,0.0,Yes,5.0,2.0,0.0,3.0,1.2,0.0,0.0,2025-02-04,2025-04-18,Contacted,Waiting on demo.,
L00926,Amit Das,amit.das926@brightindust.com,+91-9289110122,Bright Industries,Real Estate,10.0,Business Analyst,Jaipur,Social,,Growth Plan,10k-50k,5.0,7.0,3.0,No,1.0,1.0,0.0,3.0,14.3,1.0,0.0,2026-01-26,2026-03-01,Lost,"No response, closing as lost.",0
L00336,Amit Iyer,amit.iyer336@abcventures.com,+91-9197700005,ABC Ventures,Healthcare,5.0,VP Sales,Kolkata,paid ads,CMP-888,Enterprise Plan,10k-50k,9.0,11.0,3.0,no,1.0,2.0,4.0,3.0,0.4,3.0,0.0,2024-09-24,2024-11-13,Lost,"Lead went cold, marking lost.",0
L00016,Karan Patel,karan.patel16@nimbusglobal.com,+91-9704433002,Nimbus Global,Real Estate,100.0,Business Analyst,Kolkata,Organic,,Growth Plan,10k-50k,0.0,5.0,0.0,No,2.0,2.0,2.0,2.0,2.1,2.0,2.0,2024-05-06,2024-05-15,Lost,"Lead went cold, marking lost.",0
L00986,Pooja Nair,pooja.nair986@orbitnetwork.com,+91-9225924690,Orbit Networks,E-commerce,500.0,Procurement Head,Bangalore,email campaign,CMP-885,Growth Plan,10k-50k,5.0,8.0,1.0,Yes,0.0,1.0,1.0,1.0,39.8,1.0,1.0,2025-07-10,2025-08-22,Converted,Deal closed successfully.,1
L00325,Rahul Kulkarni,rahul.kulkarni325@nimbussoluti.com,+91-9960511350,Nimbus Solutions,Retail,250.0,Operations Manager,Mumbai,Organic Search,,Growth Plan,<10k,4.0,9.0,0.0,yes,1.0,2.0,3.0,3.0,1.6,4.0,1.0,2025-05-02,2025-05-18,Converted,Deal closed successfully.,1
L00769,Rajesh Verma,rajesh.verma769@bluesolution.com,+91-9456642994,Blue Solutions,Logistics,1000.0,Director,Kolkata,referral,,Add-on Module,10k-50k,1.0,3.0,0.0,No,1.0,0.0,2.0,0.0,5.4,3.0,1.0,2025-04-07,2025-06-08,Contacted,Waiting on demo.,
L00608,Karan Singh,karan.singh608@alphalabs.com,+91-9690280601,Alpha Labs,Education,10.0,VP Sales,Mumbai,Email,CMP-847,Growth Plan,50k-1L,4.0,8.0,1.0,no,0.0,0.0,1.0,1.0,3.7,2.0,2.0,2024-10-08,2024-10-31,Converted,Deal closed successfully.,1
L01099,Sneha Kapoor,sneha.kapoor1099@abcenterpris.com,+91-9720277400,ABC Enterprises,Logistics,0.0,IT Manager,Kolkata,PPC,CMP-397,Growth Plan,1L-5L,4.0,10.0,1.0,No,0.0,0.0,0.0,2.0,0.7,2.0,3.0,2025-03-06,2025-06-30,Converted,Deal closed successfully.,1
L09503,,,,,,,,,,,,,,,,,,,,,,,,,,,,
L01027,Pooja Patel,pooja.patel1027@zenithindust.com,+91-9598910556,Zenith Industries,Logistics,5.0,Director,Chennai,Google Ads,CMP-662,Growth Plan,<10k,4.0,5.0,0.0,Yes,3.0,1.0,1.0,2.0,5.5,2.0,1.0,2024-10-24,2025-02-17,Converted,"Great call, moving to won.",1
L00223,Suresh Das,suresh.das223@primelabs.com,+91-9116940810,Prime Labs,,1000.0,IT Manager,Ahmedabad,Email,CMP-374,Growth Plan,10k-50k,3.0,5.0,2.0,No,0.0,2.0,1.0,2.0,40.6,2.0,1.0,2025-06-16,2025-07-28,Converted,"Client signed the contract, deal won!",1
L00180,Manoj Iyer,manoj.iyer180@bluesoftware.com,+91-9697981891,Blue Software,Media,100.0,Procurement Head,Ahmedabad,Referal,,Add-on Module,10k-50k,4.0,7.0,0.0,No,1.0,0.0,5.0,5.0,9.8,4.0,1.0,2025-10-01,2025-11-21,Converted,"Client signed the contract, deal won!",1
L00100,Amit Mehta,,,Orbit Labs,Manufacturing,25.0,CEO,Kolkata,referral,,Growth Plan,<10k,3.0,8.0,1.0,Yes,1.0,1.0,2.0,0.0,1.2,0.0,1.0,2025-02-21,2025-05-22,Converted,Deal closed successfully.,1
L00758,Pooja Reddy,pooja.reddy758@nimbusenterp.com,+91-9887863633,Nimbus Enterprises,Media,50.0,Director,Jaipur,Website,,Add-on Module,1L-5L,3.0,4.0,1.0,Yes,0.0,2.0,1.0,2.0,8.2,3.0,2.0,2024-10-27,2025-01-29,Proposal,Sent pricing info.,
L00522,Rohan Kulkarni,rohan.kulkarni522@brightindust.com,+91-9575346613,Bright Industries,Healthcare,5.0,Founder,Bangalore,paid ads,CMP-962,Starter Plan,<10k,4.0,7.0,1.0,No,0.0,1.0,1.0,0.0,17.6,2.0,0.0,2024-08-26,2024-10-27,Lost,"Lead went cold, marking lost.",0
L00762,Arjun Das,arjun.das762@bluesoftware.com,+91-9175931029,Blue Software,Healthcare,1000.0,CEO,Bangalore,Social Media,,Add-on Module,50k-1L,6.0,8.0,3.0,Yes,1.0,1.0,2.0,2.0,3.8,1.0,0.0,2025-01-10,2025-04-17,Converted,Deal closed successfully.,1
L00023,Divya Joshi,divya.joshi23@novasystems.com,+91-9136228365,Nova Systems,Real Estate,500.0,VP Sales,Mumbai,Email Campaign,CMP-845,Add-on Module,10k-50k,-3.0,-1.0,0.0,No,0.0,0.0,1.0,3.0,11.0,2.0,0.0,2025-06-11,2025-06-17,Lost,"Budget cut, deal lost.",0
L00357,Meera Iyer,meera.iyer357@novasolution.com,+91-9911521272,Nova Solutions,SaaS,50.0,Founder,Bangalore,FB/Insta,,Starter Plan,5L+,4.0,6.0,2.0,Yes,2.0,2.0,0.0,5.0,5.6,1.0,1.0,2026-06-14,2026-08-10,New,Follow-up scheduled.,
L00734,Rohan Kulkarni,rohan.kulkarni734@brightventur.com,+91-9883394298,Bright Ventures,Media,250.0,VP Sales,Chennai,Ads,CMP-701,Growth Plan,10k-50k,2.0,4.0,1.0,No,2.0,2.0,1.0,4.0,1.7,2.0,2.0,2025-05-06,2025-05-19,Converted,Deal closed successfully.,1
L01037,Rohan Patel,rohan.patel1037@novanetworks.com,+91-9512774191,Nova Networks,Real Estate,1000.0,Procurement Head,Delhi,paid ads,CMP-637,Enterprise Plan,5L+,1.0,5.0,0.0,No,1.0,1.0,0.0,2.0,10.3,2.0,1.0,2025-07-03,2025-08-12,Converted,Deal closed successfully.,1
L01158,Sneha Patel,sneha.patel1158@nimbusenterp.com,+91-9839423467,Nimbus Enterprises,Real Estate,10.0,Director,Remote,SEO,,Starter Plan,50k-1L,4.0,10.0,2.0,No,5.0,2.0,3.0,2.0,75.8,1.0,0.0,2024-10-08,2025-01-07,Lost,"Lead went cold, marking lost.",0
L00612,Divya Das,divya.das612@zenithsystem.com,+91-9892841695,Zenith Systems,Finance,25.0,Business Analyst,Remote,referral,,Add-on Module,,8.0,12.0,0.0,,1.0,2.0,1.0,2.0,17.1,0.0,1.0,2025-02-16,2025-02-28,Qualified,Waiting on demo.,
L01063,Anjali Reddy,anjali.reddy1063@novatechnolo.com,+91-9703850163,Nova Technologies,Real Estate,5.0,VP Sales,Remote,Email,CMP-415,Enterprise Plan,1L-5L,2.0,5.0,0.0,Yes,5.0,0.0,1.0,7.0,1.2,1.0,1.0,2025-07-05,2025-09-25,Converted,"Client signed the contract, deal won!",1
L00341,Isha Kapoor,isha.kapoor341@summitsoftwa.com,+91-9530528898,Summit Software,Retail,10.0,Marketing Manager,Remote,Social,,Add-on Module,50k-1L,1.0,2.0,0.0,No,2.0,2.0,0.0,2.0,5.0,1.0,0.0,2024-10-12,2025-01-19,Converted,"Great call, moving to won.",1
L00432,Ritu Joshi,ritu.joshi432@vertexventur.com,+91-9120607789,Vertex Ventures,Real Estate,100.0,Founder,Kolkata,social media,,Starter Plan,50k-1L,-3.0,0.0,0.0,No,2.0,0.0,3.0,0.0,,0.0,1.0,2026-04-28,2026-07-22,Converted,"Great call, moving to won.",1
L00852,Divya Singh,divya.singh852@vertexlabs.com,+91-9136975476,Vertex Labs,Manufacturing,10.0,Business Analyst,Jaipur,social media,,Add-on Module,10000-50000,4.0,7.0,1.0,yes,0.0,1.0,1.0,4.0,23.9,1.0,1.0,2025-08-25,2025-10-24,Converted,Deal closed successfully.,1
L00218,Manoj Singh,manoj.singh218@primesolutio.com,,Prime Solutions,,10.0,Director,Hyderabad,Ads,CMP-158,Enterprise Plan,unknown,6.0,7.0,2.0,No,0.0,2.0,0.0,3.0,15.9,1.0,2.0,2024-04-18,2024-04-18,Lost,"Lead went cold, marking lost.",0
L00204,Divya Reddy,divya.reddy204@orbitnetwork.com,+91-9906505066,Orbit Networks,Real Estate,5.0,Sales Manager,Bangalore,Social,,Enterprise Plan,10k-50k,3.0,9.0,2.0,no,3.0,1.0,0.0,3.0,11.2,2.0,2.0,2025-07-27,2025-07-27,Converted,"Client signed the contract, deal won!",1
L00990,Sneha Singh,sneha.singh990@nimbussoftwa.com,+91-9129665387,Nimbus Software,E-commerce,50.0,Operations Manager,Ahmedabad,Google Ads,CMP-170,Starter Plan,<10k,7.0,13.0,2.0,No,0.0,2.0,2.0,3.0,,0.0,0.0,2025-05-13,2025-06-04,Converted,"Client signed the contract, deal won!",1
L01008,Vikram Reddy,vikram.reddy1008@abcenterpris.com,+91-9245033863,ABC Enterprises,Manufacturing,10.0,IT Manager,Hyderabad,PPC,CMP-857,Growth Plan,NA,3.0,5.0,2.0,No,4.0,2.0,3.0,1.0,8.7,0.0,1.0,2024-09-21,2024-09-21,Converted,Deal closed successfully.,1
L00094,Ritu Mehta,ritu.mehta94@primesystems.com,+91-9573734178,Prime Systems,Real Estate,100.0,VP Sales,Delhi,paid ads,CMP-897,Growth Plan,,7.0,13.0,2.0,No,1.0,2.0,1.0,1.0,5.7,1.0,1.0,2024-12-29,2025-03-12,Converted,"Client signed the contract, deal won!",1
L01133,Sanjay Singh,,,ABC Enterprises,Manufacturing,250.0,Sales Manager,Mumbai,Web,,Growth Plan,50k-1L,6.0,11.0,2.0,No,1.0,1.0,2.0,5.0,42.7,3.0,2.0,2024-04-28,2024-06-27,Lost,"Lead went cold, marking lost.",0
L00069,Meera Kapoor,meera.kapoor69@novaglobal.com,+91-9638001405,Nova Global,SaaS,50.0,IT Manager,Delhi,organic search,,Growth Plan,50k-1L,5.0,9.0,1.0,No,3.0,2.0,2.0,3.0,16.4,2.0,0.0,2024-06-14,2024-07-21,Converted,"Client signed the contract, deal won!",1
L00979,Rohan Nair,rohan.nair979@vertexlabs.com,+91-9176144159,Vertex Labs,E-commerce,50.0,IT Manager,Kolkata,FB/Insta,,Starter Plan,10k-50k,13.0,17.0,5.0,No,1.0,0.0,1.0,1.0,0.3,2.0,1.0,2025-07-18,2025-08-08,Converted,"Client signed the contract, deal won!",1
L00285,Divya Kapoor,divya.kapoor285@primenetwork.com,+91-9722546300,Prime Networks,Manufacturing,100.0,Marketing Manager,Remote,Organic Search,,Starter Plan,10k-50k,4.0,6.0,2.0,Yes,3.0,0.0,0.0,2.0,7.5,1.0,1.0,2024-07-28,2024-08-05,Converted,"Client signed the contract, deal won!",1
L00697,Vikram Iyer,vikram.iyer697@vertexnetwor.com,+91-9806011268,Vertex Networks,Healthcare,250.0,Operations Manager,Remote,WEBSITE,,Growth Plan,<10k,1.0,4.0,1.0,,0.0,1.0,3.0,1.0,24.8,2.0,0.0,2025-12-28,2026-04-11,Lost,"Budget cut, deal lost.",0
L00086,Karan Verma,karan.verma86@brightnetwor.com,+91-9345800044,Bright Networks,Manufacturing,50.0,Director,Pune,Social Media,,Enterprise Plan,50k-1L,5.0,9.0,1.0,Y,1.0,1.0,1.0,1.0,7.1,3.0,0.0,2025-09-10,2025-12-31,Contacted,Follow-up scheduled.,
L00435,Karan Kapoor,karan.kapoor435@nimbusindust.com,+91-9957075856,Nimbus Industries,Retail,500.0,Procurement Head,Bangalore,WEBSITE,,Enterprise Plan,<10k,3.0,7.0,0.0,no,4.0,1.0,2.0,3.0,0.4,2.0,0.0,2025-11-26,2026-03-24,Lost,"No response, closing as lost.",0
L00870,Rahul Nair,rahul.nair870@xyzlabs.com,+91-9846368934,XYZ Labs,Manufacturing,1000.0,Founder,Ahmedabad,Organic Search,,Starter Plan,5L+,6.0,10.0,1.0,No,3.0,0.0,3.0,1.0,11.2,1.0,2.0,2025-07-05,2025-10-23,Lost,"Lead went cold, marking lost.",0
L00154,Neha Verma,neha.verma154@zenithlabs.com,+91-9130062216,Zenith Labs,Retail,500.0,Business Analyst,Kolkata,Social,,Starter Plan,50k-1L,3.0,8.0,2.0,No,1.0,1.0,0.0,0.0,5.4,1.0,0.0,2025-11-05,2025-11-22,Lost,"Budget cut, deal lost.",0
L00076,Priya Verma,priya.verma76@summitventur.com,+91-9710148520,Summit Ventures,Finance,500.0,Procurement Head,Bangalore,Email,CMP-620,Starter Plan,NA,3.0,6.0,0.0,Yes,4.0,1.0,0.0,0.0,,1.0,0.0,2025-03-31,2025-05-02,Converted,Deal closed successfully.,1
L01162,Kavya Verma,kavya.verma1162@xyztechnolog.com,+91-9768837712,XYZ Technologies,Finance,50.0,CEO,Hyderabad,PPC,CMP-419,Add-on Module,50k-1L,3.0,6.0,1.0,No,5.0,2.0,3.0,2.0,6.9,1.0,1.0,2025-03-12,2025-05-08,Lost,"No response, closing as lost.",0
L00790,Rahul Reddy,rahul.reddy790@abcnetworks.com,+91-9460583028,ABC Networks,E-commerce,50.0,IT Manager,Chennai,Email Campaign,CMP-204,Enterprise Plan,10k-50k,3.0,5.0,2.0,Y,2.0,2.0,0.0,4.0,1.3,1.0,0.0,2025-11-18,2025-11-30,Converted,Deal closed successfully.,1
L00581,Karan Das,karan.das581@xyzenterpris.com,+91-9585968288,XYZ Enterprises,SaaS,250.0,CEO,Remote,WEBSITE,,Enterprise Plan,n/a,6.0,8.0,1.0,Yes,3.0,1.0,3.0,0.0,10.1,1.0,3.0,2025-03-02,2025-03-16,Lost,"Lead went cold, marking lost.",0
L00447,Divya Mehta,divya.mehta447@novatechnolo.com,+91-9103615079,Nova Technologies,SaaS,50.0,Marketing Manager,Ahmedabad,Referal,,Add-on Module,,4.0,7.0,1.0,Yes,2.0,1.0,3.0,3.0,0.2,2.0,2.0,2024-08-23,2024-10-24,Converted,Deal closed successfully.,1
L00704,Rajesh Kulkarni,rajesh.kulkarni704@alphanetwork.com,+91-9278348191,Alpha Networks,Logistics,1000.0,Marketing Manager,Ahmedabad,Referal,,Add-on Module,10k-50k,6.0,10.0,2.0,Yes,4.0,1.0,0.0,2.0,7.4,2.0,1.0,2024-12-12,2025-01-25,Converted,"Great call, moving to won.",1
L00189,Anjali Mehta,anjali.mehta189@orbitenterpr.com,+91-9377543874,Orbit Enterprises,Finance,10.0,Marketing Manager,Kolkata,Email,CMP-546,Starter Plan,<10k,6.0,7.0,2.0,No,4.0,1.0,3.0,5.0,0.8,4.0,0.0,2025-06-18,2025-09-26,Lost,"Lead went cold, marking lost.",0
L00272,Rahul Singh,rahul.singh272@nimbusventur.com,+91-9509177360,Nimbus Ventures,Media,25.0,IT Manager,Hyderabad,Email,CMP-910,Growth Plan,10k-50k,3.0,5.0,1.0,No,2.0,2.0,1.0,2.0,11.7,1.0,0.0,2026-04-07,2026-04-07,Demo Scheduled,Sent pricing info.,
L00237,Priya Nair,priya.nair237@zenithsoftwa.com,+91-9935342606,Zenith Software,Media,250.0,Operations Manager,Mumbai,WEBSITE,,Add-on Module,n/a,5.0,6.0,1.0,No,1.0,2.0,3.0,1.0,8.0,2.0,1.0,2025-08-13,2025-11-10,Converted,"Client signed the contract, deal won!",1
L00488,Karan Kapoor,karan.kapoor488@bluetechnolo.com,+91-9121263262,Blue Technologies,Finance,50.0,Sales Manager,Remote,Paid Ads,CMP-486,Add-on Module,<10k,7.0,14.0,3.0,No,1.0,1.0,2.0,2.0,13.9,2.0,2.0,2024-02-28,2024-05-04,Converted,Deal closed successfully.,1
L00223,Suresh Das,suresh.das223@primelabs.com,+91-9116940810,Prime Labs,,1000.0,IT Manager,Ahmedabad,Email,CMP-374,Growth Plan,10k-50k,3.0,5.0,2.0,No,0.0,2.0,1.0,2.0,40.6,2.0,1.0,2025-06-16,2025-07-28,Converted,"Client signed the contract, deal won!",1
L00560,Rajesh Reddy,rajesh.reddy560@summitsoftwa.com,+91-9674142053,Summit Software,Finance,50.0,Marketing Manager,Delhi,Email,CMP-813,Growth Plan,n/a,7.0,9.0,5.0,No,1.0,0.0,0.0,2.0,17.0,3.0,1.0,2025-02-24,2025-05-07,Converted,Deal closed successfully.,1
L00118,Rahul Gupta,,+91-9227022711,Nova Industries,Retail,100.0,Founder,Pune,referral,,Enterprise Plan,1L-5L,1.0,4.0,0.0,no,3.0,1.0,0.0,1.0,9.9,0.0,0.0,2024-01-04,2024-02-13,Converted,"Client signed the contract, deal won!",1
L00638,Suresh Patel,suresh.patel638@primeventure.com,+91-9708801879,Prime Ventures,Media,25.0,Procurement Head,Delhi,SEO,,Add-on Module,NA,5.0,7.0,2.0,No,5.0,1.0,2.0,0.0,10.6,0.0,0.0,2026-05-15,2026-07-14,Converted,Deal closed successfully.,1
L01123,Vikram Rao,vikram.rao1123@brightventur.com,+91-9837209237,Bright Ventures,Media,250.0,VP Sales,Delhi,Google Ads,CMP-528,Enterprise Plan,10k-50k,3.0,8.0,0.0,No,3.0,1.0,0.0,0.0,12.4,0.0,0.0,2024-06-15,2024-08-27,Converted,Deal closed successfully.,1
L00802,Arjun Reddy,arjun.reddy802@primetechnol.com,+91-9878996306,Prime Technologies,Real Estate,10.0,Operations Manager,Bangalore,Organic,,Growth Plan,n/a,6.0,9.0,3.0,No,1.0,2.0,3.0,1.0,6.4,0.0,1.0,2024-12-05,2025-01-06,Converted,Deal closed successfully.,1
L00751,Suresh Mehta,suresh.mehta751@nimbusventur.com,+91-9200035489,Nimbus Ventures,E-commerce,50.0,Founder,Hyderabad,Email,CMP-977,Growth Plan,50k-1L,5.0,5.0,1.0,No,3.0,1.0,3.0,5.0,1.2,4.0,0.0,2024-06-12,2024-06-28,Lost,"Lead went cold, marking lost.",0
L00513,Pooja Mehta,pooja.mehta513@vertexenterp.com,+91-9856302504,Vertex Enterprises,Retail,25.0,Operations Manager,Chennai,Organic Search,,Growth Plan,<10k,5.0,7.0,3.0,No,0.0,2.0,0.0,0.0,10.8,0.0,2.0,2025-04-12,2025-06-14,Converted,"Client signed the contract, deal won!",1
L00634,Isha Reddy,isha.reddy634@novaenterpri.com,+91-9524865113,Nova Enterprises,SaaS,50.0,Marketing Manager,Pune,referral,,Growth Plan,10k-50k,7.0,10.0,1.0,No,4.0,1.0,0.0,2.0,7.3,3.0,0.0,2025-05-07,2025-05-24,Lost,"Budget cut, deal lost.",0
L01091,Ritu Nair,ritu.nair1091@abcsoftware.com,+91-9941879071,ABC Software,Media,25.0,Director,Remote,paid ads,CMP-201,Starter Plan,<10k,5.0,6.0,1.0,No,2.0,3.0,1.0,3.0,39.7,2.0,0.0,2025-09-08,2025-09-20,Lost,"Budget cut, deal lost.",0
L01118,Karan Verma,,,Nimbus Labs,Healthcare,5.0,Marketing Manager,Pune,referral,,Growth Plan,n/a,4.0,6.0,2.0,No,2.0,2.0,1.0,0.0,,0.0,1.0,2025-04-05,2025-05-09,Converted,"Client signed the contract, deal won!",1
L00933,Ritu Kulkarni,ritu.kulkarni933@alphaindustr.com,+91-9566098025,Alpha Industries,Finance,100.0,CEO,Bangalore,Email,CMP-271,Starter Plan,50k-1L,6.0,9.0,1.0,,5.0,2.0,2.0,3.0,,5.0,1.0,2025-02-17,2025-04-23,Converted,Deal closed successfully.,1
L00127,Anjali Patel,anjali.patel127@brightsoluti.com,+91-9617020892,Bright Solutions,Media,250.0,Marketing Manager,Delhi,web site,,Starter Plan,1L-5L,2.0,4.0,2.0,No,4.0,2.0,3.0,2.0,7.0,0.0,1.0,2026-03-31,2026-04-18,Converted,"Client signed the contract, deal won!",1
L00791,Sneha Patel,sneha.patel791abclabs.com,+91-9703109264,ABC Labs,Retail,100.0,VP Sales,Hyderabad,email campaign,CMP-931,Starter Plan,50k-1L,3.0,6.0,3.0,No,1.0,0.0,1.0,5.0,2.7,1.0,1.0,2026-04-16,2026-07-14,Converted,"Client signed the contract, deal won!",1
L00830,Sneha Mehta,sneha.mehta830@vertexnetwor.com,+91-9444850117,Vertex Networks,Media,500.0,Founder,Remote,organic search,,Enterprise Plan,NA,4.0,5.0,1.0,Yes,1.0,0.0,1.0,4.0,3.3,1.0,1.0,2024-04-08,2024-08-01,Converted,"Client signed the contract, deal won!",1
L00117,Manoj Patel,manoj.patel117@vertexglobal.com,+91-9949025918,Vertex Global,Manufacturing,25.0,Sales Manager,Hyderabad,Email Campaign,CMP-135,Add-on Module,5L+,7.0,8.0,1.0,Yes,0.0,1.0,1.0,3.0,3.8,2.0,0.0,2024-08-02,2024-10-26,Lost,"Budget cut, deal lost.",0
L00474,Suresh Singh,suresh.singh474@alphaindustr.com,+91-9860441291,Alpha Industries,E-commerce,100.0,CEO,Remote,Web,,Add-on Module,n/a,1.0,2.0,0.0,,2.0,0.0,0.0,3.0,5.9,0.0,0.0,2025-11-06,2025-12-24,Converted,"Client signed the contract, deal won!",1
L00741,,amit.mehta741@abcsystems.com,+91-9388855430,ABC Systems,Real Estate,250.0,Founder,Hyderabad,Google Ads,CMP-362,Starter Plan,1L-5L,1.0,3.0,0.0,No,1.0,1.0,0.0,2.0,15.8,0.0,0.0,2025-01-18,2025-04-20,Lost,"Lead went cold, marking lost.",0
L01055,Amit Sharma,amit.sharma1055@vertexsoluti.com,+91-9458445404,Vertex Solutions,Education,1000.0,Marketing Manager,Chennai,Email Campaign,CMP-115,Growth Plan,,2.0,4.0,0.0,Yes,2.0,1.0,0.0,1.0,18.0,3.0,2.0,2025-06-26,2025-10-05,Converted,Deal closed successfully.,1
L00058,Pooja Reddy,pooja.reddy58@blueglobal.com,+91-9709190297,Blue Global,Education,1000.0,CEO,Remote,organic search,,Enterprise Plan,50k-1L,4.0,7.0,1.0,No,2.0,1.0,1.0,3.0,,1.0,0.0,2025-08-08,2025-10-08,Lost,"No response, closing as lost.",0
L00604,Sanjay Mehta,sanjay.mehta604@xyzsoftware.com,+91-9152741113,XYZ Software,Media,1000.0,Operations Manager,Delhi,FB/Insta,,Growth Plan,50k-1L,6.0,9.0,1.0,Yes,1.0,2.0,2.0,3.0,39.5,3.0,4.0,2026-03-30,2026-06-25,Converted,Deal closed successfully.,1
L00787,Divya Das,divya.das787@novasolution.com,+91-9168987295,Nova Solutions,Education,0.0,Founder,Delhi,Social Media,,Starter Plan,1L-5L,5.0,9.0,2.0,No,2.0,0.0,0.0,5.0,1.6,0.0,0.0,2024-07-13,2024-09-03,Lost,"Budget cut, deal lost.",0
L00831,Rajesh Mehta,rajesh.mehta831@brightlabs.com,+91-9530697362,Bright Labs,SaaS,5.0,Operations Manager,Kolkata,social media,,Enterprise Plan,1L-5L,5.0,6.0,2.0,N,0.0,0.0,0.0,0.0,9.2,3.0,3.0,2024-07-02,2024-10-19,Converted,"Client signed the contract, deal won!",1
L00120,Isha Mehta,isha.mehta120@primesystems.com,+91-9575662688,Prime Systems,Education,100.0,Director,Hyderabad,Organic,,Starter Plan,10000-50000,10.0,13.0,6.0,No,1.0,2.0,1.0,2.0,26.9,3.0,0.0,2026-02-27,2026-04-12,Demo Scheduled,,
L00657,Rajesh Reddy,rajesh.reddy657@xyzsolutions.com,+91-9328077514,XYZ Solutions,Retail,5.0,IT Manager,Kolkata,Email,CMP-621,Enterprise Plan,10k-50k,7.0,10.0,2.0,,7.0,0.0,0.0,6.0,0.7,2.0,1.0,2025-12-10,2026-01-17,Lost,"Lead went cold, marking lost.",0
L00987,Rajesh Gupta,rajesh.gupta987@xyzventures.com,+91-9948397755,XYZ Ventures,E-commerce,-10.0,Business Analyst,Hyderabad,Email Campaign,CMP-919,Enterprise Plan,<10k,5.0,10.0,2.0,No,4.0,2.0,0.0,2.0,25.2,1.0,0.0,2025-06-16,2025-06-25,Lost,"Budget cut, deal lost.",0
L01007,Rajesh Kapoor,rajesh.kapoor1007@xyznetworks.com,+91-9401981759,XYZ Networks,Finance,25.0,Marketing Manager,Hyderabad,organic search,,Enterprise Plan,50k-1L,1.0,5.0,0.0,yes,1.0,3.0,0.0,3.0,10.4,2.0,1.0,2025-05-10,2025-07-25,Demo Scheduled,Waiting on demo.,
L00106,Kavya Nair,kavya.nair106@summitlabs.com,+91-9815085943,Summit Labs,Real Estate,5.0,Operations Manager,Jaipur,website,,Enterprise Plan,n/a,5.0,6.0,1.0,No,1.0,0.0,0.0,2.0,4.0,2.0,0.0,2025-01-19,2025-03-14,Lost,"Lead went cold, marking lost.",0
L00636,Suresh Verma,suresh.verma636@alphaglobal.com,+91-9273125664,Alpha Global,Healthcare,25.0,Founder,Kolkata,Email,CMP-849,Growth Plan,<10k,4.0,5.0,1.0,No,2.0,1.0,0.0,3.0,5.1,1.0,2.0,2024-07-18,2024-08-15,Lost,"No response, closing as lost.",0
L00370,Meera Sharma,meera.sharma370@alphasoftwar.com,+91-9650682026,Alpha Software,Healthcare,500.0,Sales Manager,Kolkata,Email Campaign,CMP-298,Add-on Module,NA,3.0,5.0,1.0,No,3.0,0.0,1.0,2.0,8.1,1.0,0.0,2024-12-03,2025-02-15,Converted,"Client signed the contract, deal won!",1
L00269,Arjun Nair,arjun.nair269@novaglobal.com,+91-9370590822,Nova Global,Healthcare,250.0,CEO,Delhi,referral,,Enterprise Plan,10000-50000,6.0,8.0,1.0,Yes,2.0,1.0,1.0,2.0,0.7,1.0,1.0,2025-02-17,2025-06-05,Converted,Deal closed successfully.,1
L00656,Kavya Iyer,kavya.iyer656@alphasoftwar.com,+91-9198735576,Alpha Software,Real Estate,5.0,Operations Manager,Jaipur,organic search,,Enterprise Plan,50k-1L,3.0,6.0,1.0,No,2.0,0.0,0.0,1.0,7.9,1.0,1.0,2024-06-21,2024-09-17,Lost,"No response, closing as lost.",0
L00820,Arjun Kapoor,arjun.kapoor820@nimbussoftwa.com,+91-9335061100,Nimbus Software,,250.0,Business Analyst,Hyderabad,SEO,,Enterprise Plan,50k-1L,2.0,8.0,0.0,No,5.0,2.0,1.0,0.0,5.0,3.0,0.0,2026-07-21,2026-10-07,Converted,"Client signed the contract, deal won!",1
L00823,Priya Nair,priya.nair823@abcsoftware.com,+91-9834044726,ABC Software,Education,250.0,CEO,Mumbai,Organic,,Enterprise Plan,<10k,4.0,8.0,0.0,yes,1.0,2.0,0.0,4.0,6.6,5.0,2.0,2026-06-28,2026-10-03,Converted,Deal closed successfully.,1
L00924,Rahul Kapoor,rahul.kapoor924@abclabs.com,+91-9683485665,ABC Labs,Logistics,5.0,Business Analyst,Pune,FB/Insta,,Growth Plan,10000-50000,5.0,7.0,2.0,N,3.0,2.0,0.0,2.0,1.0,1.0,0.0,2025-11-30,2025-12-27,Converted,"Client signed the contract, deal won!",1
L00047,Anjali Iyer,anjali.iyer47@abcsystems.com,,ABC Systems,E-commerce,250.0,Marketing Manager,Pune,Email Campaign,CMP-181,Enterprise Plan,NA,4.0,7.0,1.0,Yes,1.0,2.0,0.0,2.0,4.8,1.0,1.0,2025-02-03,2025-05-01,Converted,Deal closed successfully.,1
L00350,Rajesh Nair,rajesh.nair350@primesystems.com,+91-9868800615,Prime Systems,SaaS,500.0,Procurement Head,Bangalore,Email,CMP-557,Growth Plan,,2.0,5.0,0.0,Yes,2.0,1.0,1.0,0.0,,2.0,0.0,2024-10-18,2024-11-13,Lost,"Lead went cold, marking lost.",0
L00774,Anjali Iyer,anjali.iyer774@vertexventur.com,+91-9910761941,Vertex Ventures,Finance,10.0,Procurement Head,Remote,referral,,Growth Plan,50k-1L,3.0,5.0,0.0,Yes,1.0,0.0,0.0,1.0,15.2,0.0,0.0,2026-05-08,2026-09-03,Converted,"Great call, moving to won.",1
L00196,Amit Rao,,+91-9118793453,Orbit Global,Education,50.0,Marketing Manager,Mumbai,paid ads,CMP-348,Starter Plan,10k-50k,2.0,4.0,1.0,No,0.0,0.0,0.0,0.0,2.4,3.0,1.0,2025-06-02,2025-08-24,Converted,Deal closed successfully.,1
L00103,Sanjay Kulkarni,sanjay.kulkarni103@nimbusnetwor.com,+91-9733362956,Nimbus Networks,Manufacturing,100.0,Business Analyst,Pune,paid ads,CMP-759,Starter Plan,1L-5L,6.0,8.0,0.0,Yes,3.0,3.0,0.0,2.0,0.1,1.0,2.0,2025-06-10,2025-10-04,Demo Scheduled,Waiting on demo.,
L00005,Manoj Patel,manoj.patel5@bluenetworks.com,+91-9823712072,Blue Networks,SaaS,1000.0,Business Analyst,Jaipur,Ads,CMP-119,Add-on Module,1L-5L,4.0,5.0,1.0,no,1.0,2.0,2.0,0.0,1.8,1.0,1.0,2025-01-22,2025-03-07,Converted,"Great call, moving to won.",1
L00620,Manoj Rao,,+91-9238941520,Nimbus Global,Education,25.0,Sales Manager,Remote,PPC,CMP-856,Add-on Module,10k-50k,7.0,10.0,1.0,N,2.0,0.0,1.0,4.0,112.3,2.0,1.0,2026-03-21,2026-06-20,Lost,"Lead went cold, marking lost.",0
L00572,Ritu Patel,ritu.patel572@xyzglobal.com,+91-9754827906,XYZ Global,Education,500.0,Founder,Mumbai,Paid Ads,CMP-610,Starter Plan,n/a,2.0,5.0,0.0,No,3.0,0.0,0.0,3.0,0.6,1.0,0.0,2025-09-22,2025-11-30,Lost,"Lead went cold, marking lost.",0
L00053,Ritu Sharma,ritu.sharma53@nimbuslabs.com,+91-9881412795,Nimbus Labs,Logistics,25.0,VP Sales,Remote,FB/Insta,,Growth Plan,10k-50k,4.0,6.0,2.0,No,1.0,0.0,1.0,2.0,4.5,2.0,1.0,2026-01-12,2026-03-15,Converted,"Client signed the contract, deal won!",1
L00264,Sanjay Mehta,sanjay.mehta264@primesystems.com,+91-9703950733,Prime Systems,Logistics,500.0,Director,Jaipur,organic search,,Enterprise Plan,<10k,1.0,4.0,1.0,No,1.0,2.0,3.0,4.0,22.1,1.0,0.0,2026-07-17,2026-07-20,Lost,"Budget cut, deal lost.",0
L01139,Amit Nair,,+91-9195439494,Orbit Technologies,Education,500.0,Director,Ahmedabad,email campaign,CMP-308,Growth Plan,n/a,3.0,3.0,0.0,No,4.0,3.0,1.0,0.0,17.3,0.0,1.0,2024-10-19,2025-01-20,Lost,"Budget cut, deal lost.",0
L00444,Rajesh Nair,rajesh.nair444@abcglobal.com,+91-9845679716,ABC Global,Finance,50.0,Sales Manager,Jaipur,referral,,Starter Plan,1L-5L,4.0,8.0,2.0,Yes,1.0,1.0,2.0,0.0,3.9,1.0,3.0,2024-05-07,2024-05-07,Proposal,Waiting on demo.,
L01041,Meera Mehta,meera.mehta1041@summitlabs.com,+91-9618293404,Summit Labs,Real Estate,5.0,CEO,Remote,referral,,Add-on Module,10k-50k,3.0,5.0,0.0,No,0.0,0.0,4.0,4.0,22.5,4.0,1.0,2024-01-09,2024-04-03,New,Follow-up scheduled.,
L00783,Arjun Das,arjun.das783@nimbusnetwor.com,,Nimbus Networks,Retail,100.0,Marketing Manager,Bangalore,Organic Search,,Growth Plan,50k-1L,3.0,9.0,1.0,,2.0,1.0,1.0,2.0,2.8,0.0,0.0,2025-04-01,2025-06-05,Converted,Deal closed successfully.,1
L00838,Vikram Kapoor,vikram.kapoor838@zenithindust.com,+91-9760242474,Zenith Industries,Media,10.0,IT Manager,Bangalore,Organic Search,,Enterprise Plan,50k-1L,8.0,11.0,2.0,Yes,2.0,2.0,0.0,0.0,2.5,0.0,0.0,2025-06-26,2025-09-14,Converted,"Client signed the contract, deal won!",1
L00927,Meera Singh,meera.singh927@novaglobal.com,+91-9433465998,Nova Global,Media,25.0,CEO,Delhi,Paid Ads,CMP-503,Enterprise Plan,50k-1L,5.0,11.0,1.0,No,4.0,3.0,1.0,5.0,1.0,1.0,1.0,2026-03-11,2026-06-20,Lost,"Budget cut, deal lost.",0
L00692,Suresh Singh,suresh.singh692@novasolution.com,,Nova Solutions,Healthcare,1000.0,Sales Manager,Bangalore,Referal,,Growth Plan,10k-50k,2.0,8.0,1.0,No,2.0,0.0,2.0,2.0,8.2,4.0,1.0,2025-10-19,2025-11-11,Contacted,Waiting on demo.,
L00305,Priya Verma,priya.verma305@bluesystems.com,+91-9986604213,Blue Systems,Media,10.0,Operations Manager,Mumbai,Organic Search,,Add-on Module,10k-50k,2.0,6.0,1.0,Yes,0.0,2.0,1.0,2.0,11.0,1.0,2.0,2024-04-15,2024-05-24,Converted,"Client signed the contract, deal won!",1
L00342,Sanjay Iyer,sanjay.iyer342@orbitenterpr.com,+91-9609527039,Orbit Enterprises,,25.0,Sales Manager,Ahmedabad,Google Ads,CMP-485,Enterprise Plan,10000-50000,3.0,6.0,2.0,no,3.0,0.0,1.0,2.0,,1.0,0.0,2024-08-01,2024-09-01,Contacted,Waiting on demo.,
L00949,Vikram Nair,vikram.nair949@blueindustri.com,+91-9163549959,Blue Industries,Retail,50.0,Director,Pune,Web,,Add-on Module,,1.0,2.0,0.0,Yes,1.0,1.0,1.0,0.0,0.7,5.0,1.0,2026-06-23,2026-10-17,Converted,"Client signed the contract, deal won!",1
L00314,Rajesh Sharma,rajesh.sharma314@blueventures.com,+91-9999844466,Blue Ventures,Media,10.0,Director,Hyderabad,Email,CMP-849,Add-on Module,50k-1L,5.0,10.0,1.0,Yes,1.0,2.0,0.0,4.0,3.1,2.0,2.0,2026-07-08,2026-10-14,Converted,"Client signed the contract, deal won!",1
L00150,Priya Verma,,+91-9189959247,Vertex Industries,Real Estate,0.0,CEO,Bangalore,WEBSITE,,Growth Plan,50k-1L,3.0,5.0,1.0,Yes,3.0,2.0,1.0,3.0,17.2,2.0,1.0,2024-06-05,2024-06-18,Converted,"Client signed the contract, deal won!",1
L00125,Priya Iyer,priya.iyer125@orbitindustr.com,+91-9191028891,Orbit Industries,Finance,0.0,Procurement Head,Remote,Web,,Growth Plan,10000-50000,3.0,6.0,2.0,No,0.0,1.0,0.0,1.0,38.3,1.0,0.0,2024-09-02,2024-12-20,Lost,"Budget cut, deal lost.",0
L01108,Pooja Das,pooja.das1108@brightsystem.com,+91-9860083458,Bright Systems,Healthcare,25.0,Operations Manager,Kolkata,Social,,Enterprise Plan,1L-5L,3.0,6.0,0.0,No,5.0,2.0,1.0,2.0,22.6,1.0,0.0,2026-01-20,2026-04-07,Lost,"No response, closing as lost.",0
L00575,Meera Kulkarni,meera.kulkarni575@brightventur.com,+91-9760842016,Bright Ventures,Healthcare,10.0,Business Analyst,Jaipur,email campaign,CMP-274,Add-on Module,50k-1L,4.0,8.0,1.0,No,0.0,1.0,1.0,3.0,4.4,1.0,1.0,2024-10-02,2024-12-24,Lost,"Lead went cold, marking lost.",0
L00698,Suresh Rao,suresh.rao698@bluetechnolo.com,+91-9992714125,Blue Technologies,E-commerce,10.0,Marketing Manager,Remote,FB/Insta,,Starter Plan,<10k,10.0,12.0,3.0,No,0.0,0.0,3.0,3.0,21.1,2.0,0.0,2025-01-09,2025-01-21,Converted,"Great call, moving to won.",1
L00665,Sneha Iyer,sneha.iyer665@vertexsoluti.com,+91-9532788467,Vertex Solutions,,500.0,Marketing Manager,Ahmedabad,referral,,Growth Plan,unknown,5.0,6.0,3.0,,0.0,0.0,1.0,4.0,18.4,0.0,0.0,2025-06-20,2025-07-05,Converted,"Client signed the contract, deal won!",1
L00051,Divya Kulkarni,divya.kulkarni51@nimbustechno.com,+91-9410845053,Nimbus Technologies,Media,5.0,Founder,Jaipur,Ads,CMP-393,Growth Plan,50k-1L,3.0,6.0,2.0,No,1.0,1.0,1.0,1.0,5.3,1.0,0.0,2025-11-27,2026-01-15,Lost,"Lead went cold, marking lost.",0
L00942,Rahul Das,,+91-9420805844,ABC Global,Healthcare,25.0,Founder,Kolkata,Referral,,Growth Plan,<10k,3.0,7.0,1.0,N,2.0,2.0,0.0,2.0,13.2,1.0,2.0,2025-04-25,2025-08-14,Demo Scheduled,Sent pricing info.,
L00727,Vikram Kulkarni,vikram.kulkarni727@summitlabs.com,+91-9185591985,Summit Labs,SaaS,50.0,CEO,Delhi,Email Campaign,CMP-506,Add-on Module,10000-50000,7.0,11.0,4.0,,5.0,0.0,0.0,0.0,2.3,1.0,0.0,2025-01-09,2025-04-14,Converted,"Great call, moving to won.",1
L00800,Rohan Joshi,,+91-9641026672,Nimbus Technologies,Retail,50.0,Marketing Manager,Remote,SEO,,Growth Plan,<10k,3.0,9.0,0.0,No,4.0,2.0,4.0,2.0,1.3,0.0,0.0,2025-11-16,2025-12-29,Proposal,Waiting on demo.,
L00834,Priya Mehta,priya.mehta834@brightlabs.com,+91-9643390912,Bright Labs,Healthcare,5.0,CEO,Kolkata,FB/Insta,,Growth Plan,1L-5L,2.0,4.0,0.0,No,2.0,1.0,0.0,2.0,8.1,1.0,2.0,2024-06-20,2024-09-24,Lost,"Lead went cold, marking lost.",0
L00354,Meera Verma,meera.verma354@alphaindustr.com,+91-9452160200,Alpha Industries,Manufacturing,25.0,IT Manager,Delhi,WEBSITE,,Starter Plan,50k-1L,2.0,6.0,0.0,no,3.0,2.0,0.0,2.0,4.5,1.0,1.0,2025-05-23,2025-08-23,Lost,"Lead went cold, marking lost.",0
L01200,Kavya Mehta,kavya.mehta1200@abcnetworks.com,+91-9101240368,ABC Networks,SaaS,50.0,Sales Manager,Delhi,Social,,Starter Plan,1L-5L,6.0,8.0,2.0,No,1.0,0.0,0.0,2.0,,1.0,1.0,2024-09-04,2024-11-16,Converted,Deal closed successfully.,1
L00143,Divya Patel,divya.patel143@summitventur.com,+91-9898290759,Summit Ventures,Education,5.0,Founder,Mumbai,referral,,Add-on Module,<10k,4.0,6.0,1.0,,6.0,2.0,2.0,2.0,10.6,1.0,2.0,2024-01-25,2024-03-12,Converted,"Great call, moving to won.",1
L00471,Amit Singh,amit.singh471@nimbussystem.com,+91-9396636175,Nimbus Systems,Logistics,25.0,Procurement Head,Chennai,Email,CMP-895,Growth Plan,10k-50k,4.0,11.0,2.0,No,0.0,1.0,1.0,2.0,1.0,3.0,0.0,2024-10-10,2024-11-12,Lost,"No response, closing as lost.",0
L01012,Amit Iyer,amit.iyer1012@primenetwork.com,+91-9567368435,Prime Networks,SaaS,25.0,IT Manager,Bangalore,web site,,Growth Plan,NA,1.0,4.0,1.0,no,2.0,2.0,0.0,3.0,7.7,2.0,0.0,2024-09-01,2024-09-15,Lost,"Lead went cold, marking lost.",0
L00654,Sneha Kapoor,,+91-9853987978,Zenith Software,Real Estate,0.0,Founder,Hyderabad,SEO,,Add-on Module,1L-5L,1.0,5.0,1.0,N,0.0,0.0,3.0,7.0,8.4,1.0,0.0,2024-05-03,2024-06-18,Lost,"Budget cut, deal lost.",0
L00400,Rajesh Verma,rajesh.verma400@novatechnolo.com,+91-9236979371,Nova Technologies,Media,10.0,Director,Mumbai,Referal,,Enterprise Plan,10k-50k,4.0,8.0,1.0,No,2.0,1.0,0.0,2.0,8.1,1.0,0.0,2025-03-25,2025-06-05,Lost,"No response, closing as lost.",0
L01089,Isha Kapoor,isha.kapoor1089@vertextechno.com,+91-9656086704,Vertex Technologies,Healthcare,5.0,CEO,Jaipur,SEO,,Starter Plan,10k-50k,3.0,6.0,1.0,No,2.0,1.0,0.0,3.0,0.0,2.0,0.0,2026-07-19,2026-10-12,Converted,Deal closed successfully.,1
L01001,Pooja Sharma,,+91-9133840076,Nimbus Labs,Finance,50.0,Procurement Head,Ahmedabad,email campaign,CMP-128,Starter Plan,50k-1L,4.0,6.0,0.0,No,3.0,2.0,1.0,3.0,2.2,3.0,0.0,2026-06-10,2026-09-22,Lost,"Lead went cold, marking lost.",0
L00321,Arjun Nair,arjun.nair321@xyzsystems.com,+91-9156253910,XYZ Systems,Education,25.0,Sales Manager,Bangalore,paid ads,CMP-347,Add-on Module,10k-50k,4.0,7.0,3.0,No,1.0,0.0,3.0,4.0,56.8,1.0,1.0,2024-03-01,2024-06-15,Demo Scheduled,Sent pricing info.,
L00020,Meera Singh,meera.singh20@brightsystem.com,+91-9277067962,Bright Systems,Logistics,10.0,Business Analyst,Remote,Paid Ads,CMP-815,Growth Plan,10k-50k,4.0,10.0,1.0,No,3.0,2.0,2.0,2.0,2.2,3.0,1.0,2025-05-06,2025-08-26,Lost,"Lead went cold, marking lost.",0
L00685,Arjun Gupta,,+91-9202220192,Prime Ventures,Education,500.0,Procurement Head,Ahmedabad,website,,Starter Plan,10k-50k,3.0,4.0,2.0,,3.0,2.0,1.0,3.0,0.2,1.0,2.0,2025-02-13,2025-05-22,Converted,Deal closed successfully.,1
L00036,Pooja Joshi,pooja.joshi36@novanetworks.com,+91-9647470762,Nova Networks,E-commerce,500.0,Business Analyst,Pune,Web,,Starter Plan,10k-50k,4.0,6.0,2.0,No,1.0,2.0,0.0,1.0,8.7,1.0,1.0,2024-10-23,2025-01-20,Converted,"Client signed the contract, deal won!",1
L00825,Kavya Kulkarni,kavya.kulkarni825@novasystems.com,+91-9650248971,Nova Systems,Real Estate,250.0,IT Manager,Kolkata,SEO,,Growth Plan,50k-1L,3.0,5.0,1.0,No,2.0,0.0,1.0,0.0,0.9,0.0,3.0,2024-04-16,2024-06-02,Converted,Deal closed successfully.,1
L00903,Suresh Patel,suresh.patel903@summitglobal.com,+91-9456861866,Summit Global,Retail,25.0,Procurement Head,Kolkata,Email,CMP-903,Starter Plan,50k-1L,3.0,5.0,0.0,Yes,2.0,1.0,2.0,0.0,0.4,1.0,1.0,2025-11-01,2026-01-09,Converted,"Great call, moving to won.",1
L00506,Karan Patel,karan.patel506@summitglobal.com,+91-9139662267,Summit Global,,500.0,Founder,Hyderabad,Social Media,,Growth Plan,5L+,3.0,5.0,2.0,No,3.0,1.0,0.0,1.0,2.5,1.0,0.0,2025-05-11,2025-09-05,Lost,"Budget cut, deal lost.",0
L00828,Divya Reddy,divya.reddy828@alphaenterpr.com,+91-9115240389,Alpha Enterprises,Media,50.0,Sales Manager,Jaipur,email campaign,CMP-449,Enterprise Plan,10k-50k,2.0,5.0,0.0,No,3.0,1.0,0.0,3.0,3.4,1.0,0.0,2025-10-16,2025-12-10,Converted,"Client signed the contract, deal won!",1
L01117,Sanjay Patel,sanjay.patel1117@summittechno.com,+91-9185187120,Summit Technologies,Logistics,25.0,CEO,Chennai,Organic,,Growth Plan,10k-50k,8.0,11.0,4.0,Yes,2.0,1.0,3.0,2.0,5.7,0.0,1.0,2025-05-29,2025-08-23,Converted,"Client signed the contract, deal won!",1
L00408,Meera Das,meera.das408@xyzsoftware.com,+91-9221089005,XYZ Software,Healthcare,5.0,Operations Manager,Pune,Website,,Add-on Module,10k-50k,4.0,7.0,1.0,No,1.0,0.0,1.0,2.0,0.2,3.0,0.0,2026-06-28,2026-08-03,Qualified,Sent pricing info.,
L00921,Priya Das,priya.das921@vertexindust.com,+91-9747221797,Vertex Industries,Finance,10.0,Procurement Head,Bangalore,Referal,,Starter Plan,<10k,1.0,2.0,1.0,N,1.0,1.0,2.0,0.0,5.9,0.0,1.0,2024-04-24,2024-05-12,Contacted,Waiting on demo.,
L00818,Priya Sharma,priya.sharma818@orbitindustr.com,+91-9512192533,Orbit Industries,Finance,10.0,Business Analyst,Ahmedabad,referral,,Starter Plan,1L-5L,6.0,11.0,2.0,No,0.0,0.0,1.0,2.0,1.2,0.0,0.0,2024-05-27,2024-06-29,Converted,"Great call, moving to won.",1
L00867,Kavya Patel,kavya.patel867@abcsolutions.com,+91-9995793779,ABC Solutions,Media,1000.0,Operations Manager,Pune,web site,,Growth Plan,<10k,5.0,9.0,1.0,Yes,1.0,1.0,2.0,2.0,6.7,5.0,2.0,2024-10-28,2024-11-17,Converted,"Great call, moving to won.",1
L00538,Rohan Patel,rohan.patel538@orbittechnol.com,,Orbit Technologies,Healthcare,100.0,Procurement Head,Kolkata,Organic,,Enterprise Plan,<10k,3.0,7.0,3.0,yes,1.0,1.0,1.0,2.0,1.0,2.0,1.0,2025-02-07,2025-02-27,Converted,Deal closed successfully.,1
L00759,Divya Iyer,divya.iyer759@nimbussoluti.com,,Nimbus Solutions,Finance,25.0,Sales Manager,Delhi,web site,,Enterprise Plan,<10k,7.0,10.0,3.0,Yes,3.0,2.0,1.0,2.0,8.7,3.0,0.0,2024-03-08,2024-05-07,Converted,"Client signed the contract, deal won!",1
L01114,Neha Kapoor,neha.kapoor1114@abcsystems.com,+91-9984374290,ABC Systems,Education,1000.0,Operations Manager,Kolkata,Email,CMP-745,Starter Plan,unknown,2.0,4.0,0.0,No,0.0,1.0,0.0,2.0,7.7,2.0,1.0,2024-05-26,2024-09-06,Converted,"Great call, moving to won.",1
L00977,Karan Mehta,karan.mehta977@orbitglobal.com,+91-9253225528,Orbit Global,Healthcare,-10.0,Marketing Manager,Pune,social media,,Add-on Module,10k-50k,6.0,9.0,0.0,No,1.0,0.0,0.0,4.0,,0.0,0.0,2025-07-10,2025-08-10,Lost,"Lead went cold, marking lost.",0
L00039,Sanjay Kapoor,sanjay.kapoor39@zenithnetwor.com,+91-9672004317,Zenith Networks,Real Estate,10.0,Business Analyst,Delhi,Social,,Enterprise Plan,5L+,3.0,4.0,1.0,N,0.0,2.0,0.0,3.0,48.5,1.0,0.0,2026-06-13,2026-06-15,Lost,"Lead went cold, marking lost.",0
L00176,Manoj Gupta,manoj.gupta176@brighttechno.com,+91-9286167125,Bright Technologies,Healthcare,50.0,Director,Remote,FB/Insta,,Starter Plan,1L-5L,5.0,8.0,1.0,No,3.0,0.0,2.0,2.0,21.2,2.0,0.0,2024-01-20,2024-03-20,Lost,"Budget cut, deal lost.",0
L00246,Manoj Nair,manoj.nair246@xyzglobal.com,+91-9431026410,XYZ Global,Media,25.0,CEO,Ahmedabad,Email,CMP-942,Growth Plan,unknown,7.0,10.0,4.0,No,1.0,1.0,2.0,4.0,9.8,0.0,1.0,2026-06-25,2026-09-06,Converted,"Great call, moving to won.",1
L00811,Karan Verma,karan.verma811@novasystems.com,+91-9244210624,Nova Systems,Manufacturing,1000.0,Director,Chennai,website,,Growth Plan,10k-50k,3.0,6.0,2.0,yes,2.0,0.0,1.0,2.0,34.6,1.0,0.0,2024-06-01,2024-06-09,Converted,Deal closed successfully.,1
L09502,,,,,,,,,,,,,,,,,,,,,,,,,,,,
L01064,Sanjay Verma,sanjay.verma1064@bluesoftware.com,+91-9151450790,Blue Software,SaaS,25.0,Founder,Bangalore,Email Campaign,CMP-653,Enterprise Plan,10k-50k,5.0,9.0,2.0,No,2.0,1.0,0.0,0.0,19.5,0.0,0.0,2024-08-01,2024-10-30,Lost,"Lead went cold, marking lost.",0
L01038,Vikram Rao,,+91-9815253272,Zenith Networks,SaaS,1000.0,Sales Manager,Mumbai,Email,CMP-476,Add-on Module,<10k,5.0,7.0,1.0,no,6.0,1.0,2.0,3.0,7.9,2.0,0.0,2024-03-07,2024-05-09,Lost,"Budget cut, deal lost.",0
L00785,Karan Iyer,karan.iyer785@zenithnetwor.com,,Zenith Networks,Manufacturing,250.0,CEO,Remote,Web,,Starter Plan,1L-5L,7.0,9.0,3.0,No,2.0,2.0,2.0,1.0,0.7,2.0,1.0,2025-12-27,2026-03-10,Converted,"Great call, moving to won.",1
L09008,Suresh Nair,SURESH.NAIR938@XYZSYSTEMS.COM,+91-9679561690,XYZ Systems,Healthcare,5.0,Procurement Head,Chennai,FB/Insta,,Starter Plan,50k-1L,1.0,3.0,0.0,Yes,5.0,0.0,1.0,1.0,26.7,1.0,0.0,2025-08-14,2025-12-05,Lost,"No response, closing as lost.",0
L00490,Priya Rao,,+91-9221337115,Zenith Industries,E-commerce,250.0,Operations Manager,Remote,social media,,Enterprise Plan,1L-5L,5.0,8.0,4.0,No,4.0,0.0,2.0,1.0,5.8,0.0,1.0,2026-07-02,2026-08-12,Lost,"Lead went cold, marking lost.",0
L00155,Rajesh Sharma,rajesh.sharma155@vertexnetwor.com,+91-9565846384,Vertex Networks,Real Estate,5.0,Business Analyst,Ahmedabad,Social Media,,Growth Plan,unknown,6.0,7.0,1.0,No,3.0,2.0,1.0,1.0,8.6,0.0,0.0,2024-09-11,2024-10-29,Converted,"Client signed the contract, deal won!",1
L00639,Isha Das,isha.das639@brightsoluti.com,+91-9141103657,Bright Solutions,Education,25.0,CEO,Mumbai,PPC,CMP-758,Starter Plan,50k-1L,6.0,7.0,2.0,No,1.0,1.0,2.0,1.0,8.3,3.0,0.0,2024-08-14,2024-11-27,Converted,"Great call, moving to won.",1
L00663,Rajesh Nair,rajesh.nair663@orbitsolutio.com,,Orbit Solutions,,1000.0,Director,Kolkata,web site,,Starter Plan,50k-1L,1.0,8.0,0.0,no,4.0,2.0,1.0,1.0,35.3,0.0,0.0,2025-11-28,2026-02-20,Lost,"Budget cut, deal lost.",0
L00854,Meera Singh,,+91-9859495725,Prime Industries,Finance,500.0,Director,Delhi,Organic Search,,Starter Plan,50k-1L,4.0,6.0,0.0,No,1.0,0.0,1.0,0.0,,3.0,1.0,2024-04-16,2024-07-31,Converted,Deal closed successfully.,1
L00288,Meera Kulkarni,,+91-9671045384,XYZ Networks,E-commerce,5.0,Operations Manager,Remote,FB/Insta,,Starter Plan,50k-1L,2.0,7.0,1.0,Yes,1.0,1.0,2.0,1.0,1.6,4.0,1.0,2024-02-16,2024-03-18,Converted,Deal closed successfully.,1
L00626,Arjun Gupta,arjun.gupta626@primesolutio.com,+91-9610158439,Prime Solutions,Manufacturing,250.0,Founder,Ahmedabad,Email,CMP-971,Growth Plan,1L-5L,4.0,6.0,0.0,No,2.0,0.0,0.0,2.0,36.4,1.0,2.0,2026-03-25,2026-04-26,Contacted,,
L01174,Priya Rao,priya.rao1174brightventur.com,+91-9216852646,Bright Ventures,Manufacturing,500.0,IT Manager,Remote,Paid Ads,CMP-466,Enterprise Plan,50k-1L,8.0,9.0,3.0,yes,2.0,0.0,0.0,1.0,18.5,4.0,0.0,2025-12-15,2026-03-17,Converted,"Client signed the contract, deal won!",1
L00686,Ritu Nair,,+91-9549817719,ABC Labs,Logistics,250.0,Sales Manager,Hyderabad,Email,CMP-600,Growth Plan,<10k,3.0,7.0,0.0,No,3.0,1.0,1.0,0.0,0.6,4.0,0.0,2025-01-14,2025-02-16,Lost,"Lead went cold, marking lost.",0
L01061,Rahul Joshi,rahul.joshi1061@nimbusindust.com,+91-9253876471,Nimbus Industries,Healthcare,1000.0,CEO,Pune,Referral,,Growth Plan,10k-50k,3.0,4.0,2.0,No,1.0,1.0,1.0,2.0,0.6,1.0,0.0,2026-02-15,2026-03-05,Converted,Deal closed successfully.,1
L01112,Priya Das,priya.das1112@alphaventure.com,+91-9647826177,Alpha Ventures,Logistics,5.0,Director,Hyderabad,Email,CMP-525,Growth Plan,<10k,2.0,2.0,1.0,yes,6.0,1.0,0.0,4.0,9.2,0.0,0.0,2026-06-04,2026-08-31,Lost,"Lead went cold, marking lost.",0
L00570,Rahul Reddy,rahul.reddy570@novasoftware.com,+91-9298751948,Nova Software,Logistics,250.0,Marketing Manager,Bangalore,Organic Search,,Starter Plan,<10k,4.0,7.0,0.0,No,1.0,2.0,1.0,3.0,30.3,0.0,0.0,2024-10-21,2025-01-03,Lost,"Budget cut, deal lost.",0
L01191,Sneha Patel,sneha.patel1191@brightsoluti.com,+91-9383156891,Bright Solutions,Real Estate,250.0,Marketing Manager,Bangalore,web site,,Growth Plan,10k-50k,1.0,4.0,0.0,No,1.0,0.0,1.0,1.0,,1.0,0.0,2025-02-25,2025-06-24,Lost,"Budget cut, deal lost.",0
L00735,Sanjay Nair,sanjay.nair735@xyztechnolog.com,+91-9276701380,XYZ Technologies,Retail,5.0,Director,Ahmedabad,web site,,Add-on Module,10000-50000,6.0,11.0,1.0,No,5.0,1.0,1.0,1.0,0.6,1.0,1.0,2024-06-10,2024-06-12,Lost,"Lead went cold, marking lost.",0
L00793,Sanjay Das,sanjay.das793@orbitenterpr.com,,Orbit Enterprises,SaaS,1000.0,IT Manager,Kolkata,Email,CMP-721,Enterprise Plan,1L-5L,1.0,6.0,0.0,No,2.0,2.0,0.0,1.0,11.2,2.0,3.0,2024-01-14,2023-12-15,Lost,"Budget cut, deal lost.",0
L00018,Vikram Reddy,vikram.reddy18@vertexsoluti.com,+91-9760725371,Vertex Solutions,Manufacturing,500.0,VP Sales,Hyderabad,Social Media,,Add-on Module,<10k,1.0,2.0,0.0,Yes,0.0,1.0,0.0,3.0,8.8,0.0,2.0,2025-04-12,2025-06-06,Converted,"Great call, moving to won.",1
L00128,Divya Das,divya.das128@orbitindustr.com,+91-9817274251,Orbit Industries,Finance,5.0,Operations Manager,Chennai,website,,Enterprise Plan,<10k,6.0,9.0,2.0,No,1.0,1.0,1.0,1.0,44.0,1.0,0.0,2025-03-03,2025-05-27,Lost,"Lead went cold, marking lost.",0
L00323,Sanjay Verma,sanjay.verma323novaenterpri.com,+91-9101185634,Nova Enterprises,E-commerce,500.0,IT Manager,Hyderabad,Organic Search,,Growth Plan,50k-1L,1.0,4.0,0.0,No,3.0,2.0,0.0,2.0,10.4,3.0,1.0,2026-02-02,2026-03-24,Converted,"Client signed the contract, deal won!",1
L00256,Suresh Sharma,suresh.sharma256@summitsoftwa.com,+91-9188691107,Summit Software,SaaS,10.0,CEO,Jaipur,Organic,,Enterprise Plan,<10k,2.0,3.0,0.0,No,5.0,0.0,3.0,1.0,20.0,1.0,0.0,2025-03-14,2025-05-08,New,Follow-up scheduled.,
L01028,Sneha Singh,sneha.singh1028orbitsoftwar.com,+91-9111522020,Orbit Software,Media,100.0,VP Sales,Kolkata,Referal,,Starter Plan,5L+,6.0,7.0,0.0,No,4.0,2.0,1.0,0.0,11.6,1.0,0.0,2024-12-05,2025-01-04,Converted,"Client signed the contract, deal won!",1
L00928,Divya Singh,divya.singh928@bluesolution.com,+91-9918409989,Blue Solutions,Healthcare,10.0,Marketing Manager,Ahmedabad,website,,Add-on Module,1L-5L,5.0,10.0,2.0,No,4.0,1.0,0.0,4.0,6.1,1.0,0.0,2025-06-17,2025-10-03,Lost,"Lead went cold, marking lost.",0
L09001,Sanjay Kulkarni,SANJAY.KULKARNI684@ORBITINDUSTR.COM,+91-9822488330,Orbit Industries,Logistics,10.0,Sales Manager,Bangalore,Organic,,Add-on Module,<10k,4.0,8.0,2.0,No,0.0,1.0,2.0,1.0,5.8,1.0,0.0,2024-11-29,2025-03-17,Converted,Deal closed successfully.,1
L00191,Suresh Nair,suresh.nair191@summitenterp.com,+91-9359238511,Summit Enterprises,SaaS,50.0,CEO,Bangalore,Organic Search,,Growth Plan,5L+,5.0,9.0,2.0,No,2.0,0.0,0.0,1.0,34.4,1.0,0.0,2024-04-08,2024-04-10,Lost,"Lead went cold, marking lost.",0
L00116,Sneha Nair,sneha.nair116@abcventures.com,+91-9495533589,ABC Ventures,Real Estate,50.0,VP Sales,Pune,FB/Insta,,Add-on Module,10k-50k,8.0,11.0,2.0,No,2.0,2.0,1.0,3.0,16.4,1.0,1.0,2024-10-01,2024-10-03,Demo Scheduled,,
L00950,Rohan Singh,rohan.singh950@nimbusnetwor.com,+91-9638981575,Nimbus Networks,Real Estate,250.0,Founder,Chennai,Paid Ads,CMP-872,Enterprise Plan,<10k,3.0,6.0,0.0,Yes,0.0,1.0,0.0,1.0,27.4,2.0,1.0,2025-05-09,2025-08-19,Lost,"Budget cut, deal lost.",0
L01194,Rahul Iyer,rahul.iyer1194@abcenterpris.com,+91-9274267937,ABC Enterprises,Healthcare,100.0,Founder,Mumbai,Email Campaign,CMP-167,Add-on Module,<10k,3.0,3.0,1.0,no,0.0,0.0,1.0,5.0,5.8,5.0,1.0,2024-01-29,2024-03-05,Lost,"Budget cut, deal lost.",0
L00607,,,+91-9204664631,Orbit Networks,Finance,1000.0,Procurement Head,Chennai,Paid Ads,CMP-271,Enterprise Plan,5L+,8.0,12.0,4.0,No,0.0,0.0,0.0,2.0,15.4,3.0,1.0,2024-07-23,2024-07-29,Qualified,Waiting on demo.,
L00181,Isha Kapoor,isha.kapoor181@brightindust.com,+91-9121834383,Bright Industries,Education,500.0,Founder,Jaipur,SEO,,Growth Plan,50k-1L,2.0,6.0,0.0,N,1.0,1.0,1.0,3.0,8.1,0.0,1.0,2026-03-04,2026-04-10,Converted,"Great call, moving to won.",1
L00302,Manoj Gupta,manoj.gupta302@vertexventur.com,+91-9389299407,Vertex Ventures,Manufacturing,5.0,VP Sales,Bangalore,Email Campaign,CMP-582,Enterprise Plan,1L-5L,4.0,9.0,1.0,No,1.0,2.0,0.0,2.0,27.9,0.0,1.0,2024-12-30,2025-01-13,Lost,"No response, closing as lost.",0
L00497,Manoj Kapoor,manoj.kapoor497@novasolution.com,+91-9256965585,Nova Solutions,E-commerce,1000.0,IT Manager,Bangalore,Website,,Starter Plan,<10k,4.0,4.0,2.0,No,1.0,2.0,2.0,1.0,10.2,1.0,1.0,2026-05-12,2026-06-26,Converted,"Client signed the contract, deal won!",1
L00349,Rohan Iyer,rohan.iyer349@abcenterpris.com,+91-9926866345,ABC Enterprises,Logistics,50.0,Sales Manager,Chennai,Organic Search,,Starter Plan,NA,1.0,4.0,0.0,yes,1.0,1.0,2.0,3.0,27.3,1.0,1.0,2026-04-25,2026-07-27,Converted,Deal closed successfully.,1
L01080,Karan Joshi,,+91-9802649448,Orbit Technologies,SaaS,10.0,Sales Manager,Remote,Organic Search,,Add-on Module,5L+,3.0,7.0,1.0,Yes,2.0,2.0,3.0,5.0,30.6,0.0,2.0,2026-03-25,2026-07-01,Converted,Deal closed successfully.,1
L00037,Meera Rao,meera.rao37@novaenterpri.com,+91-9936957089,Nova Enterprises,Retail,100.0,Founder,Chennai,Organic Search,,Add-on Module,5L+,3.0,9.0,2.0,Yes,2.0,1.0,0.0,1.0,25.9,2.0,0.0,2025-05-04,2025-08-04,Converted,"Client signed the contract, deal won!",1
L00745,Amit Kulkarni,amit.kulkarni745@nimbusventur.com,,Nimbus Ventures,Media,500.0,Operations Manager,Ahmedabad,PPC,CMP-213,Starter Plan,unknown,3.0,4.0,0.0,,4.0,2.0,1.0,5.0,,2.0,1.0,2025-01-29,2025-05-12,Converted,"Great call, moving to won.",1
L01128,Sanjay Kulkarni,sanjay.kulkarni1128@abcsoftware.com,+91-9788748595,ABC Software,Real Estate,100.0,Marketing Manager,Hyderabad,Email,CMP-172,Add-on Module,50k-1L,2.0,7.0,0.0,Yes,2.0,2.0,3.0,2.0,17.7,1.0,3.0,2025-06-15,2025-10-01,Demo Scheduled,Waiting on demo.,
L01035,Neha Joshi,neha.joshi1035@novanetworks.com,+91-9992521833,Nova Networks,,50.0,IT Manager,Chennai,Google Ads,CMP-997,Enterprise Plan,1L-5L,4.0,9.0,2.0,No,2.0,1.0,1.0,1.0,7.7,1.0,0.0,2025-06-23,2025-08-21,Converted,"Great call, moving to won.",1
L00518,Arjun Rao,arjun.rao518@abcglobal.com,+91-9692055432,ABC Global,Media,25.0,Founder,Ahmedabad,Email Campaign,CMP-494,Starter Plan,NA,4.0,7.0,1.0,No,5.0,2.0,0.0,1.0,14.5,1.0,1.0,2025-05-23,2025-09-05,Lost,"Budget cut, deal lost.",0
L00373,Rahul Verma,rahul.verma373@novasystems.com,+91-9360536858,Nova Systems,Media,25.0,IT Manager,Bangalore,Website,,Growth Plan,<10k,9.0,11.0,0.0,Yes,1.0,0.0,1.0,2.0,10.6,1.0,1.0,2025-07-27,2025-10-14,Converted,"Great call, moving to won.",1
L00046,Arjun Joshi,arjun.joshi46@vertexindust.com,+91-9507257137,Vertex Industries,Healthcare,250.0,Sales Manager,Delhi,Ads,CMP-401,Growth Plan,10k-50k,2.0,4.0,1.0,N,0.0,1.0,1.0,4.0,6.9,0.0,0.0,2025-12-22,2026-03-29,Converted,"Client signed the contract, deal won!",1
L00477,Sneha Verma,sneha.verma477@alphaindustr.com,+91-9461597398,Alpha Industries,SaaS,1000.0,Operations Manager,Remote,Organic,,Growth Plan,<10k,5.0,9.0,1.0,No,4.0,2.0,0.0,2.0,19.1,1.0,0.0,2024-09-05,2024-09-28,Lost,"Lead went cold, marking lost.",0
L00158,Neha Iyer,neha.iyer158@primenetwork.com,+91-9773981105,Prime Networks,Retail,100.0,Founder,Remote,referral,,Add-on Module,1L-5L,2.0,7.0,1.0,No,2.0,0.0,0.0,0.0,17.6,4.0,2.0,2025-06-19,2025-10-03,Converted,Deal closed successfully.,1
L01092,Suresh Kulkarni,suresh.kulkarni1092@novaventures.com,+91-9263393209,Nova Ventures,SaaS,250.0,VP Sales,Kolkata,Email,CMP-766,Growth Plan,1L-5L,3.0,8.0,0.0,Yes,3.0,3.0,0.0,1.0,9.4,1.0,1.0,2026-01-20,2026-04-25,Converted,"Client signed the contract, deal won!",1
L00172,Arjun Joshi,arjun.joshi172@orbitsolutio.com,+91-9175476802,Orbit Solutions,Education,5.0,Operations Manager,Chennai,Email,CMP-615,Growth Plan,,7.0,12.0,1.0,No,0.0,3.0,1.0,5.0,,3.0,0.0,2026-04-27,2026-07-18,Lost,"No response, closing as lost.",0
L00017,Manoj Patel,manoj.patel17@orbitnetwork.com,+91-9399784744,Orbit Networks,Healthcare,250.0,CEO,Hyderabad,Email,CMP-225,Starter Plan,NA,1.0,3.0,0.0,No,0.0,2.0,0.0,1.0,0.0,0.0,1.0,2025-11-28,2025-12-10,Converted,"Client signed the contract, deal won!",1
L00512,Kavya Das,kavya.das512@novanetworks.com,+91-9491919602,Nova Networks,Retail,5.0,IT Manager,Ahmedabad,FB/Insta,,Enterprise Plan,5L+,4.0,10.0,1.0,No,5.0,2.0,1.0,1.0,10.9,2.0,0.0,2025-10-17,2025-12-22,Lost,"No response, closing as lost.",0
L00049,Rahul Singh,rahul.singh49@summitenterp.com,+91-9475968957,Summit Enterprises,Finance,5.0,VP Sales,Delhi,Social,,Add-on Module,10k-50k,5.0,5.0,2.0,No,2.0,1.0,1.0,1.0,6.7,2.0,0.0,2024-04-25,2024-07-26,Lost,"Lead went cold, marking lost.",0
L00192,Rahul Singh,rahul.singh192@vertexlabs.com,+91-9369969788,Vertex Labs,Media,1000.0,Marketing Manager,Mumbai,Referral,,Growth Plan,unknown,6.0,9.0,4.0,Yes,1.0,0.0,0.0,3.0,22.2,3.0,2.0,2025-04-08,2025-05-27,Converted,Deal closed successfully.,1
L00547,Kavya Gupta,kavya.gupta547@brightlabs.com,+91-9710492500,Bright Labs,Retail,5.0,CEO,Mumbai,organic search,,Enterprise Plan,<10k,2.0,3.0,0.0,Yes,5.0,2.0,2.0,5.0,17.3,0.0,0.0,2024-08-28,2024-11-13,Lost,"No response, closing as lost.",0
L00516,Amit Gupta,amit.gupta516@vertexindust.com,+91-9857919565,Vertex Industries,Logistics,25.0,CEO,Hyderabad,social media,,Growth Plan,10k-50k,4.0,7.0,1.0,Yes,1.0,2.0,2.0,2.0,24.6,3.0,0.0,2026-05-19,2026-08-16,Converted,Deal closed successfully.,1
L00659,Rajesh Gupta,rajesh.gupta659@orbittechnol.com,+91-9535162214,Orbit Technologies,E-commerce,500.0,Director,Jaipur,Ads,CMP-141,Enterprise Plan,1L-5L,7.0,10.0,1.0,Yes,1.0,1.0,2.0,1.0,3.0,1.0,0.0,2024-07-01,2024-09-11,Contacted,Sent pricing info.,
L01025,Isha Das,isha.das1025@abcsystems.com,+91-9701968958,ABC Systems,Media,10.0,Operations Manager,Mumbai,Social,,Add-on Module,10k-50k,3.0,9.0,1.0,,1.0,0.0,0.0,2.0,17.0,1.0,0.0,2025-03-27,2025-05-26,Converted,"Great call, moving to won.",1
L00829,Rajesh Verma,rajesh.verma829@nimbusnetwor.com,+91-9652287703,Nimbus Networks,Logistics,1000.0,Founder,Mumbai,Email,CMP-693,Starter Plan,<10k,4.0,7.0,0.0,No,2.0,1.0,0.0,0.0,12.7,4.0,2.0,2024-07-20,2024-09-11,Lost,"No response, closing as lost.",0
L01048,Suresh Kulkarni,,+91-9110256460,Nimbus Industries,SaaS,100.0,Operations Manager,Pune,email campaign,CMP-827,Starter Plan,<10k,5.0,9.0,1.0,Yes,2.0,1.0,1.0,1.0,8.5,0.0,1.0,2024-06-27,2024-09-22,Converted,Deal closed successfully.,1
L00481,Meera Kulkarni,meera.kulkarni481@vertextechno.com,+91-9667427125,Vertex Technologies,Finance,25.0,Procurement Head,Mumbai,Web,,Add-on Module,5L+,2.0,4.0,0.0,No,2.0,1.0,2.0,1.0,0.6,1.0,2.0,2025-09-14,2025-12-09,Lost,"Lead went cold, marking lost.",0
L00960,Neha Nair,neha.nair960novasolution.com,+91-9656903531,Nova Solutions,Media,50.0,Operations Manager,Bangalore,organic search,,Enterprise Plan,,3.0,5.0,0.0,Yes,1.0,0.0,0.0,1.0,,2.0,2.0,2024-06-14,2024-07-12,Converted,Deal closed successfully.,1
L01176,Manoj Mehta,manoj.mehta1176@abcsolutions.com,+91-9590456368,ABC Solutions,Healthcare,5.0,IT Manager,Kolkata,paid ads,CMP-770,Starter Plan,<10k,2.0,6.0,1.0,no,1.0,1.0,2.0,2.0,4.4,1.0,1.0,2025-11-01,2025-12-08,Lost,"Lead went cold, marking lost.",0
L00284,Rohan Das,rohan.das284novaindustri.com,+91-9784716051,Nova Industries,Media,250.0,CEO,Kolkata,WEBSITE,,Add-on Module,10k-50k,7.0,11.0,3.0,Yes,3.0,1.0,0.0,1.0,5.2,1.0,0.0,2025-03-26,2025-05-26,Proposal,,
L01074,Manoj Mehta,manoj.mehta1074@novaenterpri.com,+91-9809675337,Nova Enterprises,Retail,50.0,Sales Manager,Pune,Social Media,,Enterprise Plan,1L-5L,6.0,10.0,2.0,Yes,2.0,1.0,0.0,1.0,3.9,0.0,0.0,2025-08-08,2025-09-06,Converted,Deal closed successfully.,1
L00798,Manoj Reddy,manoj.reddy798@nimbusindust.com,+91-9747173471,Nimbus Industries,Real Estate,10.0,Procurement Head,Mumbai,Paid Ads,CMP-227,Add-on Module,unknown,7.0,11.0,4.0,No,4.0,1.0,1.0,1.0,10.0,1.0,1.0,2026-05-10,2026-08-28,Converted,"Client signed the contract, deal won!",1
L09005,Priya Verma,PRIYA.VERMA647@VERTEXSOLUTI.COM,+91-9460292290,Vertex Solutions,SaaS,500.0,Procurement Head,Jaipur,Social Media,,Enterprise Plan,<10k,2.0,4.0,0.0,No,4.0,1.0,0.0,0.0,8.4,0.0,1.0,2024-06-29,2024-09-18,Lost,"Budget cut, deal lost.",0
L00226,Rohan Kulkarni,rohan.kulkarni226@blueenterpri.com,+91-9575581357,Blue Enterprises,Logistics,250.0,VP Sales,Mumbai,email campaign,CMP-659,Enterprise Plan,50k-1L,5.0,6.0,0.0,No,2.0,0.0,1.0,4.0,7.6,2.0,0.0,2025-05-08,2025-08-31,Lost,"Lead went cold, marking lost.",0
L00027,Rahul Reddy,rahul.reddy27@novatechnolo.com,+91-9359554466,Nova Technologies,SaaS,500.0,CEO,Pune,PPC,CMP-139,Starter Plan,10k-50k,5.0,7.0,1.0,Yes,3.0,2.0,1.0,4.0,13.0,3.0,1.0,2025-05-30,2025-08-26,Proposal,,
L00283,Priya Iyer,priya.iyer283@brighttechno.com,+91-9240606958,Bright Technologies,Finance,25.0,Marketing Manager,Hyderabad,referral,,Enterprise Plan,10k-50k,6.0,9.0,1.0,No,3.0,1.0,2.0,4.0,8.5,2.0,2.0,2024-07-03,2024-10-04,Lost,"Budget cut, deal lost.",0
L01197,Rajesh Patel,rajesh.patel1197@nimbussoluti.com,+91-9120743425,Nimbus Solutions,E-commerce,-10.0,Operations Manager,Kolkata,Organic,,Starter Plan,<10k,4.0,7.0,3.0,yes,2.0,1.0,1.0,3.0,30.9,0.0,1.0,2025-07-24,2025-10-31,Converted,Deal closed successfully.,1
L00438,Ritu Das,ritu.das438@abctechnolog.com,+91-9128157802,ABC Technologies,Retail,1000.0,CEO,Ahmedabad,Referal,,Growth Plan,50k-1L,4.0,10.0,1.0,Yes,3.0,2.0,1.0,1.0,1.6,1.0,0.0,2024-01-26,2024-05-02,Converted,"Great call, moving to won.",1
L00964,Priya Verma,priya.verma964@brightglobal.com,+91-9640409563,Bright Global,Education,500.0,VP Sales,Remote,Organic Search,,Growth Plan,10k-50k,1.0,3.0,0.0,Yes,3.0,1.0,0.0,3.0,8.5,2.0,2.0,2025-01-02,2025-04-27,Converted,"Client signed the contract, deal won!",1
L00365,Priya Joshi,priya.joshi365@vertexlabs.com,+91-9243268291,Vertex Labs,Healthcare,500.0,Founder,Chennai,Referal,,Add-on Module,<10k,6.0,7.0,1.0,N,1.0,3.0,1.0,3.0,2.9,1.0,0.0,2026-06-24,2026-08-31,Lost,"No response, closing as lost.",0
L00230,Priya Rao,priya.rao230@summitindust.com,+91-9164760155,Summit Industries,Retail,10.0,Director,Kolkata,Paid Ads,CMP-611,Starter Plan,10k-50k,0.0,0.0,0.0,No,3.0,0.0,3.0,4.0,,1.0,1.0,2025-04-27,2025-08-23,Lost,"Lead went cold, marking lost.",0
L00038,Vikram Gupta,vikram.gupta38@abclabs.com,+91-9471137422,ABC Labs,SaaS,250.0,CEO,Kolkata,PPC,CMP-652,Add-on Module,5L+,4.0,12.0,0.0,Yes,3.0,2.0,1.0,3.0,74.7,3.0,0.0,2024-03-09,2024-04-05,Converted,Deal closed successfully.,1
L00670,Divya Gupta,divya.gupta670@novanetworks.com,+91-9593059835,Nova Networks,E-commerce,25.0,Director,Delhi,website,,Growth Plan,1L-5L,4.0,6.0,0.0,No,1.0,2.0,1.0,1.0,12.3,2.0,0.0,2025-09-28,2025-10-23,Lost,"Budget cut, deal lost.",0
L00750,Rohan Das,rohan.das750@nimbustechno.com,+91-9679247440,Nimbus Technologies,SaaS,5.0,Director,Pune,web site,,Enterprise Plan,10k-50k,3.0,8.0,2.0,No,2.0,2.0,2.0,3.0,13.4,2.0,0.0,2024-12-19,2025-01-24,Lost,"Budget cut, deal lost.",0
L09002,Pooja Gupta,POOJA.GUPTA85@ALPHATECHNOL.COM,+91-9350332070,Alpha Technologies,Real Estate,250.0,Operations Manager,Jaipur,email campaign,CMP-619,Add-on Module,10000-50000,10.0,15.0,6.0,No,3.0,0.0,2.0,3.0,2.7,2.0,0.0,2026-04-30,2026-08-04,Converted,"Client signed the contract, deal won!",1
L00375,Sneha Rao,sneha.rao375@primeenterpr.com,,Prime Enterprises,Education,5.0,Founder,Remote,Email,CMP-414,Growth Plan,50k-1L,4.0,7.0,0.0,No,1.0,2.0,2.0,2.0,3.0,1.0,4.0,2025-03-27,2025-06-12,Lost,"Budget cut, deal lost.",0
L00470,Ritu Gupta,ritu.gupta470@orbitsystems.com,+91-9811047039,Orbit Systems,Retail,250.0,CEO,Pune,Email,CMP-619,Growth Plan,<10k,4.0,10.0,1.0,No,1.0,0.0,0.0,1.0,4.1,4.0,0.0,2025-03-28,2025-07-19,Lost,"Budget cut, deal lost.",0
L00883,Ritu Kapoor,ritu.kapoor883@nimbustechno.com,+91-9736486735,Nimbus Technologies,Manufacturing,100.0,Marketing Manager,Remote,Referal,,Starter Plan,10k-50k,6.0,11.0,2.0,yes,3.0,1.0,1.0,1.0,,2.0,1.0,2025-06-16,2025-07-10,Converted,Deal closed successfully.,1
L01069,Vikram Iyer,vikram.iyer1069@vertexnetwor.com,,Vertex Networks,Media,5.0,Sales Manager,Mumbai,Google Ads,CMP-729,Starter Plan,<10k,2.0,4.0,0.0,No,0.0,2.0,0.0,3.0,2.8,1.0,0.0,2026-05-01,2026-07-23,Lost,"Lead went cold, marking lost.",0
L09003,Pooja Mehta,POOJA.MEHTA458@BLUESYSTEMS.COM,+91-9932306097,Blue Systems,Finance,100.0,Marketing Manager,Kolkata,SEO,,Add-on Module,10000-50000,8.0,12.0,2.0,Yes,2.0,2.0,1.0,1.0,19.5,5.0,0.0,2024-02-25,2024-05-07,Demo Scheduled,,
L00688,Pooja Kapoor,pooja.kapoor688@summitsystem.com,+91-9627496760,Summit Systems,SaaS,5.0,Marketing Manager,Delhi,PPC,CMP-745,Add-on Module,<10k,3.0,6.0,0.0,No,4.0,2.0,3.0,1.0,25.1,6.0,0.0,2024-02-26,2024-03-20,Lost,"Budget cut, deal lost.",0
L00033,Rahul Gupta,rahul.gupta33@nimbusnetwor.com,+91-9561338040,Nimbus Networks,Real Estate,100.0,Marketing Manager,Delhi,website,,Enterprise Plan,<10k,6.0,8.0,1.0,No,4.0,1.0,2.0,2.0,1.9,0.0,1.0,2024-02-16,2024-06-06,Converted,"Client signed the contract, deal won!",1
L00640,Karan Kapoor,karan.kapoor640@novasystems.com,+91-9509192497,Nova Systems,E-commerce,1000.0,Operations Manager,Delhi,Email Campaign,CMP-366,Enterprise Plan,10k-50k,4.0,7.0,1.0,No,2.0,2.0,1.0,0.0,1.0,5.0,1.0,2025-03-17,2025-06-06,Converted,Deal closed successfully.,1
L00518,Arjun Rao,arjun.rao518@abcglobal.com,+91-9692055432,ABC Global,Media,25.0,Founder,Ahmedabad,Email Campaign,CMP-494,Starter Plan,NA,4.0,7.0,1.0,No,5.0,2.0,0.0,1.0,14.5,1.0,1.0,2025-05-23,2025-09-05,Lost,"Budget cut, deal lost.",0
L00195,Karan Iyer,karan.iyer195@abcsolutions.com,+91-9842692206,ABC Solutions,Retail,100.0,Sales Manager,Delhi,Email Campaign,CMP-409,Growth Plan,<10k,5.0,9.0,1.0,,1.0,2.0,3.0,1.0,12.8,1.0,1.0,2024-07-15,2024-10-01,Qualified,Follow-up scheduled.,
L01152,Suresh Singh,,+91-9330327656,ABC Labs,Retail,250.0,Operations Manager,Bangalore,web site,,Enterprise Plan,50k-1L,3.0,6.0,1.0,No,2.0,0.0,1.0,0.0,15.0,1.0,0.0,2026-06-04,2026-09-23,Lost,"Budget cut, deal lost.",0
L01160,Kavya Singh,kavya.singh1160@primenetwork.com,+91-9127056293,Prime Networks,Logistics,25.0,Procurement Head,Bangalore,referral,,Growth Plan,1L-5L,6.0,8.0,1.0,N,0.0,1.0,1.0,3.0,13.3,0.0,0.0,2025-09-14,2025-11-01,Lost,"Budget cut, deal lost.",0
L00896,Pooja Rao,pooja.rao896@abctechnolog.com,+91-9310947519,ABC Technologies,SaaS,1000.0,Operations Manager,Mumbai,web site,,Growth Plan,50k-1L,2.0,3.0,1.0,Yes,1.0,0.0,1.0,1.0,4.5,2.0,0.0,2025-01-05,2025-04-27,New,Waiting on demo.,
L00504,Meera Verma,meera.verma504@summitenterp.com,+91-9154420497,Summit Enterprises,Finance,-10.0,IT Manager,Kolkata,social media,,Add-on Module,50k-1L,5.0,11.0,1.0,,3.0,1.0,1.0,1.0,42.3,0.0,1.0,2024-02-26,2024-06-23,Lost,"No response, closing as lost.",0
L00916,Isha Nair,isha.nair916@brightenterp.com,+91-9558265223,Bright Enterprises,Manufacturing,25.0,VP Sales,Delhi,Organic Search,,Starter Plan,1L-5L,5.0,5.0,3.0,No,2.0,2.0,2.0,3.0,6.0,1.0,3.0,2024-10-06,2025-01-07,Converted,"Great call, moving to won.",1
L09500,,,,,,,,,,,,,,,,,,,,,,,,,,,,
L01134,Arjun Joshi,arjun.joshi1134@orbitsoftwar.com,+91-9584507702,Orbit Software,Media,50.0,IT Manager,Jaipur,SEO,,Starter Plan,10k-50k,5.0,9.0,0.0,No,1.0,1.0,0.0,3.0,27.0,4.0,1.0,2025-11-05,2025-12-05,Converted,"Great call, moving to won.",1
L00801,Rajesh Kapoor,rajesh.kapoor801@primeindustr.com,+91-9951105902,Prime Industries,E-commerce,250.0,Marketing Manager,Ahmedabad,Email,CMP-349,Growth Plan,50k-1L,8.0,12.0,4.0,Yes,2.0,0.0,1.0,2.0,34.4,1.0,1.0,2026-02-20,2026-05-05,Lost,"No response, closing as lost.",0
L00161,Divya Iyer,divya.iyer161@summitsystem.com,+91-9943001511,Summit Systems,Media,25.0,Procurement Head,Pune,website,,Add-on Module,10k-50k,1.0,4.0,1.0,No,4.0,2.0,0.0,2.0,20.8,2.0,0.0,2024-01-10,2024-04-15,Lost,"Lead went cold, marking lost.",0
L00957,Divya Das,divya.das957@primeindustr.com,+91-9597713990,Prime Industries,Manufacturing,50.0,IT Manager,Delhi,Email Campaign,CMP-688,Growth Plan,1L-5L,3.0,3.0,2.0,No,0.0,2.0,2.0,4.0,6.4,2.0,0.0,2024-11-10,2024-12-09,Converted,Deal closed successfully.,1
L00822,Vikram Joshi,vikram.joshi822@abcsolutions.com,+91-9124338847,ABC Solutions,Finance,25.0,CEO,Jaipur,social media,,Add-on Module,NA,8.0,11.0,3.0,No,0.0,1.0,3.0,3.0,1.6,1.0,1.0,2025-07-18,2025-11-10,Converted,"Client signed the contract, deal won!",1
L01062,Isha Iyer,isha.iyer1062@alphaindustr.com,,Alpha Industries,SaaS,1000.0,Director,Jaipur,Organic,,Growth Plan,50k-1L,2.0,6.0,0.0,no,2.0,2.0,0.0,1.0,,1.0,1.0,2025-08-09,2025-09-07,Converted,"Great call, moving to won.",1
L00878,Amit Verma,amit.verma878@novasolution.com,+91-9911336174,Nova Solutions,Finance,25.0,Business Analyst,Kolkata,Organic Search,,Starter Plan,unknown,4.0,8.0,3.0,yes,3.0,1.0,1.0,0.0,,0.0,1.0,2025-03-10,2025-06-23,Converted,"Great call, moving to won.",1
L00914,Rajesh Nair,rajesh.nair914@summitnetwor.com,,Summit Networks,Healthcare,25.0,Business Analyst,Jaipur,Referal,,Add-on Module,<10k,7.0,9.0,3.0,No,0.0,1.0,3.0,4.0,4.7,0.0,1.0,2026-05-31,2026-07-23,New,Follow-up scheduled.,
L00153,Isha Verma,isha.verma153@primesystems.com,,Prime Systems,SaaS,5.0,Sales Manager,Ahmedabad,Referral,,Starter Plan,10k-50k,4.0,4.0,1.0,Y,3.0,1.0,1.0,2.0,4.3,1.0,1.0,2024-01-27,2024-04-29,Converted,"Client signed the contract, deal won!",1
L01143,Arjun Kapoor,arjun.kapoor1143@novaglobal.com,+91-9137126424,Nova Global,Logistics,100.0,Marketing Manager,Delhi,social media,,Starter Plan,50k-1L,5.0,8.0,2.0,Yes,4.0,2.0,1.0,2.0,0.8,4.0,2.0,2024-01-10,2024-04-03,Converted,"Client signed the contract, deal won!",1
L00510,Vikram Nair,vikram.nair510@alphaenterpr.com,+91-9935509835,Alpha Enterprises,Real Estate,250.0,Procurement Head,Chennai,paid ads,CMP-834,Starter Plan,10k-50k,4.0,4.0,1.0,No,2.0,2.0,0.0,0.0,0.3,1.0,0.0,2025-04-12,2025-06-12,Lost,"Budget cut, deal lost.",0
L01049,Meera Sharma,meera.sharma1049@vertexventur.com,+91-9337634624,Vertex Ventures,SaaS,500.0,Founder,Chennai,Social Media,,Add-on Module,10000-50000,4.0,15.0,1.0,Yes,2.0,1.0,1.0,2.0,10.5,0.0,0.0,2025-07-02,2025-08-17,Converted,"Client signed the contract, deal won!",1
L00104,Priya Patel,priya.patel104@orbitnetwork.com,+91-9373280620,Orbit Networks,Retail,10.0,VP Sales,Kolkata,WEBSITE,,Growth Plan,10000-50000,3.0,5.0,2.0,,6.0,1.0,1.0,2.0,5.8,4.0,1.0,2026-02-18,2026-03-09,Converted,"Great call, moving to won.",1
L00587,Anjali Singh,anjali.singh587@bluesolution.com,+91-9367698916,Blue Solutions,Education,250.0,CEO,Chennai,Social Media,,Starter Plan,1L-5L,4.0,9.0,1.0,Yes,1.0,3.0,0.0,0.0,2.5,0.0,2.0,2025-02-07,2025-05-08,Converted,Deal closed successfully.,1
L01106,Arjun Gupta,arjun.gupta1106@zenithlabs.com,+91-9363315836,Zenith Labs,Finance,10.0,Marketing Manager,Pune,PPC,CMP-979,Starter Plan,50k-1L,5.0,6.0,1.0,Yes,3.0,0.0,1.0,4.0,35.5,1.0,0.0,2024-05-26,2024-06-19,Converted,"Client signed the contract, deal won!",1
L00054,Kavya Sharma,kavya.sharma54@orbitsystems.com,,Orbit Systems,Logistics,5.0,VP Sales,Bangalore,social media,,Add-on Module,<10k,5.0,8.0,1.0,no,2.0,1.0,0.0,2.0,3.5,1.0,2.0,2024-10-10,2024-10-12,Lost,"Lead went cold, marking lost.",0
L00152,Anjali Iyer,anjali.iyer152@alphaventure.com,+91-9425910277,Alpha Ventures,,10.0,IT Manager,Remote,Website,,Growth Plan,50k-1L,2.0,8.0,0.0,No,2.0,1.0,1.0,2.0,9.3,2.0,1.0,2025-03-08,2025-04-29,Lost,"Lead went cold, marking lost.",0
L00404,Vikram Verma,vikram.verma404@novatechnolo.com,+91-9588960165,Nova Technologies,Retail,25.0,Director,Chennai,Email,CMP-818,Enterprise Plan,10k-50k,3.0,5.0,0.0,No,3.0,2.0,1.0,4.0,15.4,2.0,1.0,2026-07-21,2026-10-21,Proposal,Waiting on demo.,
L00208,Amit Kapoor,amit.kapoor208@blueenterpri.com,+91-9235714164,Blue Enterprises,Healthcare,5.0,Founder,Delhi,FB/Insta,,Add-on Module,1L-5L,4.0,9.0,0.0,No,2.0,1.0,2.0,4.0,10.4,1.0,1.0,2026-01-13,2026-04-16,Lost,"Budget cut, deal lost.",0
L01182,Priya Patel,priya.patel1182@nimbusventur.com,+91-9244529933,Nimbus Ventures,SaaS,1000.0,IT Manager,Kolkata,Organic Search,,Add-on Module,10k-50k,4.0,8.0,0.0,No,3.0,2.0,1.0,0.0,19.4,2.0,0.0,2025-04-13,2025-06-30,Converted,"Great call, moving to won.",1
L00009,Suresh Verma,suresh.verma9@summitlabs.com,+91-9803164630,Summit Labs,E-commerce,50.0,Business Analyst,Pune,Referral,,Enterprise Plan,10k-50k,3.0,9.0,1.0,No,3.0,2.0,1.0,2.0,16.2,1.0,0.0,2025-11-27,2026-03-14,Lost,"No response, closing as lost.",0
L01015,Neha Joshi,neha.joshi1015@bluetechnolo.com,+91-9892772624,Blue Technologies,,100.0,VP Sales,Pune,Email,CMP-265,Starter Plan,50k-1L,6.0,8.0,2.0,No,3.0,1.0,1.0,2.0,2.8,3.0,0.0,2025-04-20,2025-08-11,Converted,"Great call, moving to won.",1
L00453,Manoj Joshi,manoj.joshi453@nimbustechno.com,+91-9106757432,Nimbus Technologies,E-commerce,50.0,Business Analyst,Pune,SEO,,Enterprise Plan,<10k,7.0,11.0,5.0,no,2.0,0.0,2.0,1.0,,1.0,1.0,2026-06-09,2026-08-09,Demo Scheduled,,
L00254,Suresh Joshi,suresh.joshi254@orbitventure.com,+91-9846980770,Orbit Ventures,Media,500.0,Operations Manager,Chennai,email campaign,CMP-362,Enterprise Plan,50k-1L,5.0,8.0,0.0,Yes,1.0,2.0,0.0,1.0,6.0,0.0,0.0,2025-02-23,2025-06-21,Converted,Deal closed successfully.,1
L00897,Rahul Kulkarni,rahul.kulkarni897@nimbusindust.com,+91-9675678040,Nimbus Industries,Education,500.0,IT Manager,Bangalore,social media,,Starter Plan,<10k,8.0,10.0,2.0,No,0.0,2.0,0.0,4.0,1.6,4.0,0.0,2025-02-05,2025-02-11,Converted,"Client signed the contract, deal won!",1
L01094,Sneha Nair,sneha.nair1094@novanetworks.com,+91-9131756229,Nova Networks,Retail,250.0,CEO,Bangalore,FB/Insta,,Enterprise Plan,1L-5L,4.0,7.0,1.0,yes,5.0,3.0,0.0,1.0,8.1,1.0,0.0,2026-01-30,2026-04-05,Converted,Deal closed successfully.,1
L00881,Sanjay Iyer,sanjay.iyer881@summitindust.com,,Summit Industries,SaaS,250.0,Director,Jaipur,Referal,,Growth Plan,50k-1L,3.0,5.0,1.0,No,4.0,2.0,2.0,1.0,0.9,2.0,0.0,2025-05-29,2025-06-28,Proposal,Sent pricing info.,
L01180,Ritu Joshi,ritu.joshi1180@orbitventure.com,+91-9946535557,Orbit Ventures,Logistics,500.0,Founder,Remote,FB/Insta,,Growth Plan,10k-50k,5.0,8.0,4.0,no,1.0,3.0,2.0,1.0,13.3,1.0,1.0,2024-02-29,2024-06-02,Lost,"Budget cut, deal lost.",0
L00624,Sanjay Kulkarni,sanjay.kulkarni624@nimbuslabs.com,+91-9842089048,Nimbus Labs,Finance,500.0,IT Manager,Kolkata,Email,CMP-138,Growth Plan,1L-5L,2.0,5.0,0.0,Yes,2.0,1.0,0.0,2.0,2.6,0.0,2.0,2024-10-17,2024-12-01,Converted,"Great call, moving to won.",1
L00346,Rohan Gupta,rohan.gupta346@summitnetwor.com,+91-9297008797,Summit Networks,Media,100.0,VP Sales,Bangalore,organic search,,Enterprise Plan,50k-1L,2.0,6.0,0.0,yes,1.0,2.0,0.0,1.0,3.0,2.0,2.0,2025-12-22,2026-04-08,Converted,Deal closed successfully.,1
L01075,Sanjay Rao,sanjay.rao1075@vertexsoftwa.com,+91-9265426003,Vertex Software,Healthcare,50.0,Operations Manager,Hyderabad,referral,,Add-on Module,50k-1L,8.0,10.0,6.0,Yes,4.0,1.0,0.0,0.0,1.5,2.0,3.0,2026-06-03,2026-07-26,Converted,Deal closed successfully.,1
L00263,Neha Rao,neha.rao263@alphalabs.com,+91-9178318244,Alpha Labs,Retail,50.0,Director,Delhi,web site,,Starter Plan,1L-5L,5.0,9.0,2.0,No,2.0,1.0,0.0,5.0,4.8,1.0,0.0,2025-03-24,2025-05-20,Converted,"Client signed the contract, deal won!",1
L00151,Pooja Kapoor,pooja.kapoor151@vertexenterp.com,+91-9122743551,Vertex Enterprises,Retail,25.0,IT Manager,Chennai,Referal,,Add-on Module,1L-5L,5.0,8.0,1.0,No,1.0,1.0,1.0,4.0,9.4,3.0,0.0,2024-08-24,2024-10-13,New,Sent pricing info.,
L00473,Meera Kulkarni,meera.kulkarni473@xyzsoftware.com,+91-9839501423,XYZ Software,Finance,5.0,CEO,Pune,email campaign,CMP-689,Add-on Module,10k-50k,3.0,4.0,1.0,No,2.0,1.0,0.0,2.0,25.7,4.0,0.0,2024-04-09,2024-05-27,New,Waiting on demo.,
L00641,Ritu Nair,ritu.nair641@novaenterpri.com,+91-9471932102,Nova Enterprises,Education,100.0,Director,Jaipur,Referal,,Starter Plan,50k-1L,2.0,3.0,1.0,Yes,3.0,0.0,2.0,1.0,3.3,2.0,0.0,2026-06-22,2026-07-27,Converted,Deal closed successfully.,1
L09017,Amit Gupta,AMIT.GUPTA516@VERTEXINDUST.COM,+91-9857919565,Vertex Industries,Logistics,25.0,CEO,Hyderabad,social media,,Growth Plan,10k-50k,4.0,7.0,1.0,Yes,1.0,2.0,2.0,2.0,24.6,3.0,0.0,2026-05-27,2026-08-16,Converted,Deal closed successfully.,1
L01177,Sanjay Das,,+91-9137138045,Summit Enterprises,Healthcare,500.0,CEO,Jaipur,referral,,Add-on Module,10k-50k,5.0,12.0,1.0,No,2.0,0.0,1.0,2.0,16.0,3.0,0.0,2024-10-22,2025-01-18,Lost,"Budget cut, deal lost.",0
L00551,Pooja Verma,pooja.verma551@orbitsolutio.com,+91-9645592007,Orbit Solutions,Logistics,25.0,Operations Manager,Kolkata,Referal,,Starter Plan,<10k,5.0,8.0,2.0,No,0.0,1.0,1.0,1.0,13.8,0.0,0.0,2025-05-13,2025-06-20,Converted,Deal closed successfully.,1
L00929,Priya Patel,priya.patel929@zenithindust.com,+91-9826063873,Zenith Industries,Real Estate,25.0,Director,Hyderabad,Social Media,,Add-on Module,1L-5L,7.0,9.0,1.0,No,6.0,1.0,2.0,4.0,,2.0,0.0,2025-10-05,2025-12-03,Lost,"Lead went cold, marking lost.",0
L00489,Isha Gupta,isha.gupta489@novatechnolo.com,+91-9819274508,Nova Technologies,SaaS,10.0,Operations Manager,Remote,Organic Search,,Enterprise Plan,50k-1L,6.0,12.0,1.0,Yes,3.0,1.0,0.0,2.0,3.9,1.0,1.0,2025-11-10,2025-12-15,Converted,"Client signed the contract, deal won!",1
L09504,,,,,,,,,,,,,,,,,,,,,,,,,,,,
L00147,Pooja Das,pooja.das147@alphasoftwar.com,+91-9784308354,Alpha Software,Retail,500.0,VP Sales,Kolkata,FB/Insta,,Enterprise Plan,<10k,4.0,9.0,3.0,No,2.0,2.0,0.0,2.0,11.5,1.0,2.0,2025-06-20,2025-06-20,Converted,"Client signed the contract, deal won!",1
L00403,Sneha Sharma,,+91-9876803415,Orbit Ventures,Manufacturing,25.0,Marketing Manager,Kolkata,Social Media,,Starter Plan,10000-50000,3.0,10.0,1.0,Y,2.0,2.0,1.0,6.0,10.9,3.0,0.0,2025-05-29,2025-09-21,Lost,"No response, closing as lost.",0
L00955,Rohan Kapoor,rohan.kapoor955@summitnetwor.com,+91-9358371701,Summit Networks,,100.0,Operations Manager,Kolkata,email campaign,CMP-120,Growth Plan,50k-1L,6.0,7.0,1.0,No,1.0,1.0,1.0,1.0,1.1,2.0,1.0,2026-02-23,2026-06-02,Converted,"Client signed the contract, deal won!",1
L01172,Divya Gupta,divya.gupta1172@bluesolution.com,+91-9214796083,Blue Solutions,Logistics,-10.0,Founder,Mumbai,Paid Ads,CMP-915,Growth Plan,5L+,4.0,6.0,3.0,No,2.0,0.0,1.0,3.0,20.2,1.0,2.0,2024-09-04,2024-10-11,Converted,"Client signed the contract, deal won!",1
L00660,Suresh Iyer,suresh.iyer660@alphaindustr.com,+91-9324054590,Alpha Industries,SaaS,1000.0,IT Manager,Mumbai,Email,CMP-893,Growth Plan,50k-1L,4.0,6.0,2.0,Yes,1.0,2.0,0.0,6.0,18.8,0.0,0.0,2024-10-29,2024-11-07,Converted,Deal closed successfully.,1
L00464,Arjun Patel,arjun.patel464@brightsoftwa.com,+91-9700845193,Bright Software,E-commerce,100.0,Procurement Head,Jaipur,Organic,,Enterprise Plan,1L-5L,10.0,16.0,3.0,No,1.0,1.0,1.0,0.0,10.0,1.0,1.0,2026-03-25,2026-04-16,Converted,Deal closed successfully.,1
L00187,Ritu Kulkarni,ritu.kulkarni187summitsystem.com,+91-9880240450,Summit Systems,Media,100.0,Business Analyst,Delhi,Paid Ads,CMP-553,Enterprise Plan,<10k,5.0,8.0,1.0,No,1.0,1.0,1.0,5.0,,1.0,2.0,2024-04-09,2024-04-26,Converted,Deal closed successfully.,1
L00609,Amit Patel,amit.patel609@alphaventure.com,+91-9658214928,Alpha Ventures,Manufacturing,50.0,Sales Manager,Mumbai,organic search,,Add-on Module,50k-1L,1.0,3.0,0.0,Yes,2.0,1.0,0.0,5.0,17.2,3.0,0.0,2026-02-22,2026-04-04,Converted,"Client signed the contract, deal won!",1
L00144,Sneha Sharma,sneha.sharma144@orbitindustr.com,+91-9882287028,Orbit Industries,Healthcare,50.0,Business Analyst,Jaipur,Organic,,Enterprise Plan,<10k,6.0,9.0,1.0,No,4.0,1.0,2.0,5.0,3.1,3.0,1.0,2026-03-27,2026-06-08,Qualified,Sent pricing info.,
L00752,Neha Nair,neha.nair752@novasolution.com,+91-9723132050,Nova Solutions,Retail,50.0,Business Analyst,Jaipur,PPC,CMP-212,Growth Plan,10k-50k,0.0,2.0,0.0,No,1.0,1.0,1.0,5.0,,1.0,0.0,2025-08-24,2025-09-09,Proposal,Sent pricing info.,
L00982,Divya Singh,divya.singh982@nimbustechno.com,+91-9619672546,Nimbus Technologies,,500.0,Founder,Hyderabad,Social Media,,Growth Plan,NA,2.0,7.0,0.0,Yes,3.0,1.0,0.0,2.0,,1.0,0.0,2024-05-17,2024-05-20,Lost,"Budget cut, deal lost.",0
L00198,Sneha Reddy,sneha.reddy198@blueindustri.com,+91-9553381139,Blue Industries,SaaS,100.0,Marketing Manager,Bangalore,website,,Growth Plan,10k-50k,7.0,9.0,1.0,No,0.0,0.0,2.0,8.0,41.9,3.0,1.0,2025-11-16,2025-12-14,Lost,"Budget cut, deal lost.",0
L00884,Rohan Nair,rohan.nair884@nimbustechno.com,+91-9673920013,Nimbus Technologies,,50.0,Business Analyst,Ahmedabad,SEO,,Add-on Module,50k-1L,6.0,13.0,3.0,No,0.0,2.0,1.0,0.0,1.3,1.0,2.0,2024-10-25,2024-12-28,Converted,"Client signed the contract, deal won!",1
L00280,Priya Rao,priya.rao280@xyzsystems.com,+91-9759750085,XYZ Systems,E-commerce,1000.0,CEO,Remote,FB/Insta,,Starter Plan,50k-1L,4.0,9.0,2.0,No,2.0,2.0,0.0,2.0,,2.0,0.0,2026-04-18,2026-06-06,Converted,"Client signed the contract, deal won!",1
L00294,Suresh Nair,suresh.nair294@abcsoftware.com,+91-9250872656,ABC Software,Finance,1000.0,Marketing Manager,Delhi,email campaign,CMP-414,Starter Plan,1L-5L,4.0,10.0,1.0,No,2.0,0.0,2.0,3.0,0.9,0.0,1.0,2024-01-03,2024-03-31,Proposal,Sent pricing info.,
L01135,Vikram Nair,vikram.nair1135@primeenterpr.com,,Prime Enterprises,Healthcare,25.0,Sales Manager,Jaipur,organic search,,Growth Plan,<10k,3.0,7.0,1.0,no,1.0,1.0,0.0,0.0,7.6,1.0,1.0,2026-07-06,2026-09-10,Lost,"Lead went cold, marking lost.",0
L00401,Manoj Kapoor,manoj.kapoor401@orbitindustr.com,+91-9105588696,Orbit Industries,Logistics,250.0,Operations Manager,Pune,social media,,Starter Plan,1L-5L,3.0,6.0,1.0,No,4.0,0.0,0.0,2.0,14.2,1.0,0.0,2024-10-02,2024-10-30,Lost,"Budget cut, deal lost.",0
L00123,Neha Verma,neha.verma123@zenithsystem.com,+91-9529423462,Zenith Systems,Retail,25.0,Operations Manager,Delhi,Website,,Enterprise Plan,10k-50k,4.0,7.0,2.0,No,0.0,3.0,0.0,2.0,0.0,6.0,0.0,2025-10-05,2025-12-18,Lost,"Budget cut, deal lost.",0
L00203,Manoj Kapoor,manoj.kapoor203@abcsoftware.com,+91-9383230448,ABC Software,SaaS,10.0,CEO,Delhi,email campaign,CMP-428,Starter Plan,NA,-3.0,-1.0,0.0,No,0.0,1.0,2.0,5.0,9.8,4.0,0.0,2025-02-08,2025-02-22,Lost,"No response, closing as lost.",0
L00836,Pooja Sharma,pooja.sharma836@nimbussoftwa.com,+91-9283481938,Nimbus Software,SaaS,50.0,VP Sales,Bangalore,referral,,Add-on Module,50k-1L,7.0,10.0,3.0,No,2.0,1.0,1.0,3.0,6.2,1.0,2.0,2026-01-04,2026-02-20,Converted,"Client signed the contract, deal won!",1
L00247,Rajesh Iyer,rajesh.iyer247@nimbusglobal.com,+91-9485695460,Nimbus Global,Healthcare,1000.0,Marketing Manager,Delhi,referral,,Enterprise Plan,5L+,4.0,8.0,1.0,no,3.0,3.0,1.0,1.0,13.8,3.0,1.0,2024-06-19,2024-06-23,Converted,"Great call, moving to won.",1
L01187,Priya Gupta,priya.gupta1187@xyzglobal.com,+91-9125959713,XYZ Global,Retail,5.0,CEO,Hyderabad,Email Campaign,CMP-858,Growth Plan,10k-50k,4.0,4.0,1.0,N,0.0,0.0,3.0,3.0,7.2,2.0,1.0,2026-03-06,2026-05-20,Lost,"Lead went cold, marking lost.",0
L01175,Divya Singh,divya.singh1175@nimbussoftwa.com,+91-9706698920,Nimbus Software,Manufacturing,250.0,Marketing Manager,Kolkata,Social,,Enterprise Plan,10000-50000,2.0,8.0,0.0,No,4.0,1.0,2.0,1.0,8.3,3.0,0.0,2025-05-19,2025-09-04,Converted,"Great call, moving to won.",1
L00385,Rajesh Verma,rajesh.verma385@summitnetwor.com,+91-9196230835,Summit Networks,Real Estate,100.0,Procurement Head,Pune,Referral,,Enterprise Plan,50k-1L,4.0,6.0,2.0,Yes,3.0,1.0,0.0,3.0,4.0,1.0,1.0,2024-01-04,2024-04-23,Converted,Deal closed successfully.,1
L00855,Priya Verma,priya.verma855@orbitventure.com,+91-9989500579,Orbit Ventures,Manufacturing,25.0,IT Manager,Jaipur,Web,,Enterprise Plan,10k-50k,5.0,10.0,0.0,No,3.0,3.0,0.0,2.0,22.1,0.0,0.0,2026-06-24,2026-07-12,Contacted,Waiting on demo.,
L00220,Suresh Joshi,suresh.joshi220@brightsoftwa.com,+91-9379804533,Bright Software,Real Estate,500.0,Operations Manager,Mumbai,Referral,,Enterprise Plan,50k-1L,3.0,3.0,0.0,No,0.0,1.0,0.0,1.0,30.5,1.0,2.0,2025-02-19,2025-03-16,Lost,"No response, closing as lost.",0
L00642,Priya Mehta,priya.mehta642@xyzlabs.com,+91-9854786745,XYZ Labs,Finance,250.0,CEO,Kolkata,Organic,,Enterprise Plan,10k-50k,4.0,6.0,1.0,Yes,2.0,1.0,2.0,1.0,,0.0,1.0,2024-09-24,2024-11-16,Converted,"Great call, moving to won.",1
L00002,Vikram Joshi,vikram.joshi2@vertexventur.com,+91-9120440865,Vertex Ventures,E-commerce,500.0,Director,Mumbai,WEBSITE,,Enterprise Plan,1L-5L,1.0,6.0,0.0,Yes,1.0,1.0,1.0,0.0,30.6,3.0,0.0,2025-06-08,2025-08-02,Converted,Deal closed successfully.,1
L00113,Vikram Singh,vikram.singh113@novaglobal.com,+91-9869450614,Nova Global,SaaS,250.0,Sales Manager,Ahmedabad,WEBSITE,,Enterprise Plan,10k-50k,1.0,2.0,0.0,no,2.0,0.0,3.0,1.0,16.5,1.0,1.0,2024-08-18,2024-09-28,New,Waiting on demo.,
L00699,Arjun Patel,arjun.patel699@zenithventur.com,,Zenith Ventures,Healthcare,1000.0,IT Manager,Bangalore,Referral,,Enterprise Plan,1L-5L,3.0,7.0,1.0,No,2.0,1.0,3.0,3.0,35.7,1.0,2.0,2026-06-08,2026-07-22,Converted,"Great call, moving to won.",1
L00952,Arjun Gupta,arjun.gupta952@bluesoftware.com,+91-9487564611,Blue Software,Education,1000.0,Procurement Head,Chennai,social media,,Enterprise Plan,10k-50k,1.0,5.0,0.0,Yes,2.0,0.0,0.0,0.0,12.1,2.0,0.0,2025-05-17,2025-09-10,Lost,"Lead went cold, marking lost.",0
L01125,Arjun Nair,arjun.nair1125@novasolution.com,+91-9127675341,Nova Solutions,SaaS,1000.0,Business Analyst,Bangalore,Email Campaign,CMP-949,Add-on Module,NA,4.0,6.0,1.0,Yes,3.0,1.0,1.0,1.0,12.5,2.0,0.0,2024-03-04,2024-05-22,Converted,Deal closed successfully.,1
L00442,Meera Rao,meera.rao442@abctechnolog.com,+91-9964037334,ABC Technologies,Finance,100.0,Founder,Ahmedabad,referral,,Enterprise Plan,10k-50k,4.0,5.0,1.0,yes,3.0,2.0,0.0,1.0,0.5,0.0,1.0,2024-03-01,2024-03-13,Converted,Deal closed successfully.,1
L00664,Amit Sharma,amit.sharma664@nimbuslabs.com,+91-9122552551,Nimbus Labs,SaaS,25.0,Marketing Manager,Chennai,WEBSITE,,Starter Plan,5L+,7.0,11.0,2.0,No,3.0,1.0,1.0,0.0,8.2,1.0,0.0,2026-07-27,2026-09-26,Lost,"Budget cut, deal lost.",0
L01142,Manoj Gupta,manoj.gupta1142@vertexsoftwa.com,+91-9917503506,Vertex Software,Real Estate,-10.0,VP Sales,Ahmedabad,Referral,,Starter Plan,50k-1L,6.0,10.0,1.0,Yes,1.0,1.0,1.0,2.0,,2.0,0.0,2026-03-17,2026-05-08,Converted,"Client signed the contract, deal won!",1
L00318,Meera Verma,meera.verma318@primeindustr.com,+91-9905187073,Prime Industries,Manufacturing,250.0,VP Sales,Kolkata,paid ads,CMP-366,Add-on Module,<10k,8.0,13.0,3.0,No,1.0,1.0,2.0,3.0,1.3,1.0,2.0,2026-06-02,2026-07-20,Converted,Deal closed successfully.,1
L00649,Kavya Reddy,kavya.reddy649@novasystems.com,,Nova Systems,Retail,25.0,CEO,Jaipur,referral,,Growth Plan,10000-50000,5.0,7.0,1.0,,3.0,3.0,1.0,2.0,0.3,4.0,0.0,2024-03-11,2024-04-23,Demo Scheduled,Sent pricing info.,
L00710,Priya Joshi,priya.joshi710@brightindust.com,+91-9856204276,Bright Industries,Real Estate,5.0,Procurement Head,Delhi,FB/Insta,,Add-on Module,10k-50k,4.0,6.0,2.0,Y,3.0,1.0,0.0,0.0,8.5,1.0,0.0,2025-10-28,2025-11-23,Converted,"Client signed the contract, deal won!",1
L00973,Sneha Rao,sneha.rao973@alphasoftwar.com,,Alpha Software,Healthcare,1000.0,Director,Delhi,Email,CMP-960,Starter Plan,1L-5L,4.0,8.0,1.0,yes,2.0,1.0,1.0,2.0,9.5,0.0,0.0,2024-12-19,2025-02-15,New,Sent pricing info.,
L00628,Priya Singh,priya.singh628@orbitsoftwar.com,+91-9384764237,Orbit Software,Media,500.0,Operations Manager,Chennai,organic search,,Growth Plan,1L-5L,4.0,9.0,0.0,No,2.0,0.0,1.0,2.0,,1.0,2.0,2026-03-14,2026-05-27,Proposal,,
L00633,Sanjay Verma,sanjay.verma633@brightglobal.com,+91-9519242401,Bright Global,E-commerce,25.0,Business Analyst,Jaipur,Paid Ads,CMP-769,Enterprise Plan,50k-1L,2.0,8.0,0.0,N,3.0,2.0,0.0,3.0,1.0,1.0,0.0,2025-08-30,2025-10-03,Lost,"No response, closing as lost.",0
L00034,Divya Kulkarni,divya.kulkarni34@vertexsoluti.com,+91-9852620432,Vertex Solutions,Manufacturing,250.0,Marketing Manager,Kolkata,WEBSITE,,Growth Plan,50k-1L,7.0,12.0,2.0,Yes,1.0,0.0,3.0,0.0,2.8,0.0,0.0,2026-04-26,2026-07-21,Converted,"Client signed the contract, deal won!",1
L01164,Suresh Das,suresh.das1164@primenetwork.com,+91-9684304482,Prime Networks,Media,50.0,CEO,Chennai,Referral,,Growth Plan,10k-50k,7.0,12.0,2.0,No,3.0,1.0,2.0,3.0,0.6,1.0,0.0,2025-08-14,2025-08-30,Lost,"Lead went cold, marking lost.",0
L00796,Suresh Gupta,suresh.gupta796@vertexsoftwa.com,+91-9955598906,Vertex Software,Education,100.0,Business Analyst,Ahmedabad,referral,,Starter Plan,1L-5L,4.0,10.0,2.0,Yes,1.0,1.0,4.0,3.0,4.5,0.0,1.0,2025-02-23,2025-03-12,Converted,"Great call, moving to won.",1
L00646,Amit Iyer,amit.iyer646@vertexventur.com,+91-9544427515,Vertex Ventures,Logistics,5.0,IT Manager,Pune,Organic,,Starter Plan,<10k,6.0,7.0,0.0,Yes,1.0,0.0,0.0,0.0,8.7,1.0,0.0,2025-03-16,2025-06-03,Converted,"Client signed the contract, deal won!",1
L01013,Sneha Kulkarni,sneha.kulkarni1013@novatechnolo.com,+91-9285557589,Nova Technologies,Manufacturing,500.0,Founder,Delhi,Paid Ads,CMP-411,Starter Plan,1L-5L,3.0,9.0,2.0,No,6.0,1.0,0.0,1.0,23.5,0.0,2.0,2025-05-13,2025-06-14,Converted,"Client signed the contract, deal won!",1
L00557,Suresh Reddy,suresh.reddy557@alphatechnol.com,+91-9178345166,Alpha Technologies,Logistics,500.0,Founder,Delhi,Email,CMP-721,Growth Plan,50k-1L,4.0,6.0,3.0,yes,3.0,1.0,0.0,4.0,3.0,1.0,2.0,2025-05-08,2025-07-15,Converted,"Great call, moving to won.",1
L00682,Neha Das,neha.das682@blueventures.com,+91-9841836401,Blue Ventures,Retail,50.0,VP Sales,Jaipur,Google Ads,CMP-336,Enterprise Plan,10k-50k,3.0,7.0,2.0,no,4.0,1.0,0.0,3.0,31.0,2.0,4.0,2024-03-06,2024-05-07,New,Waiting on demo.,
L00578,Arjun Reddy,arjun.reddy578@zenithnetwor.com,+91-9735283665,Zenith Networks,Media,500.0,Marketing Manager,Delhi,Paid Ads,CMP-890,Starter Plan,50k-1L,3.0,6.0,1.0,No,0.0,1.0,1.0,2.0,4.5,5.0,0.0,2026-04-18,2026-05-12,Lost,"Lead went cold, marking lost.",0
L01110,Sanjay Kulkarni,sanjay.kulkarni1110@alphaenterpr.com,+91-9794392738,Alpha Enterprises,Real Estate,25.0,CEO,Bangalore,Web,,Enterprise Plan,10k-50k,2.0,8.0,0.0,yes,0.0,3.0,1.0,0.0,17.3,1.0,1.0,2025-10-23,2026-02-04,Lost,"Lead went cold, marking lost.",0
L00525,Sneha Rao,sneha.rao525@novaenterpri.com,+91-9958499955,Nova Enterprises,Healthcare,0.0,Business Analyst,Mumbai,social media,,Enterprise Plan,10k-50k,3.0,5.0,0.0,No,2.0,1.0,1.0,1.0,15.6,3.0,0.0,2026-06-17,2026-09-08,Lost,"Lead went cold, marking lost.",0
L01060,Rahul Gupta,rahul.gupta1060@brightsoftwa.com,,Bright Software,Media,10.0,Founder,Bangalore,SEO,,Enterprise Plan,10k-50k,2.0,3.0,2.0,yes,0.0,0.0,1.0,3.0,2.7,2.0,0.0,2024-03-08,2024-06-16,Converted,Deal closed successfully.,1
L00541,Suresh Verma,suresh.verma541@xyzsoftware.com,+91-9387863341,XYZ Software,Retail,10.0,Marketing Manager,Bangalore,SEO,,Enterprise Plan,5L+,7.0,9.0,3.0,No,0.0,3.0,1.0,0.0,8.2,2.0,0.0,2024-02-09,2024-05-24,Qualified,Waiting on demo.,
L00749,Neha Gupta,neha.gupta749@nimbusindust.com,+91-9169194893,Nimbus Industries,Retail,25.0,CEO,Ahmedabad,Social Media,,Starter Plan,10k-50k,3.0,6.0,1.0,No,3.0,2.0,2.0,1.0,7.4,2.0,1.0,2025-08-12,2025-08-20,Converted,"Client signed the contract, deal won!",1
L01156,Isha Kapoor,isha.kapoor1156@blueglobal.com,+91-9198111922,Blue Global,Media,250.0,Procurement Head,Pune,Website,,Enterprise Plan,5L+,4.0,7.0,0.0,No,2.0,0.0,0.0,0.0,7.5,1.0,2.0,2024-06-30,2024-10-20,Converted,Deal closed successfully.,1
L00485,Arjun Verma,arjun.verma485@zenithnetwor.com,+91-9748791462,Zenith Networks,Logistics,25.0,Sales Manager,Ahmedabad,SEO,,Enterprise Plan,10000-50000,3.0,4.0,1.0,no,2.0,2.0,0.0,1.0,4.7,3.0,1.0,2024-12-10,2025-02-11,Converted,Deal closed successfully.,1
L00096,Arjun Iyer,arjun.iyer96@alphaglobal.com,+91-9380288903,Alpha Global,Manufacturing,10.0,Business Analyst,Ahmedabad,paid ads,CMP-610,Starter Plan,1L-5L,2.0,3.0,1.0,No,1.0,1.0,1.0,2.0,11.6,4.0,0.0,2024-06-24,2024-08-03,Lost,"Lead went cold, marking lost.",0
L01021,Priya Reddy,priya.reddy1021abcindustrie.com,+91-9535911653,ABC Industries,Healthcare,500.0,Operations Manager,Chennai,social media,,Enterprise Plan,10k-50k,6.0,8.0,1.0,No,1.0,1.0,0.0,4.0,7.5,2.0,0.0,2025-10-22,2026-01-24,Lost,"Lead went cold, marking lost.",0
L00564,Sneha Kapoor,,+91-9254896921,Blue Industries,Manufacturing,50.0,VP Sales,Bangalore,Web,,Enterprise Plan,<10k,5.0,9.0,0.0,No,2.0,1.0,1.0,2.0,0.8,2.0,0.0,2024-03-07,2024-04-05,Lost,"Lead went cold, marking lost.",0
L00743,Arjun Joshi,arjun.joshi743@abcsystems.com,+91-9131870815,ABC Systems,Healthcare,5.0,Sales Manager,Remote,email campaign,CMP-259,Starter Plan,,4.0,7.0,2.0,No,1.0,3.0,1.0,0.0,5.3,2.0,0.0,2026-05-16,2026-06-26,Lost,"Lead went cold, marking lost.",0
L00864,Neha Singh,neha.singh864@abcsolutions.com,,ABC Solutions,Real Estate,100.0,Marketing Manager,Pune,paid ads,CMP-648,Add-on Module,10k-50k,2.0,4.0,1.0,Yes,1.0,2.0,0.0,1.0,7.4,0.0,1.0,2026-01-11,2026-03-11,Converted,"Great call, moving to won.",1
L00892,Pooja Rao,pooja.rao892@summitindust.com,+91-9403604626,Summit Industries,Education,10.0,IT Manager,Chennai,referral,,Enterprise Plan,<10k,3.0,8.0,1.0,no,2.0,1.0,1.0,2.0,3.5,1.0,0.0,2025-08-25,2025-11-14,Lost,"Budget cut, deal lost.",0
L01039,Pooja Sharma,pooja.sharma1039@abcventures.com,+91-9570073763,ABC Ventures,Education,250.0,VP Sales,Chennai,email campaign,CMP-720,Starter Plan,5L+,5.0,6.0,1.0,Yes,0.0,3.0,2.0,1.0,4.6,0.0,0.0,2025-01-14,2025-04-03,Converted,"Client signed the contract, deal won!",1
L00207,Rohan Sharma,rohan.sharma207@zenithlabs.com,+91-9769559895,Zenith Labs,Education,100.0,Procurement Head,Pune,Paid Ads,CMP-985,Growth Plan,50k-1L,3.0,5.0,0.0,No,2.0,1.0,0.0,3.0,39.6,1.0,0.0,2025-12-05,2026-01-20,Demo Scheduled,Sent pricing info.,
L00393,Rahul Gupta,rahul.gupta393@novalabs.com,+91-9373896801,Nova Labs,Logistics,1000.0,Business Analyst,Pune,social media,,Growth Plan,50k-1L,0.0,5.0,0.0,No,3.0,2.0,1.0,1.0,4.4,0.0,1.0,2025-10-27,2025-11-28,Converted,"Great call, moving to won.",1
L00795,Neha Mehta,neha.mehta795@nimbustechno.com,+91-9147239217,Nimbus Technologies,E-commerce,500.0,Business Analyst,Chennai,Email,CMP-329,Add-on Module,50k-1L,4.0,8.0,0.0,N,2.0,0.0,1.0,3.0,6.5,1.0,3.0,2025-12-09,2026-01-15,Converted,Deal closed successfully.,1
L00871,Sanjay Iyer,sanjay.iyer871@vertexindust.com,+91-9515810224,Vertex Industries,Retail,5.0,CEO,Remote,Organic,,Enterprise Plan,n/a,3.0,5.0,1.0,No,3.0,1.0,2.0,0.0,26.2,0.0,1.0,2024-04-02,2024-06-30,Lost,"No response, closing as lost.",0
L00398,Divya Kapoor,divya.kapoor398@primeindustr.com,+91-9136167849,Prime Industries,Retail,5.0,Business Analyst,Mumbai,website,,Enterprise Plan,10k-50k,2.0,5.0,1.0,No,1.0,2.0,0.0,5.0,6.6,2.0,0.0,2025-10-16,2025-11-14,Lost,"No response, closing as lost.",0
L00767,Arjun Reddy,arjun.reddy767alphatechnol.com,+91-9294173423,Alpha Technologies,Education,5.0,Procurement Head,Ahmedabad,Referral,,Add-on Module,10k-50k,7.0,7.0,4.0,Yes,2.0,0.0,0.0,5.0,23.2,0.0,1.0,2025-02-28,2025-03-15,Converted,"Client signed the contract, deal won!",1
L01146,Rohan Kapoor,rohan.kapoor1146@xyzventures.com,+91-9659746137,XYZ Ventures,Media,25.0,CEO,Chennai,web site,,Add-on Module,50k-1L,5.0,9.0,2.0,Y,0.0,0.0,0.0,2.0,7.9,3.0,1.0,2024-03-17,2024-04-27,Converted,"Client signed the contract, deal won!",1
L01029,Isha Das,isha.das1029@abcsoftware.com,+91-9708263154,ABC Software,Logistics,1000.0,Business Analyst,Delhi,FB/Insta,,Enterprise Plan,50k-1L,10.0,12.0,2.0,No,3.0,0.0,0.0,3.0,9.1,2.0,0.0,2025-04-01,2025-04-21,Converted,"Great call, moving to won.",1
L00643,Rajesh Singh,rajesh.singh643@orbitventure.com,+91-9508505993,Orbit Ventures,Real Estate,50.0,Procurement Head,Ahmedabad,Email Campaign,CMP-640,Starter Plan,50k-1L,2.0,7.0,0.0,No,2.0,2.0,1.0,2.0,0.3,1.0,0.0,2025-07-27,2025-09-05,Lost,"No response, closing as lost.",0
L00613,Vikram Rao,vikram.rao613@nimbussystem.com,+91-9706096613,Nimbus Systems,Media,50.0,Director,Remote,Email Campaign,CMP-654,Starter Plan,50k-1L,2.0,8.0,1.0,Yes,2.0,1.0,1.0,1.0,1.9,0.0,0.0,2024-04-09,2024-05-23,Lost,"Budget cut, deal lost.",0
L00961,Vikram Das,vikram.das961@vertexlabs.com,+91-9823065329,Vertex Labs,Manufacturing,500.0,Marketing Manager,Pune,Social,,Starter Plan,1L-5L,5.0,10.0,1.0,No,4.0,1.0,4.0,3.0,40.0,1.0,0.0,2025-05-14,2025-07-12,New,Follow-up scheduled.,
L00726,Vikram Das,vikram.das726@abcnetworks.com,+91-9214267481,ABC Networks,Retail,100.0,Founder,Remote,web site,,Add-on Module,50k-1L,7.0,9.0,1.0,No,5.0,1.0,0.0,0.0,1.4,2.0,0.0,2024-01-15,2024-01-22,Lost,"No response, closing as lost.",0
L00684,Sanjay Kulkarni,sanjay.kulkarni684@orbitindustr.com,+91-9822488330,Orbit Industries,Logistics,10.0,Sales Manager,Bangalore,Organic,,Add-on Module,<10k,4.0,8.0,2.0,No,0.0,1.0,2.0,1.0,5.8,1.0,0.0,2024-11-23,2025-03-17,Converted,Deal closed successfully.,1
L00099,Amit Singh,amit.singh99@alphanetwork.com,+91-9857817581,Alpha Networks,Healthcare,500.0,VP Sales,Remote,PPC,CMP-600,Starter Plan,<10k,6.0,10.0,2.0,Yes,1.0,0.0,1.0,1.0,2.3,1.0,1.0,2025-10-18,2026-01-04,Converted,"Client signed the contract, deal won!",1
L00805,Rohan Nair,rohan.nair805@alphasystems.com,+91-9470620665,Alpha Systems,Real Estate,25.0,Operations Manager,Remote,email campaign,CMP-167,Add-on Module,n/a,7.0,9.0,1.0,No,1.0,1.0,0.0,0.0,14.1,1.0,0.0,2025-04-06,2025-07-26,Contacted,Waiting on demo.,
L00407,Vikram Singh,vikram.singh407@brightventur.com,+91-9762184980,Bright Ventures,Manufacturing,1000.0,Marketing Manager,Kolkata,Organic Search,,Starter Plan,10k-50k,5.0,7.0,2.0,yes,3.0,0.0,0.0,2.0,3.4,4.0,0.0,2024-06-20,2024-09-10,Converted,"Great call, moving to won.",1
L00503,Isha Reddy,isha.reddy503@blueventures.com,+91-9456434944,Blue Ventures,Real Estate,500.0,IT Manager,Mumbai,Social,,Starter Plan,50k-1L,2.0,6.0,1.0,yes,0.0,0.0,1.0,1.0,8.6,2.0,0.0,2026-07-01,2026-07-16,Lost,"Budget cut, deal lost.",0
L01072,Arjun Singh,arjun.singh1072@summitenterp.com,+91-9865104404,Summit Enterprises,Media,5.0,Operations Manager,Mumbai,Google Ads,CMP-360,Starter Plan,<10k,4.0,5.0,0.0,Yes,3.0,1.0,3.0,1.0,28.4,2.0,0.0,2025-02-11,2025-02-12,Demo Scheduled,Follow-up scheduled.,
L01057,Rajesh Gupta,rajesh.gupta1057@summitglobal.com,+91-9769042857,Summit Global,Logistics,10.0,IT Manager,Jaipur,Organic,,Growth Plan,10k-50k,6.0,9.0,2.0,no,2.0,2.0,1.0,1.0,8.2,1.0,1.0,2024-12-16,2024-12-17,Converted,"Client signed the contract, deal won!",1
L00930,Anjali Rao,anjali.rao930@xyzventures.com,+91-9515446711,XYZ Ventures,Healthcare,500.0,Director,Pune,Email,CMP-277,Enterprise Plan,10000-50000,4.0,7.0,0.0,No,2.0,3.0,1.0,1.0,25.9,0.0,1.0,2025-11-26,2026-01-02,Converted,"Client signed the contract, deal won!",1
L00780,Sneha Singh,sneha.singh780@primelabs.com,+91-9401630669,Prime Labs,Retail,100.0,Procurement Head,Bangalore,Website,,Add-on Module,1L-5L,5.0,9.0,1.0,No,0.0,0.0,1.0,1.0,,3.0,2.0,2025-05-27,2025-07-14,Lost,"Budget cut, deal lost.",0
L00201,Karan Joshi,karan.joshi201@novasoftware.com,+91-9788516198,Nova Software,Real Estate,100.0,Sales Manager,Bangalore,Social,,Add-on Module,50k-1L,3.0,8.0,1.0,No,2.0,3.0,0.0,0.0,33.6,0.0,0.0,2024-09-06,2024-12-28,Contacted,Waiting on demo.,
L00135,Ritu Joshi,ritu.joshi135@abcsolutions.com,,ABC Solutions,E-commerce,25.0,Business Analyst,Jaipur,Referal,,Enterprise Plan,10000-50000,3.0,7.0,1.0,Yes,1.0,1.0,0.0,3.0,1.5,0.0,0.0,2026-02-10,2026-03-11,Converted,"Client signed the contract, deal won!",1
L01052,Anjali Joshi,anjali.joshi1052@novasolution.com,+91-9965301548,Nova Solutions,Logistics,5.0,Founder,Hyderabad,email campaign,CMP-866,Growth Plan,10k-50k,4.0,6.0,1.0,No,3.0,0.0,0.0,2.0,2.8,1.0,0.0,2025-10-01,2025-12-27,Lost,"No response, closing as lost.",0
L00041,,kavya.das41@summitsoluti.com,+91-9185668784,Summit Solutions,Manufacturing,10.0,Sales Manager,Kolkata,website,,Add-on Module,10k-50k,5.0,7.0,1.0,No,3.0,2.0,1.0,4.0,0.3,3.0,0.0,2025-06-20,2025-07-30,Lost,"Budget cut, deal lost.",0
L01018,,rahul.kapoor1018@alphaindustr.com,+91-9474514652,Alpha Industries,,100.0,IT Manager,Kolkata,Ads,CMP-225,Growth Plan,1L-5L,1.0,4.0,0.0,,2.0,1.0,0.0,2.0,2.4,3.0,2.0,2024-02-07,2024-02-21,Lost,"Budget cut, deal lost.",0
L00231,Sneha Kapoor,sneha.kapoor231@brightenterp.com,+91-9270767205,Bright Enterprises,Healthcare,10.0,Founder,Bangalore,Referal,,Add-on Module,10k-50k,7.0,10.0,1.0,No,2.0,2.0,0.0,3.0,4.7,2.0,3.0,2024-02-14,2024-05-20,Converted,"Client signed the contract, deal won!",1
L00379,Anjali Kapoor,anjali.kapoor379@xyztechnolog.com,+91-9628469320,XYZ Technologies,Manufacturing,10.0,Business Analyst,Jaipur,Social Media,,Enterprise Plan,1L-5L,3.0,5.0,1.0,no,3.0,1.0,2.0,1.0,,0.0,0.0,2024-03-12,2024-04-27,Lost,"No response, closing as lost.",0
L00289,Amit Kulkarni,amit.kulkarni289@orbittechnol.com,+91-9284124783,Orbit Technologies,Manufacturing,100.0,VP Sales,Remote,Social Media,,Enterprise Plan,50k-1L,3.0,6.0,0.0,No,3.0,0.0,2.0,1.0,3.1,0.0,0.0,2024-06-18,2024-08-18,Lost,"Budget cut, deal lost.",0
L00419,Rahul Patel,rahul.patel419@abcsolutions.com,,ABC Solutions,Retail,25.0,Procurement Head,Kolkata,social media,,Enterprise Plan,5L+,3.0,6.0,1.0,No,3.0,3.0,0.0,1.0,9.1,2.0,1.0,2024-08-06,2024-08-14,Converted,"Client signed the contract, deal won!",1
L00392,Neha Gupta,neha.gupta392@nimbusventur.com,+91-9198705865,Nimbus Ventures,Media,500.0,Operations Manager,Bangalore,referral,,Growth Plan,1L-5L,6.0,8.0,1.0,No,1.0,1.0,0.0,5.0,6.6,2.0,0.0,2024-11-22,2024-12-17,Lost,"Lead went cold, marking lost.",0
L00593,Isha Joshi,isha.joshi593@zenithtechno.com,+91-9795277946,Zenith Technologies,Logistics,1000.0,Sales Manager,Kolkata,email campaign,CMP-885,Enterprise Plan,10k-50k,3.0,10.0,2.0,No,1.0,1.0,2.0,4.0,6.6,0.0,1.0,2024-09-23,2024-10-15,Converted,"Client signed the contract, deal won!",1
L01087,Ritu Das,ritu.das1087@novaglobal.com,+91-9951326696,Nova Global,Education,50.0,VP Sales,Jaipur,web site,,Starter Plan,1L-5L,4.0,10.0,1.0,,1.0,2.0,0.0,1.0,9.4,3.0,0.0,2024-03-31,2024-05-31,Lost,"Budget cut, deal lost.",0
L00648,Vikram Patel,vikram.patel648@brightnetwor.com,+91-9690604357,Bright Networks,Media,1000.0,Business Analyst,Pune,Social,,Starter Plan,10000-50000,5.0,7.0,2.0,No,2.0,0.0,1.0,5.0,6.2,5.0,0.0,2025-10-03,2025-10-24,Lost,"Lead went cold, marking lost.",0
L01153,Ritu Gupta,ritu.gupta1153@nimbusindust.com,,Nimbus Industries,Healthcare,500.0,Sales Manager,Ahmedabad,PPC,CMP-679,Growth Plan,10k-50k,3.0,4.0,1.0,Yes,1.0,1.0,0.0,0.0,4.5,0.0,0.0,2025-08-24,2025-12-04,Lost,"No response, closing as lost.",0
L00521,Priya Das,priya.das521@brighttechno.com,+91-9420121858,Bright Technologies,Healthcare,50.0,Business Analyst,Jaipur,SEO,,Enterprise Plan,<10k,7.0,11.0,3.0,yes,2.0,2.0,2.0,3.0,1.9,0.0,0.0,2026-07-26,2026-10-20,Converted,"Great call, moving to won.",1
L00065,Arjun Nair,arjun.nair65@vertexindust.com,+91-9295114730,Vertex Industries,,50.0,CEO,Kolkata,Google Ads,CMP-288,Growth Plan,10k-50k,4.0,9.0,1.0,No,0.0,1.0,0.0,3.0,38.1,0.0,0.0,2025-07-08,2025-09-16,New,Sent pricing info.,
L00015,Manoj Sharma,manoj.sharma15@primelabs.com,+91-9797758722,Prime Labs,Media,5.0,Founder,Delhi,Referal,,Starter Plan,1L-5L,3.0,4.0,1.0,no,3.0,2.0,0.0,2.0,12.8,0.0,0.0,2026-03-27,2026-05-13,Lost,"No response, closing as lost.",0
L01065,Priya Joshi,priya.joshi1065@summitsoftwa.com,+91-9867254196,Summit Software,Finance,250.0,CEO,Mumbai,Referal,,Enterprise Plan,50k-1L,4.0,8.0,3.0,Yes,2.0,2.0,0.0,1.0,17.7,1.0,0.0,2025-05-04,2025-07-24,Demo Scheduled,Follow-up scheduled.,
L00493,Divya Nair,divya.nair493@brightenterp.com,+91-9904700666,Bright Enterprises,Education,5.0,Founder,Delhi,SEO,,Enterprise Plan,1L-5L,5.0,6.0,2.0,No,0.0,0.0,3.0,1.0,41.8,3.0,0.0,2026-06-10,2026-09-30,Lost,"Lead went cold, marking lost.",0
L00380,Isha Iyer,isha.iyer380@xyzsoftware.com,+91-9584111819,XYZ Software,Logistics,5.0,Director,Jaipur,web site,,Enterprise Plan,1L-5L,3.0,8.0,2.0,yes,3.0,0.0,1.0,2.0,31.3,2.0,0.0,2025-07-16,2025-08-16,Qualified,Follow-up scheduled.,
L00188,Rahul Singh,rahul.singh188@vertexsoftwa.com,+91-9205344343,Vertex Software,Real Estate,25.0,Business Analyst,Hyderabad,organic search,,Enterprise Plan,10k-50k,3.0,8.0,0.0,Yes,3.0,1.0,2.0,2.0,18.6,1.0,1.0,2024-09-25,2024-12-16,Converted,"Client signed the contract, deal won!",1
L00764,Sanjay Gupta,sanjay.gupta764@alphaglobal.com,+91-9592593483,Alpha Global,Retail,10.0,Director,Kolkata,Email Campaign,CMP-438,Add-on Module,10k-50k,6.0,10.0,2.0,No,1.0,0.0,2.0,3.0,14.6,3.0,0.0,2026-02-27,2026-06-16,Lost,"Lead went cold, marking lost.",0
L00217,Sanjay Patel,,+91-9267133755,XYZ Networks,Real Estate,5.0,Director,Remote,referral,,Starter Plan,10k-50k,6.0,9.0,3.0,Yes,8.0,1.0,0.0,3.0,1.5,2.0,0.0,2025-04-17,2025-04-23,Converted,Deal closed successfully.,1
L00792,Pooja Joshi,,+91-9488883266,Orbit Global,Education,5.0,IT Manager,Hyderabad,referral,,Enterprise Plan,10k-50k,2.0,3.0,0.0,No,4.0,1.0,0.0,0.0,1.4,0.0,3.0,2026-07-30,2026-09-01,Converted,Deal closed successfully.,1
L01077,Priya Sharma,priya.sharma1077@abcglobal.com,+91-9286099523,ABC Global,Retail,5.0,CEO,Delhi,Paid Ads,CMP-328,Growth Plan,10000-50000,5.0,6.0,0.0,No,3.0,1.0,0.0,1.0,0.9,2.0,1.0,2025-08-11,2025-09-02,Converted,Deal closed successfully.,1
L00879,Rahul Das,rahul.das879@summitsoluti.com,+91-9969542355,Summit Solutions,Logistics,250.0,Founder,Chennai,Referal,,Add-on Module,50k-1L,9.0,9.0,2.0,Yes,2.0,2.0,0.0,2.0,10.1,1.0,0.0,2024-03-12,2024-05-09,Contacted,,
L00338,Isha Kapoor,isha.kapoor338@orbitsystems.com,+91-9673600991,Orbit Systems,Finance,500.0,IT Manager,Pune,PPC,CMP-993,Add-on Module,<10k,6.0,6.0,3.0,Yes,3.0,2.0,1.0,2.0,4.3,1.0,1.0,2024-11-06,2024-12-11,Converted,"Client signed the contract, deal won!",1
L00720,Divya Nair,,+91-9631276914,Alpha Technologies,SaaS,25.0,Marketing Manager,Jaipur,FB/Insta,,Growth Plan,5L+,5.0,7.0,1.0,Yes,4.0,2.0,1.0,2.0,16.8,2.0,0.0,2024-04-25,2024-05-05,Lost,"Lead went cold, marking lost.",0
L00296,Arjun Nair,,+91-9266444069,Summit Industries,Education,250.0,Sales Manager,Bangalore,paid ads,CMP-507,Growth Plan,10000-50000,3.0,5.0,0.0,,2.0,0.0,0.0,2.0,8.3,1.0,0.0,2025-10-25,2025-10-29,Lost,"Budget cut, deal lost.",0
L01017,Manoj Verma,manoj.verma1017@bluesolution.com,+91-9823383649,Blue Solutions,Real Estate,10.0,Sales Manager,Remote,referral,,Growth Plan,<10k,6.0,8.0,1.0,No,3.0,2.0,3.0,3.0,3.9,2.0,0.0,2026-04-14,2026-07-29,Converted,Deal closed successfully.,1
L00456,Sneha Kapoor,sneha.kapoor456@novaglobal.com,+91-9867377225,Nova Global,Manufacturing,50.0,CEO,Pune,email campaign,CMP-149,Starter Plan,<10k,2.0,4.0,1.0,Yes,0.0,3.0,1.0,0.0,11.2,1.0,2.0,2024-03-02,2024-06-22,Converted,"Client signed the contract, deal won!",1
L00816,Arjun Rao,arjun.rao816@zenithtechno.com,+91-9168418181,Zenith Technologies,SaaS,100.0,Director,Ahmedabad,Social,,Add-on Module,50k-1L,3.0,4.0,0.0,No,1.0,2.0,0.0,1.0,29.5,0.0,1.0,2025-02-16,2025-05-10,Qualified,Follow-up scheduled.,
L00270,Sanjay Kapoor,sanjay.kapoor270@blueglobal.com,+91-9119182514,Blue Global,Retail,250.0,Director,Remote,Organic Search,,Starter Plan,5L+,4.0,5.0,0.0,Y,3.0,2.0,0.0,1.0,37.5,1.0,0.0,2025-06-05,2025-06-12,Converted,"Great call, moving to won.",1
L00996,Rahul Patel,rahul.patel996@zenithventur.com,+91-9369068453,Zenith Ventures,SaaS,25.0,Operations Manager,Ahmedabad,Email,CMP-199,Add-on Module,1L-5L,3.0,5.0,0.0,No,3.0,2.0,0.0,2.0,12.1,0.0,0.0,2026-01-06,2026-02-24,Converted,"Great call, moving to won.",1
L00202,Neha Iyer,neha.iyer202@zenithsystem.com,+91-9674821342,Zenith Systems,E-commerce,5.0,Marketing Manager,Bangalore,Referal,,Growth Plan,10k-50k,0.0,3.0,0.0,No,1.0,1.0,3.0,1.0,0.9,0.0,2.0,2024-07-22,2024-10-10,Converted,"Client signed the contract, deal won!",1
L00162,Amit Iyer,amit.iyer162@alphasolutio.com,+91-9304585597,Alpha Solutions,Finance,10.0,CEO,Hyderabad,referral,,Growth Plan,1L-5L,9.0,12.0,3.0,No,4.0,0.0,1.0,3.0,0.0,0.0,2.0,2025-11-03,2025-12-21,Converted,"Client signed the contract, deal won!",1
L00730,Neha Iyer,neha.iyer730@vertexsoluti.com,+91-9652773110,Vertex Solutions,E-commerce,10.0,Operations Manager,Jaipur,PPC,CMP-524,Starter Plan,10000-50000,5.0,9.0,3.0,No,1.0,3.0,0.0,3.0,13.4,2.0,1.0,2026-07-18,2026-09-29,Converted,"Great call, moving to won.",1
L00402,Neha Rao,neha.rao402@nimbusenterp.com,+91-9682258251,Nimbus Enterprises,E-commerce,10.0,Marketing Manager,Kolkata,Website,,Starter Plan,10k-50k,3.0,10.0,1.0,No,2.0,1.0,4.0,4.0,0.8,1.0,0.0,2025-12-27,2026-04-04,Qualified,Waiting on demo.,
L00703,Suresh Kulkarni,suresh.kulkarni703@zenithnetwor.com,+91-9741603531,Zenith Networks,Manufacturing,50.0,Director,Chennai,Email,CMP-657,Enterprise Plan,10k-50k,3.0,6.0,1.0,No,7.0,1.0,1.0,1.0,17.8,4.0,1.0,2024-11-16,2025-03-11,Converted,"Great call, moving to won.",1
L01130,Divya Sharma,divya.sharma1130@brightnetwor.com,+91-9258083802,Bright Networks,Logistics,50.0,Business Analyst,Bangalore,Social,,Enterprise Plan,1L-5L,2.0,2.0,0.0,Yes,1.0,2.0,0.0,2.0,2.0,3.0,0.0,2025-11-08,2025-12-26,Converted,"Great call, moving to won.",1
L00566,Rajesh Kapoor,rajesh.kapoor566@novasolution.com,,Nova Solutions,Real Estate,50.0,Sales Manager,Ahmedabad,SEO,,Add-on Module,1L-5L,6.0,6.0,2.0,No,0.0,0.0,2.0,6.0,5.2,0.0,3.0,2025-09-04,2025-12-22,Converted,"Client signed the contract, deal won!",1
L01022,Suresh Sharma,suresh.sharma1022@primelabs.com,+91-9304959542,Prime Labs,Real Estate,100.0,Founder,Delhi,email campaign,CMP-369,Starter Plan,1L-5L,10.0,13.0,2.0,No,2.0,1.0,0.0,2.0,15.3,0.0,0.0,2025-08-01,2025-10-24,Converted,Deal closed successfully.,1
L01026,Rajesh Patel,rajesh.patel1026@zenithnetwor.com,+91-9831400390,Zenith Networks,Media,25.0,CEO,Kolkata,Organic Search,,Enterprise Plan,1L-5L,6.0,11.0,1.0,No,2.0,1.0,3.0,3.0,2.4,2.0,0.0,2025-12-17,2025-12-22,New,Sent pricing info.,
L01105,Isha Das,isha.das1105@vertexsoftwa.com,+91-9389707228,Vertex Software,Real Estate,10.0,Director,Pune,Social,,Enterprise Plan,NA,8.0,13.0,4.0,Yes,1.0,0.0,2.0,5.0,5.6,0.0,0.0,2026-06-09,2026-09-06,Converted,"Client signed the contract, deal won!",1
L00206,Pooja Verma,pooja.verma206@zenithglobal.com,+91-9912347297,Zenith Global,Real Estate,25.0,Procurement Head,Kolkata,Web,,Enterprise Plan,1L-5L,3.0,8.0,0.0,Yes,1.0,2.0,2.0,2.0,7.5,0.0,1.0,2024-08-03,2024-10-07,New,Waiting on demo.,
L00035,Sneha Rao,sneha.rao35@xyznetworks.com,+91-9787119231,XYZ Networks,Healthcare,25.0,Marketing Manager,Bangalore,social media,,Starter Plan,50k-1L,5.0,8.0,1.0,Yes,1.0,1.0,0.0,6.0,40.2,2.0,0.0,2024-03-07,2024-04-04,Lost,"No response, closing as lost.",0
L00776,Sanjay Patel,sanjay.patel776@primesoftwar.com,+91-9425952581,Prime Software,Real Estate,10.0,IT Manager,Mumbai,referral,,Growth Plan,1L-5L,-3.0,-1.0,0.0,Yes,2.0,1.0,0.0,2.0,9.7,0.0,0.0,2025-02-07,2025-03-18,Lost,"Budget cut, deal lost.",0
L00509,Anjali Patel,anjali.patel509@vertexlabs.com,+91-9501653114,Vertex Labs,E-commerce,5.0,VP Sales,Bangalore,referral,,Add-on Module,50k-1L,5.0,8.0,3.0,Yes,3.0,0.0,0.0,2.0,3.5,2.0,1.0,2025-09-07,2025-11-28,Converted,"Client signed the contract, deal won!",1
L09006,Kavya Iyer,KAVYA.IYER253@SUMMITENTERP.COM,+91-9364775915,Summit Enterprises,SaaS,500.0,Business Analyst,Bangalore,Google Ads,CMP-604,Enterprise Plan,50k-1L,3.0,6.0,0.0,No,0.0,0.0,1.0,0.0,2.9,0.0,1.0,2026-04-18,2026-04-15,Lost,"Lead went cold, marking lost.",0
L00092,Karan Das,karan.das92@alphanetwork.com,+91-9834851555,Alpha Networks,Logistics,50.0,Marketing Manager,Remote,referral,,Add-on Module,50k-1L,3.0,7.0,2.0,No,1.0,1.0,0.0,4.0,32.0,2.0,3.0,2024-06-18,2024-07-30,Converted,"Client signed the contract, deal won!",1
L00898,Manoj Sharma,,+91-9924649045,Blue Networks,Manufacturing,10.0,Founder,Chennai,Social,,Starter Plan,1L-5L,3.0,10.0,1.0,,0.0,1.0,0.0,2.0,15.7,0.0,2.0,2025-12-21,2026-02-02,Lost,"Lead went cold, marking lost.",0
L00565,Ritu Singh,ritu.singh565@orbitlabs.com,+91-9318634473,Orbit Labs,Healthcare,500.0,Procurement Head,Jaipur,organic search,,Add-on Module,1L-5L,5.0,7.0,0.0,No,2.0,1.0,1.0,3.0,13.0,0.0,1.0,2025-06-29,2025-09-11,Converted,"Client signed the contract, deal won!",1
L00777,Rahul Kulkarni,rahul.kulkarni777@abclabs.com,+91-9718312431,ABC Labs,Finance,-10.0,Sales Manager,Ahmedabad,Social,,Add-on Module,10000-50000,4.0,6.0,2.0,No,2.0,1.0,0.0,0.0,6.0,1.0,0.0,2025-06-30,2025-07-06,Lost,"No response, closing as lost.",0
L00242,Sneha Singh,sneha.singh242@bluetechnolo.com,+91-9603235395,Blue Technologies,Logistics,1000.0,Operations Manager,Ahmedabad,email campaign,CMP-446,Starter Plan,5L+,4.0,6.0,1.0,no,3.0,1.0,0.0,4.0,,0.0,2.0,2024-02-12,2024-04-28,Converted,Deal closed successfully.,1
L00014,Divya Sharma,divya.sharma14@primenetwork.com,+91-9339487704,Prime Networks,Media,250.0,VP Sales,Ahmedabad,Organic Search,,Growth Plan,n/a,1.0,10.0,1.0,Yes,3.0,3.0,1.0,3.0,,3.0,1.0,2024-01-24,2024-04-15,Converted,Deal closed successfully.,1
L00316,Sneha Sharma,,+91-9137962643,Nimbus Software,Finance,10.0,Sales Manager,Delhi,Web,,Starter Plan,1L-5L,9.0,11.0,3.0,No,0.0,1.0,1.0,1.0,,1.0,0.0,2025-06-22,2025-08-06,Lost,"No response, closing as lost.",0
L00601,Karan Das,karan.das601@brightglobal.com,+91-9201966489,Bright Global,Healthcare,1000.0,Operations Manager,Delhi,SEO,,Add-on Module,10k-50k,4.0,6.0,0.0,Yes,6.0,2.0,2.0,1.0,14.9,2.0,1.0,2025-10-21,2025-12-07,Converted,"Client signed the contract, deal won!",1
L00388,Isha Singh,,+91-9488227073,Vertex Ventures,Retail,10.0,Marketing Manager,Delhi,referral,,Add-on Module,10k-50k,3.0,8.0,2.0,no,2.0,0.0,3.0,1.0,0.3,2.0,0.0,2025-11-10,2025-11-11,Lost,"No response, closing as lost.",0
L00167,Sneha Rao,sneha.rao167@summitlabs.com,+91-9763538067,Summit Labs,Education,1000.0,VP Sales,Remote,Email,CMP-163,Add-on Module,50k-1L,5.0,8.0,0.0,Yes,1.0,1.0,3.0,3.0,6.7,2.0,2.0,2025-09-14,2025-10-01,Converted,"Client signed the contract, deal won!",1
L00841,Neha Sharma,neha.sharma841alphasystems.com,+91-9118050847,Alpha Systems,Logistics,500.0,Director,Kolkata,Referral,,Starter Plan,<10k,4.0,6.0,1.0,No,3.0,1.0,0.0,2.0,22.6,1.0,0.0,2025-02-24,2025-05-29,Demo Scheduled,,
L00021,Meera Verma,meera.verma21@brightglobal.com,+91-9765830940,Bright Global,E-commerce,5.0,Sales Manager,Ahmedabad,Paid Ads,CMP-188,Growth Plan,10000-50000,3.0,7.0,0.0,No,6.0,0.0,0.0,1.0,16.1,1.0,0.0,2025-12-12,2026-01-22,Contacted,Follow-up scheduled.,
L00647,Priya Verma,priya.verma647@vertexsoluti.com,+91-9460292290,Vertex Solutions,SaaS,500.0,Procurement Head,Jaipur,Social Media,,Enterprise Plan,<10k,2.0,4.0,0.0,No,4.0,1.0,0.0,0.0,8.4,0.0,1.0,2024-06-25,2024-09-18,Lost,"Budget cut, deal lost.",0
L01155,Anjali Reddy,anjali.reddy1155@brightglobal.com,+91-9621652773,Bright Global,Education,100.0,VP Sales,Delhi,WEBSITE,,Growth Plan,unknown,3.0,7.0,2.0,No,2.0,0.0,0.0,1.0,8.4,0.0,0.0,2024-06-22,2024-10-18,Converted,Deal closed successfully.,1
L00832,Arjun Gupta,arjun.gupta832@zenithlabs.com,+91-9385944776,Zenith Labs,E-commerce,250.0,CEO,Delhi,Organic,,Enterprise Plan,5L+,6.0,8.0,2.0,No,1.0,2.0,0.0,5.0,24.1,1.0,3.0,2025-07-05,2025-10-02,Converted,"Client signed the contract, deal won!",1
L00563,Rajesh Mehta,rajesh.mehta563@novaenterpri.com,+91-9621739352,Nova Enterprises,Education,250.0,Director,Delhi,Social Media,,Starter Plan,10k-50k,7.0,10.0,1.0,Yes,4.0,0.0,1.0,3.0,21.0,4.0,0.0,2024-11-23,2025-01-05,Lost,"Budget cut, deal lost.",0
L00350,Rajesh Nair,rajesh.nair350@primesystems.com,+91-9868800615,Prime Systems,SaaS,500.0,Procurement Head,Bangalore,Email,CMP-557,Growth Plan,,2.0,5.0,0.0,Yes,2.0,1.0,1.0,0.0,,2.0,0.0,2024-10-18,2024-11-13,Lost,"Lead went cold, marking lost.",0
L00687,Amit Rao,,+91-9846649362,Bright Networks,Healthcare,50.0,IT Manager,Pune,paid ads,CMP-532,Enterprise Plan,10k-50k,3.0,6.0,1.0,Yes,0.0,2.0,0.0,1.0,12.6,2.0,1.0,2024-09-20,2024-12-07,Converted,Deal closed successfully.,1
L00958,Kavya Sharma,kavya.sharma958@nimbustechno.com,+91-9454278372,Nimbus Technologies,Retail,100.0,Business Analyst,Jaipur,Social,,Growth Plan,50k-1L,7.0,8.0,2.0,Y,1.0,0.0,0.0,1.0,,1.0,0.0,2024-10-16,2024-11-29,Lost,"No response, closing as lost.",0
L00190,Pooja Singh,pooja.singh190@nimbusenterp.com,+91-9552820502,Nimbus Enterprises,Finance,5.0,IT Manager,Mumbai,Google Ads,CMP-869,Add-on Module,1L-5L,4.0,5.0,1.0,No,0.0,2.0,1.0,2.0,,5.0,2.0,2024-09-21,2024-11-10,Lost,"Lead went cold, marking lost.",0
L00976,Rahul Verma,rahul.verma976@summitnetwor.com,+91-9124986335,Summit Networks,Real Estate,100.0,Director,Mumbai,Referral,,Growth Plan,10k-50k,3.0,5.0,0.0,Yes,2.0,1.0,2.0,2.0,8.0,2.0,1.0,2026-04-30,2026-07-14,Proposal,Follow-up scheduled.,
L00700,Neha Patel,neha.patel700@novaglobal.com,+91-9280915989,Nova Global,Healthcare,5.0,CEO,Jaipur,Organic,,Starter Plan,50k-1L,6.0,9.0,2.0,No,2.0,2.0,3.0,4.0,13.2,0.0,1.0,2026-06-04,2026-08-14,Converted,"Great call, moving to won.",1
L00511,Ritu Joshi,ritu.joshi511@novasoftware.com,,Nova Software,E-commerce,1000.0,Founder,Chennai,Social,,Starter Plan,1L-5L,4.0,10.0,1.0,No,2.0,1.0,1.0,2.0,0.2,2.0,1.0,2024-08-01,2024-11-06,Lost,"Budget cut, deal lost.",0
L01083,Anjali Singh,anjali.singh1083@bluesystems.com,+91-9111312593,Blue Systems,Media,250.0,Operations Manager,Bangalore,Email,CMP-444,Enterprise Plan,50k-1L,10.0,13.0,2.0,No,4.0,0.0,2.0,1.0,47.1,2.0,0.0,2025-07-07,2025-08-21,Lost,"Lead went cold, marking lost.",0
L00475,Manoj Patel,manoj.patel475@alphalabs.com,+91-9724285806,Alpha Labs,Real Estate,250.0,IT Manager,Pune,Email,CMP-116,Enterprise Plan,50k-1L,2.0,8.0,0.0,No,2.0,1.0,0.0,0.0,1.8,2.0,1.0,2026-02-08,2026-03-07,New,Sent pricing info.,
L00857,Karan Mehta,karan.mehta857@orbitlabs.com,+91-9717876305,Orbit Labs,Real Estate,1000.0,Director,Kolkata,SEO,,Starter Plan,<10k,3.0,7.0,0.0,Yes,1.0,2.0,1.0,1.0,17.9,0.0,0.0,2026-01-14,2026-04-23,Converted,Deal closed successfully.,1
L00748,Pooja Nair,pooja.nair748@novaindustri.com,+91-9300131777,Nova Industries,Education,100.0,IT Manager,Bangalore,SEO,,Starter Plan,10k-50k,1.0,1.0,1.0,no,1.0,1.0,0.0,5.0,7.6,1.0,0.0,2024-02-08,2024-05-02,Converted,"Client signed the contract, deal won!",1
L00253,Kavya Iyer,kavya.iyer253@summitenterp.com,+91-9364775915,Summit Enterprises,SaaS,500.0,Business Analyst,Bangalore,Google Ads,CMP-604,Enterprise Plan,50k-1L,3.0,6.0,0.0,No,0.0,0.0,1.0,0.0,2.9,0.0,1.0,2026-04-09,2026-04-15,Lost,"Lead went cold, marking lost.",0
L00022,Anjali Verma,anjali.verma22@summitsoluti.com,+91-9164579684,Summit Solutions,SaaS,10.0,Business Analyst,Pune,SEO,,Enterprise Plan,10k-50k,6.0,8.0,4.0,no,3.0,1.0,1.0,0.0,17.2,1.0,1.0,2024-04-04,2024-04-25,Converted,"Great call, moving to won.",1
L00460,Pooja Kapoor,pooja.kapoor460@orbitnetwork.com,+91-9284035364,Orbit Networks,Media,250.0,Business Analyst,Ahmedabad,email campaign,CMP-283,Add-on Module,1L-5L,5.0,9.0,0.0,No,2.0,1.0,1.0,2.0,1.4,1.0,1.0,2025-03-27,2025-02-25,Lost,"No response, closing as lost.",0
L01185,Amit Sharma,amit.sharma1185@summitsoftwa.com,+91-9966717102,Summit Software,Real Estate,100.0,Operations Manager,Remote,social media,,Growth Plan,1L-5L,6.0,11.0,1.0,No,0.0,2.0,0.0,0.0,4.4,1.0,1.0,2024-05-04,2024-07-06,Lost,"Lead went cold, marking lost.",0
L00277,Ritu Mehta,ritu.mehta277@xyzglobal.com,+91-9336187908,XYZ Global,Retail,50.0,Operations Manager,Kolkata,Email,CMP-230,Enterprise Plan,50k-1L,5.0,7.0,2.0,No,4.0,1.0,0.0,2.0,0.9,1.0,0.0,2024-05-25,2024-09-21,Lost,"No response, closing as lost.",0
L00956,Rajesh Singh,rajesh.singh956@alphaglobal.com,+91-9637416902,Alpha Global,Media,0.0,Marketing Manager,Remote,Organic Search,,Enterprise Plan,50k-1L,7.0,10.0,3.0,No,3.0,0.0,0.0,2.0,,0.0,1.0,2026-05-25,2026-08-30,Lost,"Budget cut, deal lost.",0
L01197,Rajesh Patel,rajesh.patel1197@nimbussoluti.com,+91-9120743425,Nimbus Solutions,E-commerce,-10.0,Operations Manager,Kolkata,Organic,,Starter Plan,<10k,4.0,7.0,3.0,yes,2.0,1.0,1.0,3.0,30.9,0.0,1.0,2025-07-24,2025-10-31,Converted,Deal closed successfully.,1
L00386,,anjali.das386@vertextechno.com,+91-9740354716,Vertex Technologies,Finance,1000.0,IT Manager,Bangalore,Ads,CMP-162,Starter Plan,<10k,6.0,8.0,3.0,Yes,2.0,1.0,0.0,2.0,9.0,1.0,3.0,2025-09-09,2025-10-15,Contacted,,
L00806,Kavya Kulkarni,kavya.kulkarni806@primesolutio.com,+91-9702777572,Prime Solutions,Retail,50.0,Procurement Head,Hyderabad,Ads,CMP-566,Starter Plan,50k-1L,3.0,4.0,1.0,No,1.0,1.0,0.0,3.0,4.5,2.0,1.0,2024-02-24,2024-03-25,Lost,"Budget cut, deal lost.",0
L00344,Amit Reddy,amit.reddy344@brightventur.com,+91-9340467855,Bright Ventures,Finance,100.0,Business Analyst,Jaipur,Google Ads,CMP-588,Growth Plan,<10k,3.0,5.0,1.0,No,2.0,1.0,0.0,0.0,10.3,2.0,2.0,2025-11-23,2026-02-25,Lost,"Budget cut, deal lost.",0
L00770,Meera Reddy,meera.reddy770@vertexsystem.com,+91-9700329031,Vertex Systems,Real Estate,10.0,Director,Bangalore,PPC,CMP-292,Add-on Module,unknown,4.0,7.0,1.0,No,2.0,1.0,2.0,0.0,3.4,1.0,1.0,2025-07-20,2025-10-19,Lost,"No response, closing as lost.",0
L00131,Sneha Kapoor,sneha.kapoor131@alphatechnol.com,+91-9178860619,Alpha Technologies,SaaS,50.0,VP Sales,Mumbai,email campaign,CMP-375,Add-on Module,1L-5L,4.0,6.0,0.0,No,1.0,0.0,3.0,2.0,62.2,2.0,1.0,2025-04-23,2025-05-01,Demo Scheduled,,
L00872,Meera Gupta,,+91-9956149427,Prime Systems,Media,500.0,Business Analyst,Mumbai,Paid Ads,CMP-694,Enterprise Plan,10k-50k,5.0,8.0,2.0,No,3.0,2.0,1.0,2.0,0.9,1.0,0.0,2025-05-15,2025-05-30,Converted,Deal closed successfully.,1
L01124,Isha Patel,isha.patel1124@nimbussoluti.com,+91-9705476945,Nimbus Solutions,Healthcare,100.0,CEO,Remote,Referral,,Enterprise Plan,5L+,2.0,5.0,1.0,no,1.0,1.0,0.0,4.0,5.1,2.0,0.0,2025-10-25,2025-11-03,Lost,"No response, closing as lost.",0
L00088,Suresh Nair,suresh.nair88@zenithindust.com,+91-9570851163,Zenith Industries,Retail,50.0,Marketing Manager,Bangalore,Social,,Starter Plan,50k-1L,4.0,6.0,0.0,Yes,2.0,3.0,0.0,4.0,0.2,3.0,0.0,2026-02-03,2026-02-06,Converted,"Great call, moving to won.",1
L00331,Karan Verma,karan.verma331@summitindust.com,+91-9349564976,Summit Industries,Media,25.0,Founder,Hyderabad,FB/Insta,,Enterprise Plan,1L-5L,6.0,11.0,1.0,No,5.0,1.0,1.0,1.0,11.4,0.0,0.0,2024-09-12,2024-10-14,Lost,"No response, closing as lost.",0
L09013,Divya Singh,DIVYA.SINGH722@XYZSYSTEMS.COM,+91-9743177218,XYZ Systems,Education,250.0,CEO,Kolkata,email campaign,CMP-795,Growth Plan,10k-50k,4.0,6.0,0.0,No,2.0,0.0,0.0,0.0,8.6,2.0,2.0,2025-03-31,2025-05-07,Converted,"Client signed the contract, deal won!",1
L00467,Isha Rao,isha.rao467@orbittechnol.com,,Orbit Technologies,Healthcare,25.0,Business Analyst,Remote,Google Ads,CMP-544,Enterprise Plan,1L-5L,4.0,8.0,1.0,No,4.0,0.0,0.0,1.0,18.2,0.0,0.0,2024-03-16,2024-06-06,Demo Scheduled,,
L00122,Priya Verma,priya.verma122@vertexglobal.com,+91-9494182651,Vertex Global,Logistics,1000.0,Marketing Manager,Hyderabad,referral,,Add-on Module,n/a,3.0,10.0,3.0,Yes,3.0,2.0,0.0,2.0,5.9,1.0,0.0,2026-05-03,2026-07-17,Converted,Deal closed successfully.,1
L01045,Sneha Rao,sneha.rao1045@zenithglobal.com,+91-9926857256,Zenith Global,SaaS,500.0,VP Sales,Chennai,Web,,Add-on Module,10k-50k,10.0,12.0,2.0,Yes,0.0,2.0,1.0,1.0,10.1,3.0,3.0,2025-12-24,2026-03-27,Converted,"Client signed the contract, deal won!",1
L01096,Anjali Rao,anjali.rao1096@abcenterpris.com,+91-9912045203,ABC Enterprises,Media,5.0,Director,Pune,Social,,Growth Plan,<10k,6.0,7.0,0.0,Yes,1.0,1.0,1.0,0.0,8.7,1.0,0.0,2025-06-17,2025-09-20,Lost,"Lead went cold, marking lost.",0
L01131,Manoj Verma,,+91-9313249962,XYZ Enterprises,Education,5.0,Procurement Head,Kolkata,WEBSITE,,Starter Plan,5L+,3.0,6.0,1.0,No,0.0,0.0,0.0,0.0,,2.0,1.0,2025-11-04,2025-11-15,Converted,Deal closed successfully.,1
L00861,Priya Iyer,priya.iyer861@summittechno.com,+91-9844220738,Summit Technologies,Education,500.0,Sales Manager,Hyderabad,Ads,CMP-205,Add-on Module,unknown,2.0,3.0,0.0,N,1.0,2.0,2.0,3.0,1.2,1.0,1.0,2024-07-18,2024-10-06,Lost,"No response, closing as lost.",0
L01127,Suresh Mehta,suresh.mehta1127@xyzsolutions.com,+91-9880128306,XYZ Solutions,E-commerce,500.0,Business Analyst,Chennai,Email,CMP-267,Starter Plan,50k-1L,3.0,8.0,1.0,No,1.0,1.0,1.0,1.0,24.9,2.0,0.0,2025-09-10,2025-09-11,Lost,"Lead went cold, marking lost.",0
